wd_id,line_id,line_wd,dipl,word,wd_div,phon,phon_map,syllabified,lang,pos,pos_syn,morph,lemma,lemma_src,lemma_dmf,ref,phil_note,tei_right,tei_left
1,1,1,In,in,_,VN,i.n,/V\N,lat,ETR,ETR,,---,---,,"CantAnn, l. 1",,,<text><body xml:lang=&quot;pro&quot;><pb n=&quot;48r&quot; facs=&quot;https://gallica.bnf.fr/ark:/12148/btv1b6000946s/f103.item&quot;/><lb/><lg xml:lang=&quot;lat&quot; n=&quot;1&quot; type=&quot;stanza&quot; rhyme=&quot;aaab&quot; met=&quot;heptasyllable&quot;><l n=&quot;1>
2,1,2,hoc,hoc,_,QVQ,h.o.c,Q/V\Q,lat,ETR,ETR,,---,---,,"CantAnn, l. 1",,,
3,1,3,anni,anni,–,VNNV,a.n.n.i,'/V\N.N/V\,lat,ETR,ETR,,---,---,,"CantAnn, l. 1",,,
4,1,4,circulo,circulo,–,QVRQVLV,c.i.r.c.u.l.o,'Q/V\R.Q/V\.'L/V\,lat,ETR,ETR,,---,---,,"CantAnn, l. 1",,</l>,
5,2,1,uita,vita,–,QVQV,v.i.t.a,'Q/V\.Q/V\,lat,ETR,ETR,,---,---,,"CantAnn, l. 2",,,<l n=&quot;2&quot;>
6,2,2,datur,datur,–,QVQVR,d.a.t.u.r,'Q/V\.Q/V\R,lat,ETR,ETR,,---,---,,"CantAnn, l. 2",,,
7,2,3,seculo,seculo,–,QVQVLV,s.e.c.u.l.o,'Q/V\.Q/V\.'L/V\,lat,ETR,ETR,,---,---,,"CantAnn, l. 2",,</l>,
8,3,1,natos,natos,_,NVQVQ,n.a.t.o.s,'N/V\.Q/V\Q,lat,ETR,ETR,,---,---,,"CantAnn, l. 3",,,<l n=&quot;3&quot;>
9,3,2,nobis,nobis,–,NVQVQ,n.o.b.i.s,'N/V\.Q/V\Q,lat,ETR,ETR,,---,---,,"CantAnn, l. 3",,,
10,3,3,paruulo,parvulo,–|,QVRQVLV,p.a.r.v.u.l.o,'Q/V\R.Q/V\.'L/V\,lat,ETR,ETR,,---,---,,"CantAnn, l. 3",,</l><lb/>,
11,4,1,De,de,_,QV,d.e,Q/V\,lat,ETR,ETR,,---,---,,"CantAnn, l. 4",,,<l n=&quot;4&quot;>
12,4,2,uirgine,virgine,–,QVRQVNV,v.i.r.g.i.n.e,'Q/V\R.Q/V\.'N/V\,lat,ETR,ETR,,---,---,,"CantAnn, l. 4",,,
13,4,3,maria,maria,–,NVRVV,m.a.r.i.a,N/V\.'R/V\./V\,lat,ETR,ETR,,---,---,,"CantAnn, l. 4",,</l></lg>,
14,5,1,Mei,mei,_,mɛi,m.e.i,,pro,DETpos,DETpos,1pmn,mei2,DOM,,"CantAnn, l. 5",,,<lg n=&quot;2&quot; type=&quot;stanza&quot; rhyme=&quot;aaab&quot; met=&quot;heptasyllable&quot;><l n=&quot;5&quot;>
15,5,2,amic,amic,–,AmiK,a.m.i.c,,pro,NOMcom,NOMcom,pmn,amic,DOM,,"CantAnn, l. 5",,,
16,5,3,e,e,+,E,e,,pro,CONcoo,CONcoo,,e,DOM,,"CantAnn, l. 5",,,
17,5,4,mei,mei,–,mɛi,m.e.i,,pro,DETpos,DETpos,1pmn,mei2,DOM,,"CantAnn, l. 5",,,
18,5,5,fiel,fiel,–,fiɛl,f.i.e.l,,pro,ADJqua,NOMcom,pmn,fezèl,DOM,,"CantAnn, l. 5",,</l>,
19,6,1,laisat,laisat,–,LAisAT,l.a.i.s.a.t,,pro,VERcjg,VERcjg,imp---5,laisar,DOM,,"CantAnn, l. 6",,,<l n=&quot;6&quot;>
20,6,2,estar,estar,–,EStAr,e.s.t.a.r,,pro,VERinf,VERinf,,estar,DOM,,"CantAnn, l. 6",,,
21,6,3,lo,lo,_,LO,l.o,,pro,DETdef,DETdef,smr,lo2,DOM,,"CantAnn, l. 6",,,
22,6,4,ga_zel,gazel,–|,gAzɛl,g.a.z.e.l,,pro,NOMcom,NOMcom,smr,gazèl,DOM,,"CantAnn, l. 6",,</l><lb/>,
23,7,1,aprendet,aprendet,–,AprENdɛT,a.p.r.e.n.d.e.t,,pro,VERcjg,VERcjg,imp---5,apréndre,DOM,,"CantAnn, l. 7",,,<l n=&quot;7&quot;>
24,7,2,u,u,+,y,u,,pro,DETndf,DETndf,smr,uN,DOM,,"CantAnn, l. 7",,,
25,7,3,so,so,_,So,s.o,,pro,NOMcom,NOMcom,smr,sóN,DOM,,"CantAnn, l. 7",,,
26,7,4,noel,noel,–,nOɛl,n.o.e.l,,pro,ADJqua,ADJqua,smr,novèl,DOM,,"CantAnn, l. 7",,</l>,
27,8,1,De,de,+,QV,d.e,Q/V\,lat,ETR,ETR,,---,---,,"CantAnn, l. 8",,,<l xml:lang=&quot;lat&quot; n=&quot;8&quot;>
28,8,2,uir[=uirgine],virgine,_,QVRQVNV,v.i.r.g.i.n.e,'Q/V\R.Q/V\.'N/V\,lat,ETR,ETR,,---,---,,"CantAnn, l. 8",,<supplied reason=&quot;missing&quot;>maria</supplied></l></lg>,
29,9,1,Fons,fons,_,QVNQ,f.o.n.s,Q/V\NQ,lat,ETR,ETR,,---,---,,"CantAnn, l. 9",,,<lg xml:lang=&quot;lat&quot; n=&quot;3&quot; type=&quot;stanza&quot; rhyme=&quot;aaab&quot; met=&quot;heptasyllable&quot;><l n=&quot;9&quot;>
30,9,2,de,de,+,QV,d.e,Q/V\,lat,ETR,ETR,,---,---,,"CantAnn, l. 9",,,
31,9,3,suo,suo,–,QVV,s.u.o,'Q/V\./V\,lat,ETR,ETR,,---,---,,"CantAnn, l. 9",,,
32,9,4,riuulo,rivulo,–,RVQVLV,r.i.v.u.l.o,'R/V\.Q/V\.'L/V\,lat,ETR,ETR,,---,---,,"CantAnn, l. 9",,</l>,
33,10,1,nascitur,nascitur,–,NVQQVQVR,n.a.s.c.i.t.u.r,'N/V\Q.Q/V\.'Q/V\R,lat,ETR,ETR,,---,---,,"CantAnn, l. 10",,,<l n=&quot;10&quot;>
34,10,2,p[ro],pro,_,QRV,p.r.o,QR/V\,lat,ETR,ETR,,---,---,,"CantAnn, l. 10",,,
35,10,3,po–|pulo,populo,–,QVQVLV,p.o.p.u.l.o,'Q/V\.Q/V\.'L/V\,lat,ETR,ETR,,---,---,,"CantAnn, l. 10",,</l><lb/>,
36,11,1,necto,necto,–,NVQQV,n.e.c.t.o,'N/V\Q.Q/V\,lat,ETR,ETR,,---,---,,"CantAnn, l. 11",,,<l n=&quot;11&quot;>
37,11,2,mortis,mortis,–,NVRQVQ,m.o.r.t.i.s,'N/V\R.Q/V\Q,lat,ETR,ETR,,---,---,,"CantAnn, l. 11",,,
38,11,3,uinc[u]lo,vinculo,_,QVNQVLV,v.i.n.c.u.l.o,'Q/V\N.Q/V\.'L/V\,lat,ETR,ETR,,---,---,,"CantAnn, l. 11",,</l>,
39,12,1,De,de,+,QV,d.e,Q/V\,lat,ETR,ETR,,---,---,,"CantAnn, l. 12",,,<l n=&quot;12&quot;>
40,12,2,u[=uirgine],virgine,_,QVRQVNV,v.i.r.g.i.n.e,'Q/V\R.Q/V\.'N/V\,lat,ETR,ETR,,---,---,,"CantAnn, l. 12",,<supplied reason=&quot;missing&quot;>maria</supplied></l></lg>,
41,13,1,L_ais,lais,_,LAiS,l.a.i.s,,pro,VERcjg,VERcjg,subpst3,laisar,DOM,,"CantAnn, l. 13",,,<lg n=&quot;4&quot; type=&quot;stanza&quot; rhyme=&quot;aaab&quot; met=&quot;heptasyllable&quot;><l n=&quot;13&quot;>
42,13,2,l,l,+,L,l,,pro,DETdef,DETdef,smn,lo2,DOM,,"CantAnn, l. 13",,,
43,13,3,om,om,_,Om,o.m,,pro,NOMcom,NOMcom,smn,óme,DOM,,"CantAnn, l. 13",,,
44,13,4,di_re,dire,–,dirE,d.i.r.e,,pro,VERinf,VERinf,,dire,DOM,,"CantAnn, l. 13",,,
45,13,5,chi,chi,_,ki,ch.i,,pro,PRNrel,PRNrel,smn,qui,DOM,,"CantAnn, l. 13",,,
46,13,6,no,no,+,nO,n.o,,pro,ADVneg,ADVneg,,nóN,DOM,,"CantAnn, l. 13",,,
47,13,7,u,u,+,u,u,,pro,PRCper,PRCper,3sma,lo3,DOM,,"CantAnn, l. 13",,,
48,13,8,sab,sab,–,SAP,s.a.b,,pro,VERcjg,VERcjg,indpst3,sabér,DOM,,"CantAnn, l. 13",,</l>,
49,14,1,qu,qu,+,k,qu,,pro,CONsub,CONsub,,que2,DOM,,"CantAnn, l. 14",,,<l n=&quot;14&quot;>
50,14,2,eu,eu,–|,ɛu,e.u,,pro,PRNper,PRNper,1smn,eu,DOM,,"CantAnn, l. 14",,<lb/>,
51,14,3,no,no,+,nO,n.o,,pro,ADVneg,ADVneg,,nóN,DOM,,"CantAnn, l. 14",,,
52,14,4,l,l,–,L,l,,pro,PRCper,PRCper,3sma,lo3,DOM,,"CantAnn, l. 14",,,
53,14,5,dirai,dirai,–,dirAi,d.i.r.a.i,,pro,VERcjg,VERcjg,indfut1,dire,DOM,,"CantAnn, l. 14",,,
54,14,6,ses,ses,_,SeS,s.e.s,,pro,PRE,PRE,,séns,DOM,,"CantAnn, l. 14",,,
55,14,7,nul,nul,_,nyl,n.u.l,,pro,DETind,DETind,smr,nul,DOM,,"CantAnn, l. 14",,,
56,14,8,gab,gab,–,gAP,g.a.b,,pro,NOMcom,NOMcom,smr,gap,DOM,,"CantAnn, l. 14",,</l>,
57,15,1,mout,mout,–,mouT,m.o.u.t,,pro,ADVgen,ADVgen,,mólt,DOM,,"CantAnn, l. 15",,,<l n=&quot;15&quot;>
58,15,2,nen,nen,–,nEN,n.e.n,,pro,PRCadv,PRCadv,,én3,DOM,,"CantAnn, l. 15",lemma_SponsT:236,,
59,15,3,issit,issit,–,isiT,i.ss.i.t,,pro,VERcjg,VERcjg,indpsp3,eisir,DOM,,"CantAnn, l. 15",,,
60,15,4,a,a,+,A,a,,pro,PRE,PRE,,a2,DOM,,"CantAnn, l. 15",,,
61,15,5,bo,bo,_,bo,b.o,,pro,ADJqua,ADJqua,smr,bóN,DOM,,"CantAnn, l. 15",,,
62,15,6,chab,chab,_,ċAP,ch.a.b,,pro,NOMcom,NOMcom,smr,cap,DOM,,"CantAnn, l. 15",,</l>,
63,16,1,De,de,_,QV,d.e,Q/V\,lat,ETR,ETR,,---,---,,"CantAnn, l. 16",,,<l n=&quot;16&quot;>
64,16,2,u[=uirgine],virgine,_,QVRQVNV,v.i.r.g.i.n.e,'Q/V\R.Q/V\.'N/V\,lat,ETR,ETR,,---,---,,"CantAnn, l. 16",,<supplied reason=&quot;missing&quot;>maria</supplied></l></lg>,
65,17,1,Quod,quod,_,QRVQ,q.u.o.d,QR/V\Q,lat,ETR,ETR,,---,---,,"CantAnn, l. 17",,,<lg xml:lang=&quot;lat&quot; n=&quot;5&quot; type=&quot;stanza&quot; rhyme=&quot;aaab&quot; met=&quot;heptasyllable&quot;><l n=&quot;17&quot;>
66,17,2,ue–|tustas,vetustas,–,QVQVQQVQ,v.e.t.u.s.t.a.s,Q/V\.'Q/V\Q.Q/V\Q,lat,ETR,ETR,,---,---,,"CantAnn, l. 17",,<lb/>,
67,17,3,suffocat,suffocat,–,QVQQVQVQ,s.u.f.f.o.c.a.t,'Q/V\Q.Q/V\.'Q/V\Q,lat,ETR,ETR,,---,---,,"CantAnn, l. 17",,</l>,
68,18,1,hoc,hoc,_,QVQ,h.o.c,Q/V\Q,lat,ETR,ETR,,---,---,,"CantAnn, l. 18",,,<l n=&quot;18&quot;>
69,18,2,ad,ad,_,VQ,a.d,/V\Q,lat,ETR,ETR,,---,---,,"CantAnn, l. 18",,,
70,18,3,uitam,vitam,–,QVQVN,v.i.t.a.m,'Q/V\.Q/V\N,lat,ETR,ETR,,---,---,,"CantAnn, l. 18",,,
71,18,4,reuocat,revocat,–,RVQVQVQ,r.e.v.o.c.a.t,'R/V\.Q/V\.'Q/V\Q,lat,ETR,ETR,,---,---,,"CantAnn, l. 18",,</l>,
72,19,1,nam,nam,+,NVN,n.a.m,N/V\N,lat,ETR,ETR,,---,---,,"CantAnn, l. 19",,,<l n=&quot;19&quot;>
73,19,2,se,se,_,QV,s.e,Q/V\,lat,ETR,ETR,,---,---,,"CantAnn, l. 19",,,
74,19,3,deus,deus,–,QVVQ,d.e.u.s,'Q/V\./V\Q,lat,ETR,ETR,,---,---,,"CantAnn, l. 19",,,
75,19,4,collocat,collocat,_,QVLLVQVQ,c.o.l.l.o.c.a.t,'Q/V\L.L/V\.'Q/V\Q,lat,ETR,ETR,,---,---,,"CantAnn, l. 19",,</l>,
76,20,1,De,de,+,QV,d.e,Q/V\,lat,ETR,ETR,,---,---,,"CantAnn, l. 20",,,<l n=&quot;20&quot;>
77,20,2,u[=uirgine],virgine,–|,QVRQVNV,v.i.r.g.i.n.e,'Q/V\R.Q/V\.'N/V\,lat,ETR,ETR,,---,---,,"CantAnn, l. 20",,<supplied reason=&quot;missing&quot;>maria</supplied></l></lg><lb/>,
78,21,1,So,so,+,Sɔ,s.o,,pro,PRNdem,PRNdem,,so,DOM,,"CantAnn, l. 21",,,<lg n=&quot;6&quot; type=&quot;stanza&quot; rhyme=&quot;aaab&quot; met=&quot;heptasyllable&quot;><l n=&quot;21&quot;>
79,21,2,sabiat,sabiat,_,SAbiAT,s.a.b.i.a.t,,pro,VERcjg,VERcjg,subpst5,sabér,DOM,,"CantAnn, l. 21",,<supplied reason=&quot;illegible&quot;>lo qu es be ver</supplied></l>,
80,22,1,no,no,_,nO,n.o,,pro,ADVneg,ADVneg,,nóN,DOM,,"CantAnn, l. 22",,,<l n=&quot;22&quot;>
81,22,2,chal,chal,_,ċAl,ch.a.l,,pro,VERcjg,VERcjg,indpst0,calér,DOM,,"CantAnn, l. 22",,,
82,22,3,c,c,+,k,c,,pro,CONsub,CONsub,,que2,DOM,,"CantAnn, l. 22",,,
83,22,4,om,om,_,Om,o.m,,pro,PRNind,PRNind,smn,óme,DOM,,"CantAnn, l. 22",,,
84,22,5,s,s,+,S,s,,pro,PRCper,PRCper,3smr,sé,DOM,,"CantAnn, l. 22",,,
85,22,6,en,en,–,EN,e.n,,pro,PRCadv,PRCadv,,én3,DOM,,"CantAnn, l. 22",,,
86,22,7,des.esp[er],desesper,–,dEzESper,d.e.s.e.s.p.e.r,,pro,VERcjg,VERcjg,subpst3,dezesperar,DOM,,"CantAnn, l. 22",,</l>,
87,23,1,deus,deus,–,dɛuS,d.e.u.s,,pro,NOMpro,NOMpro,smn,dèu,DOM,,"CantAnn, l. 23",,,<l n=&quot;23&quot;>
88,23,2,i,i,_,i,i,,pro,PRCadv,PRCadv,,i,DOM,,"CantAnn, l. 23",,,
89,23,3,uen,ven,–|,vEn,v.e.n,,pro,VERcjg,VERcjg,indpst3,venir,DOM,,"CantAnn, l. 23",,<lb/>,
90,23,4,p[er],per,_,pEr,p.e.r,,pro,PRE,PRE,,pér,DOM,,"CantAnn, l. 23",,,
91,23,5,nos,nos,–,noS,n.o.s,,pro,PRNper,PRNper,4pmr,nós,DOM,,"CantAnn, l. 23",,,
92,23,6,maner,maner,–,mAner,m.a.n.e.r,,pro,VERinf,VERinf,,manér,DOM,,"CantAnn, l. 23",,</l>,
93,24,1,In,in,+,VN,i.n,/V\N,lat,ETR,ETR,,---,---,,"CantAnn, l. 24",,,<l xml:lang=&quot;lat&quot; n=&quot;24&quot;>
94,24,2,te,te,_,QV,t.e,Q/V\,lat,ETR,ETR,,---,---,,"CantAnn, l. 24",,,
95,24,3,u[ir]g[o],virgo,_,QVRQV,v.i.r.g.o,'Q/V\R.Q/V\,lat,ETR,ETR,,---,---,,"CantAnn, l. 24",,,
96,24,4,maria,maria,_,NVRVV,m.a.r.i.a,N/V\.'R/V\./V\,lat,ETR,ETR,,---,---,,"CantAnn, l. 24",,</l></lg>,
97,25,1,Sine,sine,_,QVNV,s.i.n.e,'Q/V\.N/V\,lat,ETR,ETR,,---,---,,"CantAnn, l. 25",,,<lg xml:lang=&quot;lat&quot; n=&quot;7&quot; type=&quot;stanza&quot; rhyme=&quot;aaab&quot; met=&quot;heptasyllable&quot;><l n=&quot;25&quot;>
98,25,2,uiri,viri,_,QVRV,v.i.r.i,'Q/V\.R/V\,lat,ETR,ETR,,---,---,,"CantAnn, l. 25",,,
99,25,3,copula,copula,–,QVQVLV,c.o.p.u.l.a,'Q/V\.Q/V\.'L/V\,lat,ETR,ETR,,---,---,,"CantAnn, l. 25",,</l>,
100,26,1,florem,florem,–,QLVRVN,f.l.o.r.e.m,'QL/V\.R/V\N,lat,ETR,ETR,,---,---,,"CantAnn, l. 26",,,<l n=&quot;26&quot;>
101,26,2,de–|dit,dedit,–,QVQVQ,d.e.d.i.t,'Q/V\.Q/V\Q,lat,ETR,ETR,,---,---,,"CantAnn, l. 26",,<lb/>,
102,26,3,uirgula,virgula,–,QVRQVLV,v.i.r.g.u.l.a,'Q/V\R.Q/V\.'L/V\,lat,ETR,ETR,,---,---,,"CantAnn, l. 26",,</l>,
103,27,1,qui,qui,_,QRV,q.u.i,QR/V\,lat,ETR,ETR,,---,---,,"CantAnn, l. 27",,,<l n=&quot;27&quot;>
104,27,2,mariæ,mariae,–,NVRVV,m.a.r.i.ae,N/V\.'R/V\./V\,lat,ETR,ETR,,---,---,,"CantAnn, l. 27",,,
105,27,3,in,in,+,VN,i.n,/V\N,lat,ETR,ETR,,---,---,,"CantAnn, l. 27",,,
106,27,4,secula,secula,_,QVQVLV,s.e.c.u.l.a,'Q/V\.Q/V\.'L/V\,lat,ETR,ETR,,---,---,,"CantAnn, l. 27",,</l>,
107,28,1,De,de,+,QV,d.e,Q/V\,lat,ETR,ETR,,---,---,,"CantAnn, l. 28",,,<l n=&quot;28&quot;>
108,28,2,u[=uirgine],virgine,_,QVRQVNV,v.i.r.g.i.n.e,'Q/V\R.Q/V\.'N/V\,lat,ETR,ETR,,---,---,,"CantAnn, l. 28",,<supplied reason=&quot;missing&quot;>maria</supplied></l></lg>,
109,29,1,Non,non,+,nOn,n.o.n,,pro,ADVneg,ADVneg,,nón,DOM,,"CantAnn, l. 29",,,<lg n=&quot;8&quot; type=&quot;stanza&quot; rhyme=&quot;aaab&quot; met=&quot;heptasyllable&quot;><l n=&quot;29&quot;><q>
110,29,2,p[er]_drai,perdrai,–,pErdrAi,p.e.r.d.r.a.i,,pro,VERcjg,VERcjg,indfut1,pèrdre,DOM,,"CantAnn, l. 29",,,
111,29,3,uirginitat,virginitat,–|,virʤinitAT,v.i.r.g.i.n.i.t.a.t,,pro,NOMcom,NOMcom,sfr,vergenetat,DOM,,"CantAnn, l. 29",,</q></l>,<pb n=&quot;48v&quot; facs=&quot;https://gallica.bnf.fr/ark:/12148/btv1b6000946s/f104.item&quot;/><lb/>
112,30,1,tos,tos,_,toS,t.o.s,,pro,DETind,DETind,pmr,tót,DOM,,"CantAnn, l. 30",,,<l n=&quot;30&quot;><q>
113,30,2,temps,temps,–,tENPS,t.e.m.p.s,,pro,NOMcom,NOMcom,pmr,témps,DOM,,"CantAnn, l. 30",,,
114,30,3,aurai,aurai,–,AurAi,a.u.r.a.i,,pro,VERcjg,VERcjg,indfut1,avér,DOM,,"CantAnn, l. 30",,,
115,30,4,chasti_tat,chastitat,–,ċAStitAT,ch.a.s.t.i.t.a.t,,pro,NOMcom,NOMcom,sfr,castedat,DOM,,"CantAnn, l. 30",,</q></l>,
116,31,1,si,si,+,Si,s.i,,pro,ADVgen,ADVgen,,si2,DOM,,"CantAnn, l. 31",,,<l n=&quot;31&quot;><q>
117,31,2,cum,cum,–,kOm,c.u.m,,pro,CONsub,CONsub,,cóm,DOM,,"CantAnn, l. 31",,,
118,31,3,es,es,_,ES,e.s,,pro,VERcjg,VERcjg,indpst0,èser,DOM,,"CantAnn, l. 31",,,
119,31,4,p[ro]_feti–zat,profetizat,–,prOfEtizAT,p.r.o.f.e.t.i.z.a.t,,pro,VERppe,VERppe,snn,profetizar,DOM,,"CantAnn, l. 31",,</q></l>,
120,32,1,pois,pois,_,pɔiS,p.o.i.s,,pro,ADVgen,ADVgen,,pòis,DOM,,"CantAnn, l. 32",,,<l n=&quot;32&quot;>
121,32,2,uirgo,virgo,_,QVRQV,v.i.r.g.o,'Q/V\R.Q/V\,lat,ETR,ETR,,---,---,,"CantAnn, l. 32",,,
122,32,3,maria,maria,–|,NVRVV,m.a.r.i.a,N/V\.'R/V\./V\,lat,ETR,ETR,,---,---,,"CantAnn, l. 32",,</l></lg><lb/>,
123,33,1,S_um_mi,summi,_,QVNNV,s.u.m.m.i,'Q/V\N.N/V\,lat,ETR,ETR,,---,---,,"CantAnn, l. 33",,,<lg xml:lang=&quot;lat&quot; n=&quot;9&quot; type=&quot;stanza&quot; rhyme=&quot;aaab&quot; met=&quot;heptasyllable&quot;><l n=&quot;33&quot;>
124,33,2,patri,patri,–,QVQRV,p.a.t.r.i,'Q/V\.QR/V\,lat,ETR,ETR,,---,---,,"CantAnn, l. 33",,,
125,33,3,filio,filio,–,QVLVV,f.i.l.i.o,'Q/V\.L/V\.'/V\,lat,ETR,ETR,,---,---,,"CantAnn, l. 33",,</l>,
126,34,1,datur,datur,–,QVQVR,d.a.t.u.r,'Q/V\.Q/V\R,lat,ETR,ETR,,---,---,,"CantAnn, l. 34",,,<l n=&quot;34&quot;>
127,34,2,in,in,+,VN,i.n,/V\N,lat,ETR,ETR,,---,---,,"CantAnn, l. 34",,,
128,34,3,presepio,presepio,–,QRVQVQVV,p.r.e.s.e.p.i.o,QR/V\.'Q/V\.Q/V\.'/V\,lat,ETR,ETR,,---,---,,"CantAnn, l. 34",,</l>,
129,35,1,sed,sed,_,QVQ,s.e.d,Q/V\Q,lat,ETR,ETR,,---,---,,"CantAnn, l. 35",,,<l n=&quot;35&quot;>
130,35,2,uolentes,volentes,–,QVLVNQVQ,v.o.l.e.n.t.e.s,Q/V\.'L/V\N.Q/V\Q,lat,ETR,ETR,,---,---,,"CantAnn, l. 35",,,
131,35,3,mansio,mansio,–,NVNQVV,m.a.n.s.i.o,'N/V\N.Q/V\.'/V\,lat,ETR,ETR,,---,---,,"CantAnn, l. 35",,</l>,
132,36,1,e,e,–|,V,e,/V\,lat,ETR,ETR,,---,---,,"CantAnn, l. 36",,<supplied reason=&quot;missing&quot;>virgine maria</supplied></l></lg><lb/>,<l n=&quot;36&quot;>
133,37,1,Eu,eu,_,ɛu,e.u,,pro,PRNper,PRNper,,eu,DOM,,"CantAnn, l. 37",,,<lg n=&quot;10&quot; type=&quot;stanza&quot; rhyme=&quot;aaab&quot; met=&quot;heptasyllable&quot;><l n=&quot;37&quot;><q>
134,37,2,soi,soi,–,Soi,s.o.i,,pro,VERcjg,VERcjg,indpst1,èser,DOM,,"CantAnn, l. 37",,,
135,37,3,l,l,+,L,l,,pro,DETdef,DETdef,smn,lo2,DOM,,"CantAnn, l. 37",,,
136,37,4,angels,angels,–,ANʤELS,a.n.g.e.l.s,,pro,NOMcom,NOMcom,smn,angel,DOM,,"CantAnn, l. 37",,,
137,37,5,gabriels,gabriels,–,gAbriɛLS,g.a.b.r.i.e.l.s,,pro,NOMpro,NOMpro,smn,Gabriel,wikipedia.fr,,"CantAnn, l. 37",,</q></l>,
138,38,1,apor,apor,+,Apɔr,a.p.o.r,,pro,VERcjg,VERcjg,indpst1,aportar,DOM,,"CantAnn, l. 38",,,<l n=&quot;38&quot;><q>
139,38,2,uos,vos,–,vOS,v.o.s,,pro,PRCper,PRCper,5pmr,vós,DOM,,"CantAnn, l. 38",,,
140,38,3,salut,salut,–,SAlyT,s.a.l.u.t,,pro,NOMcom,NOMcom,smr,salut,DOM,,"CantAnn, l. 38",,,
141,38,4,fiels,fiels,–,fiɛLS,f.i.e.l.s,,pro,ADJqua,ADJqua,pmr,fezèl,DOM,,"CantAnn, l. 38",,</q></l>,
142,39,1,deus,deus,–,dɛuS,d.e.u.s,,pro,NOMpro,NOMpro,smn,dèu,DOM,,"CantAnn, l. 39",,<supplied reason=&quot;illegible&quot;>descen</supplied>,<l n=&quot;39&quot;><q>
143,39,2,de,de,+,dE,d.e,,pro,PRE,PRE,,de,DOM,,"CantAnn, l. 39",,,
144,39,3,sus,sus,–,SyS,s.u.s,,pro,ADVgen,ADVgen,,sus,DOM,,"CantAnn, l. 39",,,
145,39,4,de,de,+,dE,d.e,,pro,PRE,PRE,,de,DOM,,"CantAnn, l. 39",,,
146,39,5,u,u,–|,u,u,,pro,DETdef,DETdef,smr,lo2,DOM,,"CantAnn, l. 39",,<lb/>,
147,39,6,cel,cel,–,Sɛl,c.e.l,,pro,NOMcom,NOMcom,smr,cèl,DOM,,"CantAnn, l. 39",,</q></l>,
148,40,1,n[=In],in,+,VN,i.n,/V\N,lat,ETR,ETR,,---,---,,"CantAnn, l. 40",,,<l xml:lang=&quot;lat&quot; n=&quot;40&quot;><q>
149,40,2,te,te,_,QV,t.e,Q/V\,lat,ETR,ETR,,---,---,,"CantAnn, l. 40",,<supplied reason=&quot;missing&quot;>virgo maria</supplied></q></l></lg>,
150,41,1,Animal,animal,–,VNVNVL,a.n.i.m.a.l,'/V\.N/V\.'N/V\L,lat,ETR,ETR,,---,---,,"CantAnn, l. 41",,,<lg xml:lang=&quot;lat&quot; n=&quot;11&quot; type=&quot;stanza&quot; rhyme=&quot;aaab&quot; met=&quot;heptasyllable&quot;><l n=&quot;41&quot;>
151,41,2,impositum,impositum,–,VNQVQVQVN,i.m.p.o.s.i.t.u.m,/V\N.'Q/V\.Q/V\.'Q/V\N,lat,ETR,ETR,,---,---,,"CantAnn, l. 41",,</l>,
152,42,1,ueneratur,veneratur,–,QVNVRVQVR,v.e.n.e.r.a.t.u.r,Q/V\.N/V\.'R/V\.Q/V\R,lat,ETR,ETR,,---,---,,"CantAnn, l. 42",,,<l n=&quot;42&quot;>
153,42,2,agni_tum,agnitum,–,VQNVQVN,a.g.n.i.t.u.m,'/V\Q.N/V\.'Q/V\N,lat,ETR,ETR,,---,---,,"CantAnn, l. 42",,</l>,
154,43,1,hu[n]c,hunc,_,QVNQ,h.u.n.c,Q/V\NQ,lat,ETR,ETR,,---,---,,"CantAnn, l. 43",,,<l n=&quot;43&quot;>
155,43,2,infantem,infantem,–|,VNQVNQVN,i.n.f.a.n.t.e.m,/V\N.'Q/V\N.Q/V\N,lat,ETR,ETR,,---,---,,"CantAnn, l. 43",,<lb/>,
156,43,3,genitum,genitum,–,QVNVQVN,g.e.n.i.t.u.m,'Q/V\.N/V\.'Q/V\N,lat,ETR,ETR,,---,---,,"CantAnn, l. 43",,</l>,
157,44,1,E,e,_,V,e,/V\,lat,ETR,ETR,,---,---,,"CantAnn, l. 44",,<supplied reason=&quot;missing&quot;>virgine maria</supplied></l></lg>,<l n=&quot;44&quot;>
158,45,1,Cum,cum,_,kOm,c.u.m,,pro,CONsub,CONsub,,cóm,DOM,,"CantAnn, l. 45",,,<lg n=&quot;12&quot; type=&quot;stanza&quot; rhyme=&quot;aaab&quot; met=&quot;heptasyllable&quot;><l n=&quot;45&quot;>
159,45,2,la,la,+,LA,l.a,,pro,DETdef,DETdef,sfn,la,DOM,,"CantAnn, l. 45",,,
160,45,3,reina,reina,_,rEinA,r.e.i.n.a,,pro,NOMcom,NOMcom,sfn,regina,DOM,,"CantAnn, l. 45",,,
161,45,4,l,l,+,L,l,,pro,PRCper,PRCper,3sma,lo3,DOM,,"CantAnn, l. 45",,,
162,45,5,enten,enten,–,ENtEn,e.n.t.e.n,,pro,VERcjg,VERcjg,indpst3,enténdre,DOM,,"CantAnn, l. 45",,</l>,
163,46,1,si,si,+,Si,s.i,,pro,ADVgen,ADVgen,,si2,DOM,,"CantAnn, l. 46",,,<l n=&quot;46&quot;>
164,46,2,l,l,_,L,l,,pro,PRCper,PRCper,3smi,li3,DOM,,"CantAnn, l. 46",,,
165,46,3,respon,respon,–,rESpOn,r.e.s.p.o.n,,pro,VERcjg,VERcjg,indpst3,repóndre,DOM,,"CantAnn, l. 46",,,
166,46,4,tam,tam,_,tAm,t.a.m,,pro,ADVgen,ADVgen,,tan,DOM,,"CantAnn, l. 46",,,
167,46,5,piamen,piamen,_,piAmEn,p.i.a.m.e.n,,pro,ADVgen,ADVgen,,piamen,DOM,,"CantAnn, l. 46",,</l>,
168,47,1,aco,aco,–|,Akɔ,a.c.o,,pro,PRNdem,PRNdem,snn,aco,DOM,,"CantAnn, l. 47",,<lb/>,<l n=&quot;47&quot;><q>
169,47,2,sia,sia,–,SiA,s.i.a,,pro,VERcjg,VERcjg,subpst3,èser,DOM,,"CantAnn, l. 47",,,
170,47,3,a,a,+,A,a,,pro,PRE,PRE,,a2,DOM,,"CantAnn, l. 47",,,
171,47,4,u,u,+,u,u,,pro,DETdef,DETdef,smr,lo2,DOM,,"CantAnn, l. 47",,,
172,47,5,so,so,_,So,s.o,,pro,ADJpos,ADJpos,3smr,sóN2,DOM,,"CantAnn, l. 47",,,
173,47,6,talent,talent,–,tAlENT,t.a.l.e.n.t,,pro,NOMcom,NOMcom,smr,talén,DOM,,"CantAnn, l. 47",,</q></l>,
174,48,1,e,e,_,V,e,/V\,lat,ETR,ETR,,---,---,,"CantAnn, l. 48",,<supplied reason=&quot;missing&quot;>virgine maria</supplied></l></lg>,<l xml:lang=&quot;lat&quot; n=&quot;48&quot;>
175,49,1,O,o,_,V,o,/V\,lat,ETR,ETR,,---,---,,"CantAnn, l. 49",,,<lg xml:lang=&quot;lat&quot; n=&quot;13&quot; type=&quot;stanza&quot; rhyme=&quot;aaab&quot; met=&quot;heptasyllable&quot;><l n=&quot;49&quot;>
176,49,2,beata,beata,_,QVVQV,b.e.a.t.a,Q/V\.'/V\.Q/V\,lat,ETR,ETR,,---,---,,"CantAnn, l. 49",,,
177,49,3,femina,femina,–,QVNVNV,f.e.m.i.n.a,'Q/V\.N/V\.'N/V\,lat,ETR,ETR,,---,---,,"CantAnn, l. 49",,</l>,
178,50,1,cui[us],cuius,_,QVRVQ,c.u.i.u.s,'Q/V\.R/V\Q,lat,ETR,ETR,,---,---,,"CantAnn, l. 50",,,<l n=&quot;50&quot;>
179,50,2,uentris,ventris,–,QVNQRVQ,v.e.n.t.r.i.s,'Q/V\N.QR/V\Q,lat,ETR,ETR,,---,---,,"CantAnn, l. 50",,,
180,50,3,sarcina,sarcina,_,QVRQVNV,s.a.r.c.i.n.a,'Q/V\R.Q/V\.'N/V\,lat,ETR,ETR,,---,---,,"CantAnn, l. 50",,</l>,
181,51,1,mun–|di,mundi,_,NVNQV,m.u.n.d.i,'N/V\N.Q/V\,lat,ETR,ETR,,---,---,,"CantAnn, l. 51",,<lb/>,<l n=&quot;51&quot;>
182,51,2,luit,luit,–,LVVQ,l.u.i.t,'L/V\./V\Q,lat,ETR,ETR,,---,---,,"CantAnn, l. 51",,,
183,51,3,crimi_na,crimina,–,QRVNVNV,c.r.i.m.i.n.a,'QR/V\.N/V\.'N/V\,lat,ETR,ETR,,---,---,,"CantAnn, l. 51",,</l>,
184,52,1,e,e,_,V,e,/V\,lat,ETR,ETR,,---,---,,"CantAnn, l. 52",,<supplied reason=&quot;missing&quot;>virgine maria</supplied></l></lg>,<l n=&quot;52&quot;>
185,53,1,Cum,cum,_,kOm,c.u.m,,pro,CONsub,CONsub,,cóm,DOM,,"CantAnn, l. 53",,,<lg n=&quot;14&quot; type=&quot;stanza&quot; rhyme=&quot;aaab&quot; met=&quot;heptasyllable&quot;><l n=&quot;53&quot;>
186,53,2,la,la,+,LA,l.a,,pro,DETdef,DETdef,sfn,la,DOM,,"CantAnn, l. 53",,,
187,53,3,rei_na,reina,–,rEinA,r.e.i.n.a,,pro,NOMcom,NOMcom,sfn,regina,DOM,,"CantAnn, l. 53",,,
188,53,4,l,l,+,L,l,,pro,PRCper,PRCper,3sma,lo3,DOM,,"CantAnn, l. 53",,,
189,53,5,auuit,auvit,–,AuviT,a.u.v.i.t,,pro,VERcjg,VERcjg,indpsp3,auzir,DOM,,"CantAnn, l. 53",,</l>,
190,54,1,si,si,+,Si,s.i,,pro,ADVgen,ADVgen,,si2,DOM,,"CantAnn, l. 54",,,<l n=&quot;54&quot;>
191,54,2,l,l,+,L,l,,pro,PRCper,PRCper,3sma,lo3,DOM,,"CantAnn, l. 54",,,
192,54,3,amet,amet,–,AmɛT,a.m.e.t,,pro,VERcjg,VERcjg,indpsp3,amar,DOM,,"CantAnn, l. 54",,,
193,54,4,e,e,+,E,e,,pro,CONcon,CONcon,,e,DOM,,"CantAnn, l. 54",,,
194,54,5,si,si,+,Si,s.i,,pro,ADVgen,ADVgen,,si2,DOM,,"CantAnn, l. 54",,,
195,54,6,u,u,–|,u,u,,pro,PRCper,PRCper,3sma,lo3,DOM,,"CantAnn, l. 54",,<lb/>,
196,54,7,i_auuit,jauvit,–,ʤAuviT,j.a.u.v.i.t,,pro,VERcjg,VERcjg,indpsp3,jauzir,DOM,,"CantAnn, l. 54",,</l>,
197,55,1,aco,aco,_,Akɔ,a.c.o,,pro,PRNdem,PRNdem,snn,aco,DOM,,"CantAnn, l. 55",,,<l n=&quot;55&quot;>
198,55,2,sia,sia,–,SiA,s.i.a,,pro,VERcjg,VERcjg,subpst3,èser,DOM,,"CantAnn, l. 55",,,
199,55,3,a,a,+,A,a,,pro,PRE,PRE,,a2,DOM,,"CantAnn, l. 55",,,
200,55,4,u,u,+,u,u,,pro,DETdef,DETdef,smr,lo2,DOM,,"CantAnn, l. 55",,,
201,55,5,so,so,–,So,s.o,,pro,ADJpos,ADJpos,3smr,sóN2,DOM,,"CantAnn, l. 55",,,
202,55,6,chausit,chausit,_,ċAuziT,ch.a.u.s.i.t,,pro,NOMcom,NOMcom,smr,cauzit,DOM,,"CantAnn, l. 55",,</l>,
203,56,1,In,in,+,VN,i.n,/V\N,lat,ETR,ETR,,---,---,,"CantAnn, l. 56",,,<l xml:lang=&quot;lat&quot; n=&quot;56&quot;>
204,56,2,te,te,_,QV,t.e,Q/V\,lat,ETR,ETR,,---,---,,"CantAnn, l. 56",,<supplied reason=&quot;missing&quot;>virgo maria</supplied></l></lg>,
205,57,1,Illi,illi,_,VLLV,i.l.l.i,'/V\L.L/V\,lat,ETR,ETR,,---,---,,"CantAnn, l. 57",,,<lg xml:lang=&quot;lat&quot; n=&quot;15&quot; type=&quot;stanza&quot; rhyme=&quot;aaab&quot; met=&quot;heptasyllable&quot;><l n=&quot;57&quot;>
206,57,2,laus,laus,–,LVQ,l.au.s,L/V\Q,lat,ETR,ETR,,---,---,,"CantAnn, l. 57",,,
207,57,3,[et],et,+,VQ,e.t,/V\Q,lat,ETR,ETR,,---,---,,"CantAnn, l. 57",,,
208,57,4,gloria,gloria,–,QLVRVV,g.l.o.r.i.a,'QL/V\.R/V\.'/V\,lat,ETR,ETR,,---,---,,"CantAnn, l. 57",,</l>,
209,58,1,honor,honor,_,QVNVR,h.o.n.o.r,'Q/V\.N/V\R,lat,ETR,ETR,,---,---,,"CantAnn, l. 58",,,<l n=&quot;58&quot;>
210,58,2,uir–|tus,virtus,–,QVRQVQ,v.i.r.t.u.s,'Q/V\R.Q/V\Q,lat,ETR,ETR,,---,---,,"CantAnn, l. 58",,<lb/>,
211,58,3,gratia,gratia,–,QRVQVV,g.r.a.t.i.a,'QR/V\.Q/V\.'/V\,lat,ETR,ETR,,---,---,,"CantAnn, l. 58",,</l>,
212,59,1,decus,decus,–,QVQVQ,d.e.c.u.s,'Q/V\.Q/V\Q,lat,ETR,ETR,,---,---,,"CantAnn, l. 59",,,<l n=&quot;59&quot;>
213,59,2,[et],et,+,VQ,e.t,/V\Q,lat,ETR,ETR,,---,---,,"CantAnn, l. 59",,,
214,59,3,uictoria,victoria,–,QVQQVRVV,v.i.c.t.o.r.i.a,Q/V\Q.'Q/V\.R/V\.'/V\,lat,ETR,ETR,,---,---,,"CantAnn, l. 59",,</l>,
215,60,1,e,e,_,V,e,/V\,lat,ETR,ETR,,---,---,,"CantAnn, l. 60",,<supplied reason=&quot;missing&quot;>virgine maria</supplied></l></lg>,<l n=&quot;60&quot;>
216,61,1,Tv,tu,_,ty,t.u,,pro,PRNper,PRNper,2smn,tu,DOM,,"CantAnn, l. 61",,,<lg n=&quot;16&quot; type=&quot;stanza&quot; rhyme=&quot;aaab&quot; met=&quot;heptasyllable&quot;><l n=&quot;61&quot;><q>
217,61,2,es,es,_,ES,e.s,,pro,VERcjg,VERcjg,indpst2,èser,DOM,,"CantAnn, l. 61",,,
218,61,3,mesat_ies,mesatjes,–,mEsATʤES,m.e.s.a.t.j.e.s,,pro,NOMcom,NOMcom,smn,mesatge,DOM,,"CantAnn, l. 61",,,
219,61,4,a,a,+,A,a,,pro,PRE,PRE,,a2,DOM,,"CantAnn, l. 61",,,
220,61,5,l,l,+,L,l,,pro,DETdef,DETdef,smr,lo2,DOM,,"CantAnn, l. 61",,,
221,61,6,rei,rei,–,rei,r.e.i,,pro,NOMcom,NOMcom,smr,réi,DOM,,"CantAnn, l. 61",,</q></l>,
222,62,1,si,si,–|,Si,s.i,,pro,ADVgen,ADVgen,,si2,DOM,,"CantAnn, l. 62",,<lb/>,<l n=&quot;62&quot;><q>
223,62,2,cum,cum,–,kOm,c.u.m,,pro,CONsub,CONsub,,cóm,DOM,,"CantAnn, l. 62",,,<pb n=&quot;49r&quot; facs=&quot;https://gallica.bnf.fr/ark:/12148/btv1b6000946s/f105.item&quot;/>
224,62,3,tu,tu,_,ty,t.u,,pro,PRNper,PRNper,2smn,tu,DOM,,"CantAnn, l. 62",,,
225,62,4,o,o,_,O,o,,pro,PRCdem,PRCdem,snr,ó2,DOM,,"CantAnn, l. 62",,,
226,62,5,dit,dit,–,diT,d.i.t,,pro,VERcjg,VERcjg,indpst2,dire,DOM,,"CantAnn, l. 62",,,
227,62,6,o,o,+,O,o,,pro,PRCdem,PRCdem,snr,ó2,DOM,,"CantAnn, l. 62",,,
228,62,7,crei,crei,–,krei,c.r.e.i,,pro,VERcjg,VERcjg,indpst1,créire,DOM,,"CantAnn, l. 62",,</q></l>,
229,63,1,a,a,+,A,a,,pro,PRE,PRE,,a2,DOM,,"CantAnn, l. 63",,,<l n=&quot;63&quot;><q>
230,63,2,lui,lui,–,Lyi,l.u.i,,pro,PRNper,PRNper,3smr,lui,DOM,,"CantAnn, l. 63",,,
231,63,3,me,me,+,mE,m.e,,pro,PRCper,PRCper,1smr,me,DOM,,"CantAnn, l. 63",,,
232,63,4,do,do,–,do,d.o,,pro,VERcjg,VERcjg,indpst1,donar,DOM,,"CantAnn, l. 63",,,
233,63,5,e,e,+,E,e,,pro,CONcoo,CONcoo,,e,DOM,,"CantAnn, l. 63",,,
234,63,6,m,m,+,m,m,,pro,PRCper,PRCper,1smr,me,DOM,,"CantAnn, l. 63",,,
235,63,7,autrei,autrei,_,Autrei,a.u.t.r.e.i,,pro,VERcjg,VERcjg,indpst1,autrejar,DOM,,"CantAnn, l. 63",,</q></l>,
236,64,1,E_go,ego,_,VQV,e.g.o,'/V\.Q/V\,lat,ETR,ETR,,---,---,,"CantAnn, l. 64",,,<l xml:lang=&quot;lat&quot; n=&quot;64&quot;><q>
237,64,2,ui[r]g[o],virgo,_,QVRQV,v.i.r.g.o,'Q/V\R.Q/V\,lat,ETR,ETR,,---,---,,"CantAnn, l. 64",,<supplied reason=&quot;missing&quot;>maria</supplied></q></l></lg>,
238,65,1,Ancela,ancela,_,ANSelA,a.n.c.e.l.a,,pro,NOMcom,NOMcom,sfn,ancela,DOM,,"CantAnn, l. 65",,,<lg n=&quot;17&quot; type=&quot;stanza&quot; rhyme=&quot;aaab&quot; met=&quot;heptasyllable&quot;><l n=&quot;65&quot;><q>
239,65,2,soi,soi,–|,Soi,s.o.i,,pro,VERcjg,VERcjg,indpst1,èser,DOM,,"CantAnn, l. 65",,<lb/>,
240,65,3,da_mrideu,damrideu,–,dAmridɛu,d.a.m.r.i.d.e.u,,pro,NOMpro,NOMpro,smr,domnedèu,DOM,,"CantAnn, l. 65",,</q></l>,
241,66,1,si,si,+,Si,s.i,,pro,ADVgen,ADVgen,,si2,DOM,,"CantAnn, l. 66",,,<l n=&quot;66&quot;><q>
242,66,2,cum,cum,–,kOm,c.u.m,,pro,CONsub,CONsub,,cóm,DOM,,"CantAnn, l. 66",,,
243,66,3,tu,tu,+,ty,t.u,,pro,PRNper,PRNper,2smn,tu,DOM,,"CantAnn, l. 66",,,
244,66,4,o,o,+,O,o,,pro,PRCdem,PRCdem,snr,ó2,DOM,,"CantAnn, l. 66",,,
245,66,5,dit,dit,–,diT,d.i.t,,pro,VERcjg,VERcjg,indpst2,dire,DOM,,"CantAnn, l. 66",,,
246,66,6,o,o,+,O,o,,pro,PRCdem,PRCdem,snr,ó2,DOM,,"CantAnn, l. 66",,,
247,66,7,cre,cre,+,kre,c.r.e,,pro,VERcjg,VERcjg,indpst1,créire,DOM,,"CantAnn, l. 66",,,
248,66,8,eu,eu,–,ɛu,e.u,,pro,PRNper,PRNper,1sfn,eu,DOM,,"CantAnn, l. 66",,</q></l>,
249,67,1,maire,maire,–,mAirE,m.a.i.r.e,,pro,NOMcom,NOMcom,sfn,maire,DOM,,"CantAnn, l. 67",,,<l n=&quot;67&quot;><q>
250,67,2,serai,serai,–,SErAi,s.e.r.a.i,,pro,VERcjg,VERcjg,indfut1,èser,DOM,,"CantAnn, l. 67",,,
251,67,3,damri_deu,damrideu,_,dAmridɛu,d.a.m.r.i.d.e.u,,pro,NOMpro,NOMpro,smr,domnedèu,DOM,,"CantAnn, l. 67",,</q></l>,
252,68,1,E,e,_,E,e,,pro,CONcoo,CONcoo,,e,DOM,,"CantAnn, l. 68",,,<l n=&quot;68&quot;><q>
253,68,2,pois,pois,–|,pɔiS,p.o.i.s,,pro,ADVgen,ADVgen,,pòis,DOM,,"CantAnn, l. 68",,<supplied reason=&quot;missing&quot;>virgo maria</supplied></q></l></lg><lb/>,
254,69,1,L,l,_,L,l,,pro,DETdef,DETdef,smn,lo2,DOM,,"CantAnn, l. 69",,,<lg n=&quot;18&quot; type=&quot;stanza&quot; rhyme=&quot;aaab&quot; met=&quot;heptasyllable&quot;><l n=&quot;69&quot;>
255,69,2,angels,angels,–,ANʤELS,a.n.g.e.l.s,,pro,NOMcom,NOMcom,smn,angel,DOM,,"CantAnn, l. 69",,,
256,69,3,es,es,–,ES,e.s,,pro,VERcjg,VERcjg,indpst3,èser,DOM,,"CantAnn, l. 69",,,
257,69,4,de,de,+,dE,d.e,,pro,PRE,PRE,,de,DOM,,"CantAnn, l. 69",,,
258,69,5,u,u,–,u,u,,pro,DETdef,DETdef,smr,lo2,DOM,,"CantAnn, l. 69",,,
259,69,6,cel,cel,–,Sɛl,c.e.l,,pro,NOMcom,NOMcom,smr,cèl,DOM,,"CantAnn, l. 69",,,
260,69,7,uengut,vengut,–,vENgyT,v.e.n.g.u.t,,pro,VERppe,VERppe,smr,venir,DOM,,"CantAnn, l. 69",,</l>,
261,70,1,e,e,+,E,e,,pro,CONcoo,CONcoo,,e,DOM,,"CantAnn, l. 70",,,<l n=&quot;70&quot;>
262,70,2,la,la,_,LA,l.a,,pro,DETdef,DETdef,sfn,la,DOM,,"CantAnn, l. 70",,,
263,70,3,domp_na,dompna,–,dONpnA,d.o.m.p.n.a,,pro,NOMcom,NOMcom,sfn,dómna,DOM,,"CantAnn, l. 70",,,
264,70,4,l,l,+,L,l,,pro,PRCper,PRCper,3sma,lo3,DOM,,"CantAnn, l. 70",,,
265,70,5,a,a,_,A,a,,pro,VERcjg,VERcjg,indpst3,avér,DOM,,"CantAnn, l. 70",,,
266,70,6,creut,creut,–,krEyT,c.r.e.u.t,,pro,VERppe,VERppe,smr,créire,DOM,,"CantAnn, l. 70",,</l>,
267,71,1,p[er],per,_,pEr,p.e.r,,pro,PRE,PRE,,pér,DOM,,"CantAnn, l. 71",,,<l n=&quot;71&quot;>
268,71,2,tal,tal,–,tAl,t.a.l,,pro,PRNind,PRNind,,tal,DOM,,"CantAnn, l. 71",,,
269,71,3,n,n,+,n,n,,pro,PRCadv,PRCadv,,én3,DOM,,"CantAnn, l. 71",,,
270,71,4,esmes,esmes,–|,ɛSmES,e.s.m.e.s,,pro,VERcjg,VERcjg,indpst4,èser,DOM,,"CantAnn, l. 71",,<lb/>,
271,71,5,erum_but,erumbut,_,ErONbyT,e.r.u.m.b.u.t,,pro,VERppe,VERppe,pmn,érompre,DMF,,"CantAnn, l. 71",lemma_SponsT:238,</l>,
272,72,1,De,de,+,QV,d.e,Q/V\,lat,ETR,ETR,,---,---,,"CantAnn, l. 72",,,<l n=&quot;72&quot;>
273,72,2,u[=uirgine],virgine,_,QVRQVNV,v.i.r.g.i.n.e,'Q/V\R.Q/V\.'N/V\,lat,ETR,ETR,,---,---,,"CantAnn, l. 72",,<supplied reason=&quot;missing&quot;>maria</supplied></l></lg>,
274,73,1,Eu,eu,_,ɛu,e.u,,pro,PRNper,PRNper,1smn,eu,DOM,,"CantAnn, l. 73",,,<lg n=&quot;19&quot; type=&quot;stanza&quot; rhyme=&quot;aaab&quot; met=&quot;heptasyllable&quot;><l n=&quot;73&quot;>
275,73,2,uos,vos,_,vOS,v.o.s,,pro,PRCper,PRCper,5pmi,vós,DOM,,"CantAnn, l. 73",,,
276,73,3,ai,ai,+,Ai,a.i,,pro,VERcjg,VERcjg,indpst1,avér,DOM,,"CantAnn, l. 73",,,
277,73,4,dit,dit,–,diT,d.i.t,,pro,VERppe,VERppe,smr,dire,DOM,,"CantAnn, l. 73",,,
278,73,5,mon,mon,+,mOn,m.o.n,,pro,DETpos,DETpos,1smr,mon,DOM,,"CantAnn, l. 73",,,
279,73,6,ta_lan,talan,–,tAlAn,t.a.l.a.n,,pro,NOMcom,NOMcom,smr,talén,DOM,,"CantAnn, l. 73",,</l>,
280,74,1,e,e,+,E,e,,pro,CONcoo,CONcoo,,e,DOM,,"CantAnn, l. 74",,,<l n=&quot;74&quot;>
281,74,2,uos,vos,–,voS,v.o.s,,pro,PRNper,PRNper,5pmn,vós,DOM,,"CantAnn, l. 74",,,
282,74,3,diiat,diiat,–,diiAT,d.i.j.a.t,,pro,VERcjg,VERcjg,subpst5,dire,DOM,,"CantAnn, l. 74",,,
283,74,4,en,en,+,EN,e.n,,pro,PRE,PRE,,én2,DOM,,"CantAnn, l. 74",,,
284,74,5,a_uan,avan,–|,AvAn,a.v.a.n,,pro,ADVgen,ADVgen,,avan,DOM,,"CantAnn, l. 74",,</l><lb/>,
285,75,1,ch_a_ques,chaques,_,ċAkES,ch.a.qu.e.s,,pro,DETind,DETind,pmr,cac,DOM,,"CantAnn, l. 75",,,<l n=&quot;75&quot;>
286,75,2,uers,vers,–,vɛrS,v.e.r.s,,pro,NOMcom,NOMcom,pmr,vèrs,DOM,,"CantAnn, l. 75",,,
287,75,3,nous,nous,+,nɔuS,n.o.u.s,,pro,ADJqua,ADJqua,pmr,nòu,DOM,,"CantAnn, l. 75",,,
288,75,4,ab,ab,–,AP,a.b,,pro,PRE,PRE,,ab,DOM,,"CantAnn, l. 75",,,
289,75,5,nos,nos,_,noS,n.o.s,,pro,PRNper,PRNper,5pmr,nós,DOM,,"CantAnn, l. 75",,,
290,75,6,ian,jan,_,ʤAn,j.a.n,,pro,ADVgen,ADVgen,,gén2,DOM,,"CantAnn, l. 75",lemma_SponsT:239,</l>,
291,76,1,De,de,+,QV,d.e,Q/V\,lat,ETR,ETR,,---,---,,"CantAnn, l. 76",,,<l n=&quot;76&quot;>
292,76,2,uir[=uirgine],virgine,|,QVRQVNV,v.i.r.g.i.n.e,'Q/V\R.Q/V\.'N/V\,lat,ETR,ETR,,---,---,,"CantAnn, l. 76",,<supplied reason=&quot;missing&quot;>maria</supplied></l></lg></body></text>,
