wd_id,line_id,line_wd,dipl,word,wd_div,phon,phon_map,lang,pos,pos_syn,morph,lemma,lemma_src,ref,phil_note,tei_right,tei_left
75,10,1,{bat},…bat,|,,,---,---,---,,---,---,"Jonas, recto, l. 10",,<gap/></s>,<lb n=&quot;10&quot;/><s><gap/>
901,70,1,cer,…cer,_,,,---,---,---,,---,---,"Jonas, verso, l. 34",,,<lb n=&quot;34&quot;/><supplied>prebeat</supplied></s><s><supplied>et</supplied>
25,4,1,…end,…end,_,,,---,---,---,,---,---,"Jonas, recto, l. 4",,,<lb n=&quot;4&quot;/><s><gap/>
163,26,7,{ent},…ent,|,,,---,---,---,,---,---,"Jonas, recto, l. 26",,<gap/></s>,
208,33,1,ent,…ent,.,,,---,---,---,,---,---,"Jonas, recto, l. 33",,</s>,<lb n=&quot;33&quot;/><gap/>
81,12,3,eti,…eti…,_,,,---,---,---,,---,---,"Jonas, recto, l. 12",,,<s><gap/>
198,31,5,…il,…il,_,,,---,---,---,,---,---,"Jonas, recto, l. 31",,,<gap/>
56,6,7,…ir…,…ir…,_,,,---,---,---,,---,---,"Jonas, recto, l. 6",,,<gap/>
67,8,2,ire,…ire,_,,,---,---,---,,---,---,"Jonas, recto, l. 8",,,<supplied>il</supplied><gap/>
102,16,4,n,…n…,|,,,---,---,---,,---,---,"Jonas, recto, l. 16",,<gap/></s>,<gap/>
167,27,4,…nt,…nt,_,,,---,---,---,,---,---,"Jonas, recto, l. 27",,,<gap/>
131,22,1,p,…p…,_,,,---,---,---,,---,---,"Jonas, recto, l. 22",,,<lb n=&quot;22&quot;/><s><gap/>
101,16,3,q[e]t,…qet,_,,,---,---,---,,---,---,"Jonas, recto, l. 16",,,<gap/>
144,24,2,que,…que,_,,,---,---,---,,---,---,"Jonas, recto, l. 24",,,
86,12,8,…re,…re,|,,,---,---,---,,---,---,"Jonas, recto, l. 12",,<gap/></s>,
100,16,2,reu,…reu,_,,,---,---,---,,---,---,"Jonas, recto, l. 16",,,<gap/>
146,24,4,tre,…tre,_,,,---,---,---,,---,---,"Jonas, recto, l. 24",,,<gap/>
169,27,6,…ts,…ts,_,,,---,---,---,,---,---,"Jonas, recto, l. 27",,,<gap/>
187,30,1,ude,…ude,_,,,---,---,---,,---,---,"Jonas, recto, l. 30",,,<lb n=&quot;30&quot;/>
879,69,1,ure,…ure,+,,,---,---,---,,---,---,"Jonas, verso, l. 33",,,<lb n=&quot;33&quot;/><gap/>
150,24,8,a,a,|,,,---,---,---,,---,---,"Jonas, recto, l. 24",,<gap/></s>,<gap/>
168,27,5,a…,a…,_,,,---,---,---,,---,---,"Jonas, recto, l. 27",,,
22,3,5,aire,aire,_,,,---,---,---,,---,---,"Jonas, recto, l. 3",,,<gap/>
654,58,1,alair,alair,_,,,---,---,---,,---,---,"Jonas, verso, l. 22",,,<lb n=&quot;22&quot;/><s><q><gap/>
99,16,1,car,car,_,,,---,---,---,,---,---,"Jonas, recto, l. 16",,,<lb n=&quot;16&quot;/><s><gap/>
301,40,12,celor,celor,_,,,---,?,?,,?,?,"Jonas, verso, l. 4",,,
197,31,4,ces,ces,_,,,---,---,---,,---,---,"Jonas, recto, l. 31",,,<gap/>
96,15,2,ci,ci,_,,,---,---,---,,---,---,"Jonas, recto, l. 15",,,
152,25,2,cie,cie…,_,,,---,---,---,,---,---,"Jonas, recto, l. 25",,,
98,15,4,co,co,|,,,---,---,---,,---,---,"Jonas, recto, l. 15",,<gap/></s>,<gap/>
165,27,2,co,co,_,,,---,---,---,,---,---,"Jonas, recto, l. 27",,,<gap/>
166,27,3,{co},co,_,,,---,---,---,,---,---,"Jonas, recto, l. 27",,,<gap/>
212,33,5,co,co…,_,,,---,---,---,,---,---,"Jonas, recto, l. 33",,,
78,11,3,de,de,|,,,---,---,---,,---,---,"Jonas, recto, l. 11",,<gap/></s><s><supplied>et erat ionas</supplied>,<gap/>
95,15,1,{de},de,_,,,---,---,---,,---,---,"Jonas, recto, l. 15",,,<lb n=&quot;15&quot;/><s><gap/>
164,27,1,{de},de,_,,,---,---,---,,---,---,"Jonas, recto, l. 27",,,<lb n=&quot;27&quot;/><s><gap/>
215,33,8,{deb},deb…,|,,,---,---,---,,---,---,"Jonas, recto, l. 33",,<gap/></s></p>,
203,32,3,dei,dei…,_,,,---,---,---,,---,---,"Jonas, recto, l. 32",,,
50,6,1,{des},des,_,,,---,---,---,,---,---,"Jonas, recto, l. 6",,,<lb n=&quot;6&quot;/><gap/><supplied>sanguinem ne</supplied>
19,3,2,{dicit},dicit,_,,,---,---,---,,---,---,"Jonas, recto, l. 3",,,<gap/>
57,6,8,dite,dite,|,,,---,---,---,,---,---,"Jonas, recto, l. 6",,<gap/></s>,<gap/>
184,29,5,e…,e…,_,,,---,---,---,,---,---,"Jonas, recto, l. 29",,,
506,50,19,ec,ec,|,,,---,---,---,,---,---,"Jonas, verso, l. 14",,,<s>
103,17,1,eila,eila,_,,,---,---,---,,---,---,"Jonas, recto, l. 17",,,
117,19,1,el,el,_,,,---,---,---,,---,---,"Jonas, recto, l. 19",,,<lb n=&quot;19&quot;/><s><gap/>
94,14,2,{exaud},exaud…,|,,,---,---,---,,---,---,"Jonas, recto, l. 14",,<gap/></s>,
200,31,7,in,in,|,,,---,---,---,,---,---,"Jonas, recto, l. 31",,<gap/></s>,
201,32,1,l,l,_,,,---,---,---,,---,---,"Jonas, recto, l. 32",,,<lb n=&quot;32&quot;/><s><gap/>
202,32,2,lun,lun,_,,,---,---,---,,---,---,"Jonas, recto, l. 32",,,<gap/>
74,9,1,maisso,maisso,|,,,---,---,---,,---,---,"Jonas, recto, l. 9",,<gap/></s>,<lb n=&quot;9&quot;/><s><gap/>
959,73,1,meum,meum,_,,,---,---,---,,---,---,"Jonas, verso, l. 37",,,<lb n=&quot;37&quot;/><gap/>
233,36,4,mo,mo…,|,,,---,---,---,,---,---,"Jonas, recto, l. 36",,<gap/></s></secl></p>,
55,6,6,n…,n…,_,,,---,---,---,,---,---,"Jonas, recto, l. 6",,,
149,24,7,no,no,_,,,---,---,---,,---,---,"Jonas, recto, l. 24",,,<gap/>
21,3,4,{no},no…,_,,,---,---,---,,---,---,"Jonas, recto, l. 3",,,
119,19,3,od,od,_,,,---,---,---,,---,---,"Jonas, recto, l. 19",,,<gap/>
229,35,4,s,s…,|,,,---,---,---,,---,---,"Jonas, recto, l. 35",,<gap/></s>,
196,31,3,{si},si,_,,,---,---,---,,---,---,"Jonas, recto, l. 31",,,
118,19,2,u,u,_,,,---,---,---,,---,---,"Jonas, recto, l. 19",,,
120,19,4,u,u,_,,,---,---,---,,---,---,"Jonas, recto, l. 19",,,
97,15,3,uelgent,velgent,_,,,---,---,---,,---,---,"Jonas, recto, l. 15",,,<gap/>
33,4,9,a,a,+,a,,fro,PRE,PRE,,à,DMF,"Jonas, recto, l. 4",,,
45,5,11,{a},a,_,a,,fro,PRE,PRE,,à,DMF,"Jonas, recto, l. 5",,,
154,25,4,a,a,_,a,,fro,PRE,PRE,,à,DMF,"Jonas, recto, l. 25",,,
417,46,9,a,a,_,a,,fro,PRE,PRE,,à,DMF,"Jonas, verso, l. 10",,,
460,48,12,a,a,_,a,,fro,PRE,PRE,,à,DMF,"Jonas, verso, l. 12",,,
464,48,16,a,a,_,a,,fro,PRE,PRE,,à,DMF,"Jonas, verso, l. 12",,,
629,56,16,a,a,_,a,,fro,PRE,PRE,,à,DMF,"Jonas, verso, l. 20",,,<gap/>
838,67,1,acheder,acheder,_,AkEdær,a.ch.e.d.e.r,fro,VERinf,VERinf,,acheter,DMF,"Jonas, verso, l. 31",,,<lb n=&quot;31&quot;/><s><gap/>
704,60,8,ache{derent},achederent,_,AkEdærəNT,a.ch.e.d.e.r.e.n.t,fro,VERcjg,VERcjg,indpsp6,acheter,DMF,"Jonas, verso, l. 24",,,
495,50,8,ad,ad,_,að,,fro,PRE,PRE,,à,DMF,"Jonas, verso, l. 14",,,
805,65,1,aiest,aiest,_,Ai-əST,a.i..e.s.t,fro,VERcjg,VERcjg,imp---5,avoir,DMF,"Jonas, verso, l. 29",,,<lb n=&quot;29&quot;/><supplied>inimicitiam</supplied></s><s><supplied>mais</supplied>
796,64,10,aiet,aiet,_,Ai-əð,a.i..e.t,fro,VERcjg,VERcjg,subpst3,avoir,DMF,"Jonas, verso, l. 28",,,
5,1,5,aler,aler,_,Alær,,fro,VERinf,VERinf,,aller,DMF,"Jonas, recto, l. 1",,,
826,66,5,alsmos{nes},alsmosnes,_,ALSmòSNəS,,fro,NOMcom,NOMcom,pfr,aumône,DMF,"Jonas, verso, l. 30",,,
206,32,6,ancel,ancel,_,ANÇèl,,fro,NOMcom,NOMcom,---,ancel,DMF,"Jonas, recto, l. 32",,,
581,54,16,astrei{ent},astreient,_,ASTrEi-əNT,a.s.t.r.e.i..e.n.t,fro,VERcjg,VERcjg,con---6,être,DMF,"Jonas, verso, l. 18",,,
304,40,15,astreiet,astreiet,_,ASTrEi-əð,a.s.t.r.e.i..e.t,fro,VERcjg,VERcjg,con---3,être,DMF,"Jonas, verso, l. 4",,,
393,45,1,astreiet,astreiet,_,ASTrEi-əð,a.s.t.r.e.i..e.t,fro,VERcjg,VERcjg,con---3,être,DMF,"Jonas, verso, l. 9",,,<lb n=&quot;9&quot;/><supplied>sa promesse</supplied></s><s><supplied>se ninive destruite</supplied>
389,44,16,auardeuet,auardevet,_,A-uArdævəð,a..u.a.r.d.e.v.e.t,fro,VERcjg,VERcjg,indipf3,agarder,DMF,"Jonas, verso, l. 8",,,
961,73,3,auant,avant,_,AvANT,,fro,ADVgen,ADVgen,,avant,DMF,"Jonas, verso, l. 37",,,
549,53,1,iet[=aueiet],aveiet,.,AvEi-əð,a.v.e.i..e.t,fro,VERcjg,VERcjg,indipf3,avoir,DMF,"Jonas, verso, l. 17",,</s>,<lb n=&quot;17&quot;/><supplied>dolor</supplied>
779,63,16,aueist,aveist,_,AvEiST,,fro,VERcjg,VERcjg,indpst5,avoir,DMF,"Jonas, verso, l. 27",,,
786,63,23,auient,avient,|,AviENT,,fro,VERcjg,VERcjg,indpst0,avenir,DMF,"Jonas, verso, l. 27",,,
787,64,1,n[=bien],bien,_,biEn,,fro,NOMcom,NOMcom,smr,bien,DMF,"Jonas, verso, l. 28",,,<lb n=&quot;28&quot;/><supplied>qe</supplied>
568,54,3,car,car,_,kar,,fro,CONcoo,CONcoo,,car,DMF,"Jonas, verso, l. 18",,,<s>
79,12,1,cel,cel,_,Çel,,fro,DETdem,DETdem,smr,cil,DMF,"Jonas, recto, l. 12",,,<lb n=&quot;12&quot;/><supplied>ventre de</supplied>
365,43,12,cel,cel,_,Çel,,fro,DETdem,DETdem,smr,cil,DMF,"Jonas, verso, l. 7",,,
418,46,10,cel,cel,_,Çel,,fro,DETdem,DETdem,smr,cil,DMF,"Jonas, verso, l. 10",,,
456,48,8,cel,cel,_,Çel,,fro,DETdef,DETdef,sfr,cil,DMF,"Jonas, verso, l. 12",,,
500,50,13,cel,cel,_,Çel,,fro,DETdem,DETdem,sfr,cil,DMF,"Jonas, verso, l. 14",,,
544,52,15,cel,cel,_,Çel,,fro,DETdem,DETdem,sfr,cil,DMF,"Jonas, verso, l. 16",,,
695,59,19,cel,cel,_,Çel,,fro,DETdem,DETdem,smr,cil,DMF,"Jonas, verso, l. 23",,,
741,61,21,cel,cel,_,Çel,,fro,DETdem,DETdem,smr,cil,DMF,"Jonas, verso, l. 25",,,
748,62,3,cel,cel,_,Çel,,fro,DETdem,DETdem,smr,cil,DMF,"Jonas, verso, l. 26",,,
373,43,20,cele,cele,|,Çelə,,fro,DETdem,DETdem,sfr,cil,DMF,"Jonas, verso, l. 7",,,
675,58,22,cele,cele,_,Çelə,,fro,DETdem,DETdem,sfr,cil,DMF,"Jonas, verso, l. 22",,,
941,72,7,cele,cele,_,Çelə,,fro,DETdem,DETdem,sfr,cil,DMF,"Jonas, verso, l. 36",,,
945,72,11,cele,cele,.,Çelə,,fro,DETdem,DETdem,sfr,cil,DMF,"Jonas, verso, l. 36",,,
835,66,14,cert,cert,_,ÇèrT,,fro,ADJqua,ADVgen,,cert,DMF,"Jonas, verso, l. 30",,,<s>
789,64,3,cest,cest,_,ÇeST,,fro,DETdem,DETdem,smr,cist,DMF,"Jonas, verso, l. 28",,,
847,67,10,cest,cest,_,ÇeST,,fro,DETdef,DETdef,smr,cist,DMF,"Jonas, verso, l. 31",,,
866,68,10,cest,cest,_,ÇeST,,fro,DETdem,DETdem,smr,cist,DMF,"Jonas, verso, l. 32",,,
658,58,5,ceste,ceste,_,ÇeSTə,,fro,DETdem,DETdem,sfr,cist,DMF,"Jonas, verso, l. 22",,,
171,28,1,ere[=chaiere],chaiere,_,kA-iErə,ch.a..i.e.r.e,fro,NOMcom,NOMcom,sfr,chaire,DMF,"Jonas, recto, l. 28",,,<lb n=&quot;28&quot;/>
806,65,2,cherte,cherte,_,kÆrtæ,ch.e.r.t.e,fro,NOMcom,NOMcom,sfr,cherté,DMF,"Jonas, verso, l. 29",,,
434,47,5,cheue,cheve,_,kævə,ch.e.v.e,fro,NOMcom,NOMcom,smr,chef,DMF,"Jonas, verso, l. 11",,,
183,29,4,chi,chi,_,ki,ch.i,fro,PRNrel,PRNrel,smn,qui,DMF,"Jonas, recto, l. 29",,,
555,53,7,chi,chi,_,ki,ch.i,fro,PRNrel,PRNrel,pmn,qui,DMF,"Jonas, verso, l. 17",,,
764,63,1,chi,chi,_,ki,ch.i,fro,PRNrel,PRNrel,pmn,qui,DMF,"Jonas, verso, l. 27",,,<lb n=&quot;27&quot;/><gap/>
851,67,14,chi,chi,_,ki,ch.i,fro,PRNrel,PRNrel,smn,qui,DMF,"Jonas, verso, l. 31",,,
145,24,3,cil,cil,_,Çil,c.i.l,fro,---,---,---,cil,DMF,"Jonas, recto, l. 24",,,
504,50,17,cil,cil,_,Çil,c.i.l,fro,PRNdem,PRNdem,smn,cil,DMF,"Jonas, verso, l. 14",,,
547,52,18,cil,cil,_,Çil,c.i.l,fro,PRNdem,PRNdem,smn,cil,DMF,"Jonas, verso, l. 16",,,
672,58,19,Cil,cil,_,Çil,c.i.l,fro,DETdem,DETdem,pmn,cil,DMF,"Jonas, verso, l. 22",,,<s>
774,63,11,cil,cil,_,Çil,c.i.l,fro,PRNdem,PRNdem,pmn,cil,DMF,"Jonas, verso, l. 27",,,
228,35,3,cilge,cilge,_,ÇiLʤə,,fro,---,---,,cil,DMF,"Jonas, recto, l. 35",,,
507,51,1,cilge,cilge,_,ÇiLʤə,,fro,DETdem,DETdem,sfn,cil,DMF,"Jonas, verso, l. 15",,,<lb n=&quot;15&quot;/><gap/>
12,2,5,cise,cise,_,ÇiSə,,fro,DETdem,DETdem,sfn,cist,DMF,"Jonas, recto, l. 2",,,
54,6,5,cist,cist,_,ÇiST,,fro,---,---,---,cist,DMF,"Jonas, recto, l. 6",,,<s><gap/>
189,30,3,cist,cist,_,ÇiST,,fro,DETdem,DETdem,pmr,cist,DMF,"Jonas, recto, l. 30",,,
91,13,5,{co},co,_,Çò,,fro,PRNdem,PRNdem,snr,ce,DMF,"Jonas, recto, l. 13",,,
279,39,10,{co},co,_,Çò,,fro,PRNdem,PRNdem,,ce,DMF,"Jonas, verso, l. 3",,,
298,40,9,{co},co,_,Çò,,fro,PRNdem,PRNdem,snr,ce,DMF,"Jonas, verso, l. 4",,,
303,40,14,{co},co,_,Çò,,fro,PRNdem,PRNdem,snn,ce,DMF,"Jonas, verso, l. 4",,,<s>
360,43,7,{co},co,_,Çò,,fro,PRNdem,PRNdem,,ce,DMF,"Jonas, verso, l. 7",,,
420,46,12,{co},co,_,Çò,,fro,PROdem,PROdem,snr,ce,DMF,"Jonas, verso, l. 10",,,
451,48,3,{co},co,_,Çò,,fro,PRNdem,PRNdem,,ce,DMF,"Jonas, verso, l. 12",,,
490,50,3,{co},co,_,Çò,,fro,PRNdem,PRNdem,,ce,DMF,"Jonas, verso, l. 14",,,
569,54,4,{co},co,_,Çò,,fro,PRNdem,PRNdem,snr,ce,DMF,"Jonas, verso, l. 18",,,
725,61,5,{co},co,_,Çò,,fro,PRNdem,PRNdem,,ce,DMF,"Jonas, verso, l. 25",,,
836,66,15,{co},co,_,Çò,,fro,PRNdem,PRNdem,snr,ce,DMF,"Jonas, verso, l. 30",,,
839,67,2,{co},co,_,Çò,,fro,PRNdem,PRNdem,,ce,DMF,"Jonas, verso, l. 31",,,
688,59,12,co[m]burir,comburir,.,kONbyrir,,fro,VERinf,VERinf,,comburir,DMF,"Jonas, verso, l. 23",,,
794,64,8,com[en]ciest,comenciest,.,kOmENÇiEST,,fro,VERcjg,VERcjg,subpst5,commencer,DMF,"Jonas, verso, l. 28",,,
800,64,14,{contra},contra,_,kONtrə,,fro,PRE,PRE,,contre,DMF,"Jonas, verso, l. 28",,,
697,60,1,on[=contrition],contrition,_,kONtriÇi-On,c.o.n.t.r.i.t.i..o.n,fro,NOMcom,NOMcom,sfr,contrition,DMF,"Jonas, verso, l. 24",,,<lb n=&quot;24&quot;/><supplied>ieiunium si</supplied>
370,43,17,conuers,convers,.,kONvèrS,,fro,VERppe,VERppe,smr,convertir,DMF,"Jonas, verso, l. 7",,</s>,
731,61,11,c[on]uers,convers,_,kONvèrS,,fro,VERppe,VERppe,pmn,convertir,DMF,"Jonas, verso, l. 25",,,
286,39,17,correcious,correcious,_,korrEÇouS,c.o.r.r.e.ci.o.u.s,fro,ADJqua,ADJqua,smn,courrouceux,DMF,"Jonas, verso, l. 3",,,
701,60,5,{corrovement},corrovement,_,korrovEmENT,,fro,NOMcom,NOMcom,smr,corrovement,JonasP,"Jonas, verso, l. 24",,,
238,37,5,{cum},cum,_,kOm,,fro,CONsub,CONsub,,comme,DMF,"Jonas, verso, l. 1",,,
312,41,3,{cum},cum,_,kOm,,fro,CONsub,CONsub,,comme,DMF,"Jonas, verso, l. 5",,,
362,43,9,{cum},cum,_,kOm,,fro,CONsub,CONsub,,comme,DMF,"Jonas, verso, l. 7",,,
390,44,17,{cum},cum,_,kOm,,fro,CONsub,CONsub,,comme,DMF,"Jonas, verso, l. 8",,,
586,54,21,{cum},cum,_,kOm,,fro,CONsub,CONsub,,comme,DMF,"Jonas, verso, l. 18",,,
724,61,4,{cum},cum,_,kOm,,fro,CONsub,CONsub,,comme,DMF,"Jonas, verso, l. 25",,,
758,62,13,{Cum},cum,_,kOm,,fro,CONsub,CONsub,,comme,DMF,"Jonas, verso, l. 26",,,<s>
768,63,5,{cum},cum,_,kOm,,fro,CONsub,CONsub,,comme,DMF,"Jonas, verso, l. 27",,,
773,63,10,{cum},cum,_,kOm,,fro,CONsub,CONsub,,comme,DMF,"Jonas, verso, l. 27",,,
828,66,7,{cum},cum,_,kOm,,fro,CONsub,CONsub,,comme,DMF,"Jonas, verso, l. 30",,,
954,72,20,{cum},cum,_,kOm,,fro,CONsub,CONsub,,comme,DMF,"Jonas, verso, l. 36",,,
243,37,10,{de},de,_,dE,,fro,PRE,PRE,,de,DMF,"Jonas, verso, l. 1",,,
378,44,5,{de},de,_,dE,,fro,PRE,PRE,,de,DMF,"Jonas, verso, l. 8",,,
674,58,21,{de},de,_,dE,,fro,PRE,PRE,,de,DMF,"Jonas, verso, l. 22",,,
740,61,20,de,de,_,dE,,fro,PRE,PRE,,de,DMF,"Jonas, verso, l. 25",,,
747,62,2,de,de,_,dE,,fro,PRE,PRE,,de,DMF,"Jonas, verso, l. 26",,,
846,67,9,{de},de,_,dE,,fro,PRE,PRE,,de,DMF,"Jonas, verso, l. 31",,,
860,68,4,{de},de,_,dE,,fro,PRE,PRE,,de,DMF,"Jonas, verso, l. 32",,,
771,63,8,deent,deent,.,de-ənt,d.e..e.n.t,fro,VERcjg,VERcjg,indpst6,devoir,DMF,"Jonas, verso, l. 27",,,
682,59,6,delir,delir,.,dElir,,fro,VERcjg,VERcjg,,delir,DMF,"Jonas, verso, l. 23",,,
374,44,1,ret[=demoret],demoret,.,dEmoræð,,fro,VERppe,VERppe,snr,demeurer,DMF,"Jonas, verso, l. 8",,</s>,<lb n=&quot;8&quot;/><supplied>civitate</supplied><gap/><supplied>habuit</supplied>
88,13,2,eus[=deus],deus,_,dæuS,,fro,NOMpro,NOMpro,smn,Dieu,DMF,"Jonas, recto, l. 13",,,<s><q>
391,44,18,{deus},deus,_,dæuS,,fro,NOMpro,NOMpro,smn,Dieu,DMF,"Jonas, verso, l. 8",,,
455,48,7,{deus},deus,_,dæuS,,fro,NOMpro,NOMpro,smn,Dieu,DMF,"Jonas, verso, l. 12",,,
494,50,7,{deus},deus,_,dæuS,,fro,NOMpro,NOMpro,smn,Dieu,DMF,"Jonas, verso, l. 14",,,
622,56,9,{deus},deus,_,dæuS,,fro,NOMpro,NOMpro,smn,Dieu,DMF,"Jonas, verso, l. 20",,,
955,72,21,dist,dist,_,diST,,fro,VERcjg,VERcjg,indpsp3,dire,DMF,"Jonas, verso, l. 36",,,
962,73,4,dist,dist,.|,diST,,fro,VERcjg,VERcjg,indpsp3,dire,DMF,"Jonas, verso, l. 37",,</s></secl></p></body></text>,
49,5,15,distre[=distrent],distrent,|,diStrəNT,,fro,VERcjg,VERcjg,indpsp6,dire,DMF,"Jonas, recto, l. 5",,<q><supplied>quaesumus domine</supplied>,
309,40,20,doleiet,doleiet,|,dolEi-əNT,d.o.l.e.i..e.n.t,fro,VERcjg,VERcjg,indipf3,douloir,DMF,"Jonas, verso, l. 4",,,
567,54,2,doliants,doliants,.,doliANTS,,fro,ADJqua,ADJqua,smn,dolant,DMF,"Jonas, verso, l. 18",,</s>,
645,57,15,dolreie,dolreie,_,doLrEi-ə,d.o.l.r.e.i..e,fro,VERcjg,VERcjg,con---1,douloir,DMF,"Jonas, verso, l. 21",,,
459,48,11,{donat},donat,_,dOnað,,fro,VERcjg,VERcjg,indpsp3,donner,DMF,"Jonas, verso, l. 12",,,
627,56,14,douls,douls,_,doLS,d.ou.l.s,fro,VERcjg,VERcjg,indpst2,douloir,DMF,"Jonas, verso, l. 20",Pope:§1320.vi,,
278,39,9,dunc,dunc,_,dONK,,fro,ADVgen,ADVgen,,donc,DMF,"Jonas, verso, l. 3",,,<s>
359,43,6,dunc,dunc,_,dONK,,fro,ADVgen,ADVgen,,donc,DMF,"Jonas, verso, l. 7",,,<s>
489,50,2,{dunc},dunc,_,dONK,,fro,ADVgen,ADVgen,,donc,DMF,"Jonas, verso, l. 14",,,<s>
619,56,6,dunc,dunc,_,dONK,,fro,ADVgen,ADVgen,,donc,DMF,"Jonas, verso, l. 20",,,<s><hi rend=&quot;underline&quot;>
546,52,17,dunt,dunt,_,dONT,,fro,PRNrel,PRNrel,---,dont,DMF,"Jonas, verso, l. 16",,,
777,63,14,dunt,dunt,_,dONT,,fro,PRNrel,PRNrel,---,dont,DMF,"Jonas, verso, l. 27",,,
942,72,8,durecie,durecie,.,dyreʦə,d.u.r.e.ci.e,fro,NOMcom,NOMcom,sfr,duresse,DMF,"Jonas, verso, l. 36",,,
15,2,8,e,e,_,e,,fro,CONcoo,CONcoo,,et,DMF,"Jonas, recto, l. 2",,,<s>
47,5,13,e,e,_,e,,fro,CONcoo,CONcoo,,et,DMF,"Jonas, recto, l. 5",,,<s>
68,8,3,e,e,_,e,,fro,CONcoo,CONcoo,,et,DMF,"Jonas, recto, l. 8",,,
105,17,3,e,e,_,e,,fro,CONcoo,CONcoo,,et,DMF,"Jonas, recto, l. 17",,,
173,28,3,e,e,_,e,,fro,CONcoo,CONcoo,,et,DMF,"Jonas, recto, l. 28",,,<s>
178,28,8,e,e,_,e,,fro,CONcoo,CONcoo,,et,DMF,"Jonas, recto, l. 28",,,<s>
186,29,7,e,e,|,e,,fro,CONcoo,CONcoo,,et,DMF,"Jonas, recto, l. 29",,<gap/>,<s>
204,32,4,e,e,_,e,,fro,CONcoo,CONcoo,,et,DMF,"Jonas, recto, l. 32",,,<gap/>
207,32,7,e,e,|,e,,fro,CONcoo,CONcoo,,et,DMF,"Jonas, recto, l. 32",,<gap/>,
209,33,2,e,e,_,e,,fro,CONcoo,CONcoo,,et,DMF,"Jonas, recto, l. 33",,,<s>
245,37,12,e,e,_,e,,fro,CONcoo,CONcoo,,et,DMF,"Jonas, verso, l. 1",,,<s>
250,37,17,e,e,|,e,,fro,CONcoo,CONcoo,,et,DMF,"Jonas, verso, l. 1",,<gap/>,
287,39,18,e,e,_,e,,fro,CONcoo,CONcoo,,et,DMF,"Jonas, verso, l. 3",,,
292,40,3,e,e,_,e,,fro,CONcoo,CONcoo,,et,DMF,"Jonas, verso, l. 4",,,
307,40,18,e,e,_,e,,fro,CONcoo,CONcoo,,et,DMF,"Jonas, verso, l. 4",,,<s>
321,41,12,e,e,_,e,,fro,PRE,PRE,,en,DMF,"Jonas, verso, l. 5",,,
369,43,16,e,e,_,e,,fro,CONcoo,CONcoo,,et,DMF,"Jonas, verso, l. 7",,,
381,44,8,e,e,_,e,,fro,CONcoo,CONcoo,,et,DMF,"Jonas, verso, l. 8",,,<s>
387,44,14,e,e,_,e,,fro,CONcoo,CONcoo,,et,DMF,"Jonas, verso, l. 8",,,<s>
414,46,6,e,e,_,e,,fro,CONcoo,CONcoo,,et,DMF,"Jonas, verso, l. 10",,,
422,46,14,e,e,_,e,,fro,CONcoo,CONcoo,,et,DMF,"Jonas, verso, l. 10",,,<s>
439,47,10,e,e,_,e,,fro,CONcoo,CONcoo,,et,DMF,"Jonas, verso, l. 11",,,<s>
563,53,15,e,e,_,e,,fro,CONcoo,CONcoo,,et,DMF,"Jonas, verso, l. 17",,,<s>
642,57,12,e,e,_,e,,fro,CONcoo,CONcoo,,et,DMF,"Jonas, verso, l. 21",,,<s><q>
683,59,7,e,e,_,e,,fro,CONcoo,CONcoo,,et,DMF,"Jonas, verso, l. 23",,,
699,60,3,e,e,_,e,,fro,CONcoo,CONcoo,,et,DMF,"Jonas, verso, l. 24",,,<s>
736,61,16,e,e,_,e,,fro,CONcoo,CONcoo,,et,DMF,"Jonas, verso, l. 25",,,
772,63,9,e,e,_,e,,fro,CONcoo,CONcoo,,et,DMF,"Jonas, verso, l. 27",,,
781,63,18,e,e,_,e,,fro,CONcoo,CONcoo,,et,DMF,"Jonas, verso, l. 27",,,<s>
831,66,10,e,e,_,e,,fro,CONcoo,CONcoo,,et,DMF,"Jonas, verso, l. 30",,,<s><hi rend=&quot;under&quot;> 
859,68,3,e,e,_,e,,fro,CONcoo,CONcoo,,et,DMF,"Jonas, verso, l. 32",,,
882,69,4,e,e,_,e,,fro,CONcoo,CONcoo,,et,DMF,"Jonas, verso, l. 33",,,<s>
956,72,22,e,e,_,e,,fro,PRE,PRE,,en,DMF,"Jonas, verso, l. 36",,,
431,47,2,edre,edre,_,èðrə,,fro,NOMcom,NOMcom,sfr,lierre,DMF,"Jonas, verso, l. 11",,,
457,48,9,edre,edre,_,èðrə,,fro,NOMcom,NOMcom,sfr,lierre,DMF,"Jonas, verso, l. 12",,,
501,50,14,edre,edre,_,èðrə,,fro,NOMcom,NOMcom,sfr,lierre,DMF,"Jonas, verso, l. 14",,,
508,51,2,edre,edre,_,èðrə,,fro,NOMcom,NOMcom,sfn,lierre,DMF,"Jonas, verso, l. 15",,,
545,52,16,edre,edre,_,èðrə,,fro,NOMcom,NOMcom,sfr,lierre,DMF,"Jonas, verso, l. 16",,,
18,3,1,eisi,eisi,_,Eisi,,fro,ADVgen,ADVgen,,ainsi,DMF,"Jonas, recto, l. 3",,,<lb n=&quot;3&quot;/><s><gap/>
253,38,3,els,els,_,eLS,,fro,PRNper,PRNper,6pmr,eux,DMF,"Jonas, verso, l. 2",,,
565,53,17,els,els,|,eLS,,fro,PRNper,PRNper,6pmr,eux,DMF,"Jonas, verso, l. 17",,,
756,62,11,els,els,_,eLS,,fro,PRNper,PRNper,6pmr,eux,DMF,"Jonas, verso, l. 26",,,
188,30,2,en,en,_,EN,,fro,PRE,PRE,,en,DMF,"Jonas, recto, l. 30",,,
372,43,19,{en},en,_,EN,,fro,PRE,PRE,,en,DMF,"Jonas, verso, l. 7",,,
657,58,4,en,en,_,EN,,fro,PRE,PRE,,en,DMF,"Jonas, verso, l. 22",,,
820,65,16,en,en,+,EN,,fro,PRE,PRE,,en,DMF,"Jonas, verso, l. 29",,,
940,72,6,en,en,_,EN,,fro,PRE,PRE,,en,DMF,"Jonas, verso, l. 36",,,
944,72,10,en,en,_,EN,,fro,PRE,PRE,,en,DMF,"Jonas, verso, l. 36",,,
960,73,2,en,en,_,EN,,fro,PRE,PRE,,en,DMF,"Jonas, verso, l. 37",,,
946,72,12,encredulitet,encredulitet,_,ENkrEdylitæð,,fro,NOMcom,NOMcom,sfr,incrédulité,DMF,"Jonas, verso, l. 36",,,
885,69,7,ent,ent,_,ENT,,fro,PRCadv,PRCadv,,en2,DMF,"Jonas, verso, l. 33",,,
890,69,12,ent,ent,_,ENT,,fro,PRCadv,PRCadv,,en2,DMF,"Jonas, verso, l. 33",,,
763,62,18,entelgir,entelgir,|,ENtELʤir,,fro,VERinf,VERinf,,entelgir,Jonas,"Jonas, verso, l. 26",,,
652,57,22,erent,erent,_,èrəNT,,fro,VERcjg,VERcjg,indipf6,être,DMF,"Jonas, verso, l. 21",,,
730,61,10,{erent},erent,_,èrəNT,,fro,VERcjg,VERcjg,indipf6,être,DMF,"Jonas, verso, l. 25",,,
427,46,19,eret,eret,_,èrəð,,fro,VERcjg,VERcjg,indipf3,être,DMF,"Jonas, verso, l. 10",,,
376,44,3,escit,escit,_,ESʦiT,e.s.c.i.t,fro,VERcjg,VERcjg,indpsp3,issir,DMF,"Jonas, verso, l. 8",*,,
10,2,3,{est},est,_,EST,,fro,VERcjg,VERcjg,indpst3,être,DMF,"Jonas, recto, l. 2",,,
822,66,1,stre[=estre],estre,_,èStrə,,fro,VERinf,VERinf,,être,DMF,"Jonas, verso, l. 30",,,<lb n=&quot;30&quot;/><supplied>por en ciel</supplied>
84,12,6,{et},et,_,eð,,fro,CONcoo,CONcoo,,et,DMF,"Jonas, recto, l. 12",,,
371,43,18,{et},et,_,eð,,fro,CONcoo,CONcoo,,et,DMF,"Jonas, verso, l. 7",,,<s>
426,46,18,{et},et,_,eð,,fro,CONcoo,CONcoo,,et,DMF,"Jonas, verso, l. 10",,,<s>
463,48,15,{et},et,_,eð,,fro,CONcoo,CONcoo,,et,DMF,"Jonas, verso, l. 12",,,
762,62,17,{et},et,_,eð,,fro,CONcoo,CONcoo,,et,DMF,"Jonas, verso, l. 26",,,
819,65,15,{et},et,_,eð,,fro,CONcoo,CONcoo,,et,DMF,"Jonas, verso, l. 29",,,<hi rend=&quot;underline&quot;>
943,72,9,et,et,_,eð,,fro,CONcoo,CONcoo,,et,DMF,"Jonas, verso, l. 36",,,
788,64,2,faciest,faciest,_,fAʦiEST,,fro,VERcjg,VERcjg,subpst5,faire,DMF,"Jonas, verso, l. 28",,,
769,63,6,faire,faire,+,fAirə,,fro,VERinf,VERinf,,faire,DMF,"Jonas, verso, l. 27",,,
829,66,8,faire,faire,_,fAirə,,fro,VERinf,VERinf,,faire,DMF,"Jonas, verso, l. 30",,,
83,12,5,fait,fait,_,fAiT,,fro,VERcjg,VERcjg,indpst3,faire,DMF,"Jonas, recto, l. 12",,,
744,61,24,fait,fait,_,fAiT,,fro,VERppe,VERppe,smr,faire,DMF,"Jonas, verso, l. 25",,,
856,67,19,fait,fait,.,fAiT,,fro,VERppe,VERppe,smr,faire,DMF,"Jonas, verso, l. 31",,</hi>,
824,66,3,fai{tes},faites,_,fAitəS,,fro,VERcjg,VERcjg,imp---5,faire,DMF,"Jonas, verso, l. 30",,,<s>
832,66,11,faites,faites,_,fAitəS,,fro,VERcjg,VERcjg,imp---5,faire,DMF,"Jonas, verso, l. 30",,,
767,63,4,fe{ent},feent,_,fE-əNT,f.e..e.n.t,fro,VERcjg,VERcjg,indpst6,faire,DMF,"Jonas, verso, l. 27",,,
396,45,4,fereiet,fereiet,.,fErEi-əð,f.e.r.e.i..e.t,fro,VERcjg,VERcjg,con---3,faire,DMF,"Jonas, verso, l. 9",,</s>,
438,47,9,fesist,fesist,.,fEziST,,fro,VERcjg,VERcjg,subipf3,faire,DMF,"Jonas, verso, l. 11",,</s>,
199,31,6,fi{sient},fisient,_,,,fro,VERcjg,VERcjg,indpsp6,faire,DMF,"Jonas, recto, l. 31",,,
698,60,2,fi{sient},fisient,.,,,fro,VERcjg,VERcjg,indpsp6,faire,DMF,"Jonas, verso, l. 24",,</s>,
702,60,6,fi{sient},fisient,.,,,fro,VERcjg,VERcjg,indpsp6,faire,DMF,"Jonas, verso, l. 24",,</s>,
776,63,13,fi{sient},fisient,_,,,fro,VERcjg,VERcjg,indpsp6,faire,DMF,"Jonas, verso, l. 27",,,
377,44,4,foers,foers,_,fuErS,,fro,ADVgen,ADVgen,,fors,DMF,"Jonas, verso, l. 8",,,
85,12,7,fu,fu,_,fy,,fro,VERcjg,VERcjg,indpsp3,être,DMF,"Jonas, recto, l. 12",,,
211,33,4,fu,fu,_,fy,,fro,VERcjg,VERcjg,indpsp3,être,DMF,"Jonas, recto, l. 33",,,
509,51,3,fu,fu,_,fy,,fro,VERcjg,VERcjg,indpsp3,être,DMF,"Jonas, verso, l. 15",,,
282,39,13,fut,fut,_,fyð,,fro,VERcjg,VERcjg,indpsp3,être,DMF,"Jonas, verso, l. 3",,,
513,51,7,grances{mes},grancesmes,_,grANʦeSməS,,fro,ADJqua,ADJqua,smn,grandisme,TL,"Jonas, verso, l. 15",,,
424,46,16,grant,grant,_,grANT,,fro,ADJqua,ADJqua,smr,grand,DMF,"Jonas, verso, l. 10",,,
153,25,3,haires,haires,_,hAirəS,,fro,NOMcom,NOMcom,pfr,haire,DMF,"Jonas, recto, l. 25",,,
242,37,9,haveir,haveir,_,AvEir,ha.v.e.i.r,fro,VERinf,VERinf,,avoir,DMF,"Jonas, verso, l. 1",,,
62,7,5,il,il,_,il,,fro,PRNper,PRNper,---,il,DMF,"Jonas, recto, l. 7",,,<gap/>
64,7,7,il,il,_,il,,fro,PRNper,PRNper,---,il,DMF,"Jonas, recto, l. 7",,,
239,37,6,il,il,_,il,,fro,PRNper,PRNper,3smn,il,DMF,"Jonas, verso, l. 1",,,
313,41,4,il,il,_,il,,fro,PRNper,PRNper,,il,DMF,"Jonas, verso, l. 5",,,
587,54,22,il,il,_,il,,fro,PRNper,PRNper,6pmn,il,DMF,"Jonas, verso, l. 18",,,
728,61,8,il,il,_,il,,fro,PRNper,PRNper,6pmn,il,DMF,"Jonas, verso, l. 25",,,
751,62,6,il,il,_,il,,fro,PRNper,PRNper,3smn,il,DMF,"Jonas, verso, l. 26",,,
939,72,5,il,il,_,il,,fro,PRNper,PRNper,6pmn,il,DMF,"Jonas, verso, l. 36",,,
289,39,20,iretst,iretst,.|,iræTS,i.r.e.t.st,fro,ADJqua,ADJqua,smn,iré,DMF,"Jonas, verso, l. 3",,</s>,
631,57,1,st[=iretst],iretst,_,iræTS,i.r.e.t.st,fro,ADJqua,ADJqua,smn,iré,DMF,"Jonas, verso, l. 21",,,<lb n=&quot;21&quot;/><supplied>icel edre es mult</supplied>
425,46,17,iholt,jholt,.,ʧòLT,jh.o.l.t,fro,NOMcom,NOMcom,smr,chaud,DMF,"Jonas, verso, l. 10",,</s>,
514,51,8,iholt,jholt,_,ʧòLT,jh.o.l.t,fro,NOMcom,NOMcom,smn,chaud,DMF,"Jonas, verso, l. 15",,,
643,57,13,io,jo,_,ʤò,,fro,PRNper,PRNper,1smn,je,DMF,"Jonas, verso, l. 21",,,
34,4,10,l,l,|,L,,fro,DETdef,DETdef,---,le,DMF,"Jonas, recto, l. 4",,<gap/><supplied>mais</supplied><gap/></s>,
766,63,3,l,l,_,L,,fro,PRCper,PRCper,3smr,le,DMF,"Jonas, verso, l. 27",,,
873,68,17,l,l,_,L,,fro,PRCper,PRCper,3sma,le,DMF,"Jonas, verso, l. 32",,,
379,44,6,la,la,_,La,,fro,DETdef,DETdef,3sfr,le,DMF,"Jonas, verso, l. 8",,,
515,51,9,la,la,_,La,,fro,ADVgen,ADVgen,,là,DMF,"Jonas, verso, l. 15",,,
685,59,9,la,la,_,La,,fro,DETdef,DETdef,sfr,le,DMF,"Jonas, verso, l. 23",,,
413,46,5,laboret,laboret,_,LAboræð,,fro,VERppe,VERppe,snr,labourer,DMF,"Jonas, verso, l. 10",,,
429,46,21,las,las,|,LaS,,fro,ADJqua,ADJqua,,las,DMF,"Jonas, verso, l. 10",,</s>,
322,41,13,le,le,_,LE,,fro,DETdef,DETdef,smr,le,DMF,"Jonas, verso, l. 5",,,
680,59,4,le,le,_,LE,,fro,PRCper,PRCper,3sfr,le,DMF,"Jonas, verso, l. 23",,,
957,72,23,le,le,_,LE,,fro,DETdef,DETdef,smr,le,DMF,"Jonas, verso, l. 36",,,
553,53,5,{les},les,_,LES,,fro,DETdef,DETdef,pmr,le,DMF,"Jonas, verso, l. 17",,,
935,72,1,{les},les,_,LES,,fro,DETdef,DETdef,pmr,le,DMF,"Jonas, verso, l. 36",,,<lb n=&quot;36&quot;/><p><secl><s>
952,72,18,{les},les,_,LES,,fro,PRCper,PRCper,6pma,le,DMF,"Jonas, verso, l. 36",,,
300,40,11,li,li,_,Li,,fro,PRCper,PRCper,3smi,le,DMF,"Jonas, verso, l. 4",,,
437,47,8,li,li,_,Li,,fro,PRCper,PRCper,3smi,le,DMF,"Jonas, verso, l. 11",,,
458,48,10,li,li,_,Li,,fro,PRCper,PRCper,3smi,le,DMF,"Jonas, verso, l. 12",,,
582,54,17,li,li,_,Li,,fro,DETdef,DETdef,,le,DMF,"Jonas, verso, l. 18",,,
841,67,4,li,li,_,Li,,fro,PRCper,PRCper,3smi,le,DMF,"Jonas, verso, l. 31",,,
844,67,7,li,li,_,Li,,fro,PRCper,PRCper,3smi,le,DMF,"Jonas, verso, l. 31",,,
864,68,8,li,li,_,Li,,fro,PRCper,PRCper,3smi,le,DMF,"Jonas, verso, l. 32",,,
894,69,16,li,li,_,Li,,fro,PRCper,PRCper,3smi,le,DMF,"Jonas, verso, l. 33",,,
65,7,8,lo,lo,|,Lo,,fro,PRCper,PRCper,3smr,le,DMF,"Jonas, recto, l. 7",,<gap/></s>,
70,8,5,lo,lo,_,Lo,,fro,---,---,---,le,DMF,"Jonas, recto, l. 8",,,<supplied>o</supplied>
770,63,7,lo,lo,_,Lo,,fro,PRCper,PRCper,3smr,le,DMF,"Jonas, verso, l. 27",,,
775,63,12,lo,lo,_,Lo,,fro,PRCper,PRCper,6smr,le,DMF,"Jonas, verso, l. 27",,,
880,69,2,lo,lo,_,Lo,,fro,PRCper,PRCper,3sma,le,DMF,"Jonas, verso, l. 33",,,
293,40,4,lor,lor,_,Lor,,fro,DETpos,DETpos,6smr,leur,DMF,"Jonas, verso, l. 4",,,
295,40,6,lor,lor,_,Lor,,fro,PRCper,PRCper,6pmi,leur,DMF,"Jonas, verso, l. 4",,,
889,69,11,lui,lui,_,Lyi,,fro,PRNper,PRNper,3smi,lui,DMF,"Jonas, verso, l. 33",,,
310,41,1,lur,lur,_,Lor,,fro,DETpos,DETpos,6smr,leur,DMF,"Jonas, verso, l. 5",,,<lb n=&quot;5&quot;/><supplied>tant</supplied><gap/><supplied>de</supplied>
798,64,12,male,male,_,malə,,fro,ADJqua,ADJqua,sfr,mal2,DMF,"Jonas, verso, l. 28",,,
861,68,5,mals,mals,_,maLS,,fro,ADJqua,ADJqua,pmr,mal2,DMF,"Jonas, verso, l. 32",,,
742,61,22,mel,mel,_,mæl,,fro,NOMcom,NOMcom,smr,mal,DMF,"Jonas, verso, l. 25",,,
254,38,4,metreiet,metreiet,.,mEtrEi-əð,m.e.t.r.e.i..e.t,fro,VERcjg,VERcjg,con---3,mettre,DMF,"Jonas, verso, l. 2",,</s>,
757,62,12,mettreiet,mettreiet,.,mEtrEi-əð,m.e.tt.r.e.i..e.t,fro,VERcjg,VERcjg,con---3,mettre,DMF,"Jonas, verso, l. 26",,</s>,
869,68,13,mostret,mostret,_,moStræð,,fro,VERppe,VERppe,smr,montrer,DMF,"Jonas, verso, l. 32",,,
36,5,2,moud,moud,_,,,---,---,---,,---,---,"Jonas, recto, l. 5",,,
285,39,16,mult,mult,_,moLT,,fro,ADVgen,ADVgen,,moult,DMF,"Jonas, verso, l. 3",,,
288,39,19,mult,mult,_,moLT,,fro,ADVgen,ADVgen,,moult,DMF,"Jonas, verso, l. 3",,,
412,46,4,mult,mult,_,moLT,,fro,PROind,PROind,snr,moult,DMF,"Jonas, verso, l. 10",,,
415,46,7,mult,mult,_,moLT,,fro,ADVgen,ADVgen,,moult,DMF,"Jonas, verso, l. 10",,,
428,46,20,mult,mult,_,moLT,,fro,ADVgen,ADVgen,,moult,DMF,"Jonas, verso, l. 10",,,
449,48,1,ult[=mult],mult,_,moLT,,fro,ADVgen,ADVgen,,moult,DMF,"Jonas, verso, l. 12",,,<lb n=&quot;12&quot;/><supplied>letitia magna</supplied></s><s><supplied>dunc fut jonas</supplied>
628,56,15,mult,mult,_,moLT,,fro,ADVgen,ADVgen,,moult,DMF,"Jonas, verso, l. 20",,,
89,13,3,n,n,+,n,,fro,ADVneg,ADVneg,,ne,DMF,"Jonas, recto, l. 13",,,
82,12,4,{ne},ne,_,nE,,fro,ADVneg,ADVneg,,ne,DMF,"Jonas, recto, l. 12",,,<gap/>
308,40,19,ne,ne,_,nE,,fro,ADVneg,ADVneg,,ne,DMF,"Jonas, verso, l. 4",,,
395,45,3,{ne},ne,_,nE,,fro,ADVneg,ADVneg,,ne,DMF,"Jonas, verso, l. 9",,,
644,57,14,{ne},ne,_,nE,,fro,ADVneg,ADVneg,,ne,DMF,"Jonas, verso, l. 21",,,
795,64,9,ne,ne,_,nE,,fro,CONcoo,CONcoo,,ni,DMF,"Jonas, verso, l. 28",,,
803,64,17,{ne},ne,_,nE,,fro,CONcoo,CONcoo,,ni,DMF,"Jonas, verso, l. 28",,,
35,5,1,niul,niul,_,ni-yl,n.i..u.l,fro,DETind,DETind,smr,nul,DMF,"Jonas, recto, l. 5",,,<lb n=&quot;5&quot;/><s><gap/>
181,29,2,niuls,niuls,_,ni-yLS,n.i..u.l.s,fro,PRNind,PRNind,smn,nul,DMF,"Jonas, recto, l. 29",,,
797,64,11,niuls,niuls,_,ni-yLS,n.i..u.l.s,fro,PRNind,PRNind,smn,nul,DMF,"Jonas, verso, l. 28",,,
870,68,14,{nos},nos,_,noS,,fro,PRCper,PRCper,4pmi,nous,DMF,"Jonas, verso, l. 32",,,
874,68,18,{nos},nos,_,noS,,fro,PRCper,PRCper,4pmi,nous,DMF,"Jonas, verso, l. 32",,,
783,63,20,o,o,_,o,,fro,PRNdem,PRNdem,snr,o4,DMF,"Jonas, verso, l. 27",,,
780,63,17,odit,odit,.,òðið,,fro,VERppe,VERppe,snr,ouïr,DMF,"Jonas, verso, l. 27",,</s>,
677,59,1,fendut[=offendut],offendut,.,ofENdyð,o.ff.e.n.d.u.t,fro,VERppe,VERppe,smr,offendre,DMF,"Jonas, verso, l. 23",,,<lb n=&quot;23&quot;/><supplied>tant l aveient</supplied>
793,64,7,oi,oi,_,oi,,fro,ADVgen,ADVgen,,hui,DMF,"Jonas, verso, l. 28",,,
90,13,4,oieds,oieds,_,ò-iETS,o..i.e.d.s,fro,VERcjg,VERcjg,indpst5,ouïr,DMF,"Jonas, recto, l. 13",,,
60,7,3,or,or,_,or,,fro,ADVgen,ADVgen,,or2,DMF,"Jonas, recto, l. 7",,,<s>
20,3,3,ore,ore,_,orə,,fro,ADVgen,ADVgen,,or2,DMF,"Jonas, recto, l. 3",,,
588,54,23,ore,ore,_,orə,,fro,ADVgen,ADVgen,,or2,DMF,"Jonas, verso, l. 18",,,
661,58,8,ore,ore,_,orə,,fro,ADVgen,ADVgen,,or2,DMF,"Jonas, verso, l. 22",,,
760,62,15,ore,ore,_,orə,,fro,ADVgen,ADVgen,,or2,DMF,"Jonas, verso, l. 26",,,
778,63,15,ore,ore,_,orə,,fro,ADVgen,ADVgen,,or2,DMF,"Jonas, verso, l. 27",,,
392,44,19,parfe[=parfereiet],parfereiet,|,pArfErEi-əð,p.a.r.f.e.r.e.i..e.t,fro,VERcjg,VERcjg,con---3,parfaire,DMF,"Jonas, verso, l. 8",,,
59,7,2,parla,parla,_,pArLa,,fro,VERcjg,VERcjg,indpsp3,parler,DMF,"Jonas, recto, l. 7",,</s>,
802,64,16,peer,peer,.,pær,p.ee.r,fro,NOMcom,NOMcom,smr,pair,DMF,"Jonas, verso, l. 28",,,
416,46,8,penet,penet,_,pEnæð,,fro,VERppe,VERppe,snr,peiner,DMF,"Jonas, verso, l. 10",,,
739,61,19,penteiet,penteiet,_,pENtEi-əð,p.e.n.t.e.i..e.t,fro,VERcjg,VERcjg,indipf3,pentir,DMF,"Jonas, verso, l. 25",,,
543,52,14,{per},per,_,pEr,,fro,PRE,PRE,,par,DMF,"Jonas, verso, l. 16",,,
499,50,12,p[er]cussist,percussist,_,pErkysiST,p.e.r.c.u.ss.i.s.t,fro,VERcjg,VERcjg,indpsp3,percussir,TL,"Jonas, verso, l. 14",,,
584,54,19,p[er]dut,perdut,.,pErdyð,,fro,VERppe,VERppe,pmn,perdre,DMF,"Jonas, verso, l. 18",,,
651,57,21,p[er]dut,perdut,_,pErdyð,,fro,VERppe,VERppe,pmn,perdre,DMF,"Jonas, verso, l. 21",,,
749,62,4,peril,peril,_,pEril,,fro,NOMcom,NOMcom,smr,péril,DMF,"Jonas, verso, l. 26",,,
170,27,7,perils,perils,|,pEriLS,,fro,NOMcom,NOMcom,---,péril,DMF,"Jonas, recto, l. 27",,<gap/>,
947,72,13,p[er]mes,permes,_,pErmeS,,fro,VERppe,VERppe,pmn,permettre,DMF,"Jonas, verso, l. 36",,,
80,12,2,pescion,pescion,_,pESʦOn,p.e.s.ci.o.n,fro,NOMcom,NOMcom,smr,poisson,DMF,"Jonas, recto, l. 12",*,</s>,
951,72,17,plora,plora,_,pLora,,fro,VERcjg,VERcjg,indpsp3,pleurer,DMF,"Jonas, verso, l. 36",,,
442,47,13,podist,podist,.,poðiST,,fro,VERcjg,VERcjg,subipf3,pouvoir,DMF,"Jonas, verso, l. 11",,</s>,
69,8,4,por,por,_,por,,fro,PRE,PRE,,pour,DMF,"Jonas, recto, l. 8",,,
453,48,5,por,por,_,por,,fro,PRE,PRE,,pour,DMF,"Jonas, verso, l. 12",,,
564,53,16,por,por,_,por,,fro,PRE,PRE,,pour,DMF,"Jonas, verso, l. 17",,,
630,56,17,por,por,|,por,,fro,PRE,PRE,,pour,DMF,"Jonas, verso, l. 20",,,
782,63,19,por,por,+,por,,fro,PRE,PRE,,pour,DMF,"Jonas, verso, l. 27",,,
937,72,3,por,por,_,por,,fro,PRE,PRE,,pour,DMF,"Jonas, verso, l. 36",,,
881,69,3,poscio{mes},posciomes,_,poSʦOməS,p.o.s.ci.o.m.e.s,fro,VERcjg,VERcjg,subpst4,pouvoir,DMF,"Jonas, verso, l. 33",*,</s>,
843,67,6,preiest,preiest,+,prE-iETS,p.r.e..i.e.st.,fro,VERcjg,VERcjg,imp---5,prier,DMF,"Jonas, verso, l. 31",,,<s><hi rend=&quot;underline&quot;>
842,67,5,p[re]irets,preirets,.,prEireTS,,fro,VERcjg,VERcjg,indfut5,prier,DMF,"Jonas, verso, l. 31",,</s>,
368,43,15,pretiet,pretiet,_,prEʦiEð,,fro,VERppe,VERppe,smr,précier,DMF,"Jonas, verso, l. 7",,,
566,54,1,es[=prophetes],prophetes,_,prOfEtəS,p.r.o.ph.e.t.e.s,fro,NOMcom,NOMcom,smn,prophète,DMF,"Jonas, verso, l. 18",,,<lb n=&quot;18&quot;/><supplied>si erat ionas</supplied>
872,68,16,qe,qe,+,kE,,fro,CONsub,CONsub,,que,DMF,"Jonas, verso, l. 32",,,
63,7,6,quant,quant,_,kANT,qu.a.n.t,fro,CONsub,CONsub,,quand,DMF,"Jonas, recto, l. 7",,,<gap/>
58,7,1,q[ue],que,_,kE,qu.e,fro,PRNrel,PRNrel,---,que,DMF,"Jonas, recto, l. 7",,,<lb n=&quot;7&quot;/><s><gap/>
193,30,7,q[ue],que,|,kE,qu.e,fro,---,---,,que,DMF,"Jonas, recto, l. 30",,<gap/></s>,<gap/>
251,38,1,q[ue],que,_,kE,qu.e,fro,PROrel,PROrel,snr,que,DMF,"Jonas, verso, l. 2",,,<lb n&quot;2&quot;/><supplied>qet il habebat discretum</supplied>
299,40,10,q[ue],que,_,kE,qu.e,fro,PRNrel,PRNrel,snr,que,DMF,"Jonas, verso, l. 4",,,
324,41,15,q[ue],que,_,kE,qu.e,fro,CONsub,CONsub,,que,DMF,"Jonas, verso, l. 5",,,
454,48,6,q[ue],que,_,kE,qu.e,fro,CONsub,CONsub,,que,DMF,"Jonas, verso, l. 12",,,
498,50,11,q[ue],que,_,kE,qu.e,fro,PRNrel,PRNrel,snn,que,DMF,"Jonas, verso, l. 14",,,
503,50,16,q[ue],que,_,kE,qu.e,fro,PRNrel,PRNrel,smr,que,DMF,"Jonas, verso, l. 14",,,
574,54,9,q[ue],que,_,kE,qu.e,fro,CONsub,CONsub,,que,DMF,"Jonas, verso, l. 18",,,
678,59,2,q[ue],que,_,kE,qu.e,fro,CONsub,CONsub,,que,DMF,"Jonas, verso, l. 23",,,
743,61,23,q[ue],que,_,kE,qu.e,fro,PRNrel,PRNrel,smr,que,DMF,"Jonas, verso, l. 25",,,
754,62,9,q[ue],que,_,kE,qu.e,fro,PRNrel,PRNrel,smr,que,DMF,"Jonas, verso, l. 26",,,
840,67,3,q[ue],que,_,kE,qu.e,fro,PRNrel,PRNrel,snr,que,DMF,"Jonas, verso, l. 31",,,
845,67,8,q[ue],que,_,kE,qu.e,fro,CONsub,CONsub,,que,DMF,"Jonas, verso, l. 31",,,
865,68,9,q[ue],que,_,kE,qu.e,fro,CONsub,CONsub,,que,DMF,"Jonas, verso, l. 32",,,
868,68,12,q[ue],que,_,kE,qu.e,fro,PRNrel,PRNrel,smr,que,DMF,"Jonas, verso, l. 32",,,
888,69,10,q[ue],que,_,kE,qu.e,fro,CONsub,CONsub,,que,DMF,"Jonas, verso, l. 33",,,
895,69,17,q[ue],que,_,kE,qu.e,fro,CONsub,CONsub,,que,DMF,"Jonas, verso, l. 33",,,
66,8,1,q[ue]t,quet,_,kEð,qu.e.t,fro,---,---,,que,DMF,"Jonas, recto, l. 8",,,<lb n=&quot;8&quot;/><s><gap/>
435,47,6,q[ue]t,quet,_,kEð,qu.e.t,fro,CONsub,CONsub,,que,DMF,"Jonas, verso, l. 11",,,
727,61,7,q[ue]t,quet,_,kEð,qu.e.t,fro,CONsub,CONsub,,que,DMF,"Jonas, verso, l. 25",,,
750,62,5,q[ue]t,quet,_,kEð,qu.e.t,fro,PRNrel,PRNrel,smr,que,DMF,"Jonas, verso, l. 26",,,
792,64,6,q[ue]t,quet,_,kEð,qu.e.t,fro,PRNrel,PRNrel,smr,que,DMF,"Jonas, verso, l. 28",,,
938,72,4,q[ue]t,quet,_,kEð,qu.e.t,fro,PRNrel,PRNrel,snr,quoi,DMF,"Jonas, verso, l. 36",,,
172,28,2,reieil,reieil,.,rE-iEl,r.e..i.ei.l,fro,ADJqua,ADJqua,sfr,royal,DMF,"Jonas, recto, l. 28",,</s>,
466,48,18,{re}paus{ement},repausement,.,rEpAuzEmENT,,fro,NOMcom,NOMcom,smr,reposement,DMF,"Jonas, verso, l. 12",,</s>,
440,47,11,{re}pauser,repauser,_,rEpAuzær,,fro,VERinf,VERinf,,reposer,DMF,"Jonas, verso, l. 11",,,
32,4,8,{re}perier,reperier,_,rEpEriEr,,fro,VERinf,VERinf,,repérer,DMF,"Jonas, recto, l. 4",,,
493,50,6,{rogat},rogat,_,roCað,,fro,VERcjg,VERcjg,indpsp3,rover,DMF,"Jonas, verso, l. 14",,,
738,61,18,s,s,_,S,,fro,PRCper,PRCper,3smr,se,DMF,"Jonas, verso, l. 25",,,
311,41,2,salut,salut,.,Saluð,,fro,NOMcom,NOMcom,,salut,DMF,"Jonas, verso, l. 5",,,
61,7,4,sav_{ent}[=saveient],saveient,_,SAvEi-əNT,s.a.v.e.i..e.n.t,fro,VERcjg,VERcjg,indipf6,savoir,DMF,"Jonas, recto, l. 7",,,
297,40,8,saveiet,saveiet,_,SAvEi-əð,s.a.v.e.i..e.t,fro,VERcjg,VERcjg,indipf3,savoir,DMF,"Jonas, verso, l. 4",,,<s>
729,61,9,{se},se,_,SE,,fro,PRCper,PRCper,6pmr,se,DMF,"Jonas, verso, l. 25",,,
510,51,4,seche,seche,_,Sekə,s.e.ch.e,fro,ADJqua,ADJqua,sfn,sec,DMF,"Jonas, verso, l. 15",,</s>,
814,65,10,seietst,seietst,_,SE-iETS,s.e..i.e.t.st,fro,VERcjg,VERcjg,ind---5,être,DMF,"Jonas, verso, l. 29",,,<s>
180,29,1,seit,seit,_,SEiT,,fro,VERcjg,VERcjg,subpst3,être,DMF,"Jonas, recto, l. 29",,,<lb n=&quot;29&quot;/><s><q><gap/>
801,64,15,sem,sem,_,SEN,,fro,DETpos,DETpos,3smr,son4,DMF,"Jonas, verso, l. 28",,,
240,37,7,{semper},semper,_,SENpər,,fro,ADVgen,ADVgen,,sempres,DMF,"Jonas, verso, l. 1",,,
433,47,4,sen,sen,+,SEN,,fro,DETpos,DETpos,3smr,son4,DMF,"Jonas, verso, l. 11",,,
9,2,2,{si},si,_,Si,,fro,ADVgen,ADVgen,,si4,DMF,"Jonas, recto, l. 2",,,<supplied>me</supplied>
16,2,9,{si},si,_,Si,,fro,ADVgen,ADVgen,,si4,DMF,"Jonas, recto, l. 2",,,
43,5,9,{si},si,_,Si,,fro,ADVgen,ADVgen,,si4,DMF,"Jonas, recto, l. 5",,,<s>
48,5,14,si,si,_,Si,,fro,ADVgen,ADVgen,,si4,DMF,"Jonas, recto, l. 5",,,
106,17,4,{si},si,|,Si,,fro,ADVgen,ADVgen,,si4,DMF,"Jonas, recto, l. 17",,,
174,28,4,{si},si,_,Si,,fro,ADVgen,ADVgen,,si4,DMF,"Jonas, recto, l. 28",,,
176,28,6,{si},si,_,Si,,fro,DETpos,DETpos,3smr,son4,DMF,"Jonas, recto, l. 28",,,
179,28,9,{si},si,|,Si,,fro,ADVgen,ADVgen,,si4,DMF,"Jonas, recto, l. 28",,<gap/></s>,
205,32,5,{si},si,_,Si,,fro,DETpos,DETpos,---,son4,DMF,"Jonas, recto, l. 32",,,
210,33,3,{si},si,_,Si,,fro,ADVgen,ADVgen,,si4,DMF,"Jonas, recto, l. 33",,,
237,37,4,{si},si,_,Si,,fro,ADVgen,ADVgen,,si4,DMF,"Jonas, verso, l. 1",,,
281,39,12,{si},si,_,Si,,fro,ADVgen,ADVgen,,si4,DMF,"Jonas, verso, l. 3",,,<s>
375,44,2,{si},si,_,Si,,fro,ADVgen,ADVgen,,si4,DMF,"Jonas, verso, l. 8",,,<s>
382,44,9,{si},si,_,Si,,fro,ADVgen,ADVgen,,si4,DMF,"Jonas, verso, l. 8",,,
388,44,15,{si},si,_,Si,,fro,ADVgen,ADVgen,,si4,DMF,"Jonas, verso, l. 8",,,
441,47,12,si,si,_,Si,,fro,PRCper,PRCper,3sma,se,DMF,"Jonas, verso, l. 11",,,
492,50,5,{si},si,_,Si,,fro,ADVgen,ADVgen,,si4,DMF,"Jonas, verso, l. 14",,,<s>
511,51,5,{si},si,_,Si,,fro,ADVgen,ADVgen,,si4,DMF,"Jonas, verso, l. 15",,,<s>
550,53,2,{si},si,_,Si,,fro,ADVgen,ADVgen,,si4,DMF,"Jonas, verso, l. 17",,,<s>
580,54,15,{si},si,_,Si,,fro,ADVgen,ADVgen,,si4,DMF,"Jonas, verso, l. 18",,,
585,54,20,{si},si,_,Si,,fro,ADVgen,ADVgen,,si4,DMF,"Jonas, verso, l. 18",,,
620,56,7,{si},si,_,Si,,fro,ADVgen,ADVgen,,si4,DMF,"Jonas, verso, l. 20",,,
700,60,4,{si},si,_,Si,,fro,ADVgen,ADVgen,,si4,DMF,"Jonas, verso, l. 24",,,
703,60,7,{si},si,_,Si,,fro,ADVgen,ADVgen,,si4,DMF,"Jonas, verso, l. 24",,,<s>
737,61,17,si,si,+,Si,,fro,ADVgen,ADVgen,,si4,DMF,"Jonas, verso, l. 25",,,
765,63,2,si,si,+,Si,,fro,ADVgen,ADVgen,,si4,DMF,"Jonas, verso, l. 27",,,
784,63,21,{si},si,_,Si,,fro,ADVgen,ADVgen,,si4,DMF,"Jonas, verso, l. 27",,,
953,72,19,{si},si,_,Si,,fro,ADVgen,ADVgen,,si4,DMF,"Jonas, verso, l. 36",,,
383,44,10,sist,sist,_,SiST,,fro,VERcjg,VERcjg,indpsp3,seoir,DMF,"Jonas, verso, l. 8",,,
241,37,8,solt,solt,_,SoLT,,fro,VERcjg,VERcjg,indpst3,souloir,DMF,"Jonas, verso, l. 1",Pope:§1320.vi,,
432,47,3,sore,sore,_,Sorə,,fro,PRE,PRE,,sur,DMF,"Jonas, verso, l. 11",,,
502,50,15,sost,sost,_,SoST,,fro,PRE,PRE,,sous,DMF,"Jonas, verso, l. 14",,,
462,48,14,soueu,souev,.,So-uæF,s.o..u.e.v,fro,NOMcom,NOMcom,smr,souef,DMF,"Jonas, verso, l. 12",,,
461,48,13,sun,sun,_,SON,,fro,DETpos,DETpos,3smr,son4,DMF,"Jonas, verso, l. 12",,,
465,48,17,sun,sun,_,SON,,fro,DETpos,DETpos,3smr,son4,DMF,"Jonas, verso, l. 12",,,
589,54,24,s[un]t,sunt,.,SONT,,fro,VERcjg,VERcjg,indpst6,être,DMF,"Jonas, verso, l. 18",,</s>,
548,52,19,tel,tel,|,tæl,,fro,DETind,DETind,sfr,tel,DMF,"Jonas, verso, l. 16",,,
883,69,5,tels,tels,_,tæLS,,fro,DETind,DETind,pfr,tel,DMF,"Jonas, verso, l. 33",,,
13,2,6,{tempestes},tempestes,_,tENpèSTəs,,fro,NOMcom,NOMcom,sfn,tempête,DMF,"Jonas, recto, l. 2",,,
679,59,3,tost,tost,_,tòST,,fro,ADVgen,ADVgen,,tôt,DMF,"Jonas, verso, l. 23",,,
821,65,17,tot,tot,|,toT,,fro,PRNind,PRNind,snr,tout,DMF,"Jonas, verso, l. 29",,,
626,56,13,tu,tu,_,ty,,fro,PRNper,PRNper,2smn,tu,DMF,"Jonas, verso, l. 20",Pope:§1320.vi,,<s><q>
175,28,5,tult,tult,_,toLT,,fro,VERcjg,VERcjg,indpst3,tolir,DMF,"Jonas, recto, l. 28",,,
394,45,2,u,u,_,o,,fro,CONcoo,CONcoo,,ou,DMF,"Jonas, verso, l. 9",,,
436,47,7,umbre,umbre,_,ONbrə,,fro,NOMcom,NOMcom,,ombre,DMF,"Jonas, verso, l. 11",,,
430,47,1,un,un,_,yN,,fro,DETndf,DETndf,sfr,un,DMF,"Jonas, verso, l. 11",,,<lb n=&quot;11&quot;/><s><supplied>et preparavit dominus</supplied>
496,50,9,un,un,_,yN,,fro,DETndf,DETndf,smr,un,DMF,"Jonas, verso, l. 14",,,
662,58,9,uecdeir,vecdeir,.,vEðEir,v.e.cd.e.i.r,fro,VERinf,VERinf,,voir,DMF,"Jonas, verso, l. 22",,,
11,2,4,uenude,venude,_,vEnyðə,,fro,VERppe,VERppe,sfn,venir,DMF,"Jonas, recto, l. 2",,,
497,50,10,uerme,verme,.,vèrmə,,fro,NOMcom,NOMcom,smr,ver,DMF,"Jonas, verso, l. 14",,,
177,28,7,este[=uestement],vestement,_,vESTEmENT,,fro,NOMcom,NOMcom,smr,vêtement,DMF,"Jonas, recto, l. 28",,<gap/></s>,
151,25,1,vesti{rent},vestirent,_,vESTirəNT,,fro,VERcjg,VERcjg,indpsp6,vêtir,DMF,"Jonas, recto, l. 25",,,<lb n=&quot;25&quot;/><s><gap/>
512,51,6,uint,vint,_,viNT,,fro,VERcjg,VERcjg,indpsp3,venir,DMF,"Jonas, verso, l. 15",,,
31,4,7,l{rent}[=volrent],volrent,_,vòLrent,,fro,VERcjg,VERcjg,indpsp6,vouloir,DMF,"Jonas, recto, l. 4",,,<s><gap/>
17,2,10,{uos},vos,|,voS,,fro,PRCper,PRCper,5smi,vous,DMF,"Jonas, recto, l. 2",,<gap/></s>,
785,63,22,{uos},vos,_,voS,,fro,PRCper,PRCper,5pmi,vous,DMF,"Jonas, verso, l. 27",,,
825,66,4,uost,vost,_,voTS,v.o.st.,fro,DETpos,DETpos,5pfr,votre,DMF,"Jonas, verso, l. 30",,,
833,66,12,uost,vost,_,voTS,v.o.st.,fro,DETpos,DETpos,5pfr,votre,DMF,"Jonas, verso, l. 30",,,
488,50,1,surrede,…surrede,_,,,lat,---,---,,---,---,"Jonas, verso, l. 14",,</s>,<lb n=&quot;14&quot;/><s><gap/>
133,22,3,{a},a,_,,,lat,ETR,ETR,,---,---,"Jonas, recto, l. 22",,,
357,43,4,accideret,accideret,_,,,lat,ETR,ETR,,---,---,"Jonas, verso, l. 7",,,
140,23,5,{ad},ad,_,,,lat,ETR,ETR,,---,---,"Jonas, recto, l. 23",,,
266,38,16,{ad},ad,_,,,lat,ETR,ETR,,---,---,"Jonas, verso, l. 2",,,
540,52,11,{ad},ad,_,,,lat,ETR,ETR,,---,---,"Jonas, verso, l. 16",,,
578,54,13,{ad},ad,_,,,lat,ETR,ETR,,---,---,"Jonas, verso, l. 18",,,
623,56,10,{ad},ad,_,,,lat,PRE,PRE,,à,DMF,"Jonas, verso, l. 20",,,
690,59,14,{ad},ad,_,,,lat,ETR,ETR,,---,---,"Jonas, verso, l. 23",,,
877,68,21,{ad},ad,_,,,lat,ETR,ETR,,---,---,"Jonas, verso, l. 32",,,
904,70,4,{ad},ad,_,,,lat,ETR,ETR,,---,---,"Jonas, verso, l. 34",,,
130,21,4,{adhuc},adhuc,|,,,lat,ETR,ETR,,---,---,"Jonas, recto, l. 21",,<supplied>quadraginta dies et ninive subvertetur</supplied></q></s><gap/>,<s><q>
259,38,9,afflictione,afflictione,_,,,lat,ETR,ETR,,---,---,"Jonas, verso, l. 2",,,
256,38,6,afflict[us],afflictus,_,,,lat,ETR,ETR,,---,---,"Jonas, verso, l. 2",,,
338,42,6,anathema,anathema,_,,,lat,ETR,ETR,,---,---,"Jonas, verso, l. 6",,,
335,42,3,{apostolus},apostolus,_,,,lat,ETR,ETR,,---,---,"Jonas, verso, l. 6",,,
558,53,10,aridi,aridi,_,,,lat,ETR,ETR,,---,---,"Jonas, verso, l. 17",,,
536,52,7,{bene},bene,_,,,lat,ETR,ETR,,---,---,"Jonas, verso, l. 16",,,<s xml:lang=&quot;lat&quot;><q>
476,49,7,{calidum},calidum,_,,,lat,ETR,ETR,,---,---,"Jonas, verso, l. 13",,,
333,42,1,bus[=canibus],canibus,.,,,lat,ETR,ETR,,---,---,"Jonas, verso, l. 6",,</hi></s>,<lb n=&quot;6&quot;/><supplied>panem filiorum et dare eum</supplied>
402,45,10,{caput},caput,_,,,lat,ETR,ETR,,---,---,"Jonas, verso, l. 9",,,
478,49,9,{caput},caput,_,,,lat,ETR,ETR,,---,---,"Jonas, verso, l. 13",,,
517,51,11,{caput},caput,_,,,lat,NOMcom,NOMcom,smr,chef,DMF,"Jonas, verso, l. 15",,,
659,58,6,{causa},causa,_,,,lat,NOMcom,NOMcom,sfr,chose,DMF,"Jonas, verso, l. 22",,,
249,37,16,cere[=cere],cere…,_,,,lat,ETR,ETR,,---,---,"Jonas, verso, l. 1",,,
862,68,6,{christianis},christianis,.,,,lat,NOMcom,NOMcom,pmr,chrétien,DMF,"Jonas, verso, l. 32",,</s>,
161,26,5,{cinere},cinere,_,,,lat,ETR,ETR,,---,---,"Jonas, recto, l. 26",,,
351,42,19,{ciuitate},civitate,_,,,lat,ETR,ETR,,---,---,"Jonas, verso, l. 6",,,
380,44,7,{ciuitate},civitate,.,,,lat,NOMcom,NOMcom,sfr,cité,DMF,"Jonas, verso, l. 8",,</s>,
676,58,23,{ciuitate},civitate,|,,,lat,NOMcom,NOMcom,sfr,cité,DMF,"Jonas, verso, l. 22",,,
686,59,10,{ciuitate},civitate,_,,,lat,NOMcom,NOMcom,sfr,cité,DMF,"Jonas, verso, l. 23",,,
123,20,2,{ciuitatem},civitatem,_,,,lat,ETR,ETR,,---,---,"Jonas, recto, l. 20",,,
358,43,5,{ciuitati},civitati,.,,,lat,ETR,ETR,,---,---,"Jonas, verso, l. 7",,</s>,
607,55,17,{ciuitati},civitati,_,,,lat,ETR,ETR,,---,---,"Jonas, verso, l. 19",,,
386,44,13,{ciuitatis},civitatis,.,,,lat,NOMcom,NOMcom,sfr,cité,DMF,"Jonas, verso, l. 8",,</s>,
127,21,1,{clamauit},clamavit,_,,,lat,ETR,ETR,,---,---,"Jonas, recto, l. 21",,</s>,<lb n=&quot;21&quot;/><s><supplied>et</supplied>
717,60,21,{clemens},clemens,_,,,lat,ETR,ETR,,---,---,"Jonas, verso, l. 24",,,
875,68,19,{conservet},conservet,.,,,lat,VERcjg,VERcjg,subpst3,conserver,DMF,"Jonas, verso, l. 32",,</s>,
384,44,11,{contra},contra,_,,,lat,PRE,PRE,,contre,DMF,"Jonas, verso, l. 8",,,
137,23,2,{crediderunt},crediderunt,_,,,lat,ETR,ETR,,---,---,"Jonas, recto, l. 23",,<supplied>viri ninivite in deum</supplied></s>,
601,55,11,{cresceret},cresceret,.,,,lat,ETR,ETR,,---,---,"Jonas, verso, l. 19",,</q></s>,
640,57,10,{cresceret},cresceret,_,,,lat,ETR,ETR,,---,---,"Jonas, verso, l. 21",,,
319,41,10,{cum},cum,_,,,lat,CONsub,CONsub,,comme,DMF,"Jonas, verso, l. 5",,,
575,54,10,{cum},cum,_,,,lat,ETR,ETR,,---,---,"Jonas, verso, l. 18",,,
915,70,15,{cum},cum,_,,,lat,ETR,ETR,,---,---,"Jonas, verso, l. 34",,,
109,18,3,{de},de,_,,,lat,ETR,ETR,,---,---,"Jonas, recto, l. 18",,,
248,37,15,{de},de,_,,,lat,ETR,ETR,,---,---,"Jonas, verso, l. 1",,,
315,41,6,{de},de,_,,,lat,PRE,PRE,,de,DMF,"Jonas, verso, l. 5",,,
350,42,18,{de},de,,,,lat,ETR,ETR,,---,---,"Jonas, verso, l. 6",,,
646,57,16,{de},de,_,,,lat,ETR,ETR,,---,---,"Jonas, verso, l. 21",,,
732,61,12,{de},de,_,,,lat,ETR,ETR,,---,---,"Jonas, verso, l. 25",,,
857,68,1,{de},de,_,,,lat,ETR,ETR,,---,---,"Jonas, verso, l. 32",,,<lb n=&quot;32&quot;/><s><supplied>et ut protegat nos</supplied>
222,34,7,{debetis},debetis,_,,,lat,ETR,ETR,,---,---,"Jonas, recto, l. 34",,,
551,53,3,{debetis},debetis,_,,,lat,VERcjg,VERcjg,indpst5,devoir,DMF,"Jonas, verso, l. 17",,,
830,66,9,{debetis},debetis,_,,,lat,VERcjg,VERcjg,indpst5,devoir,DMF,"Jonas, verso, l. 30",,</hi></s>,
562,53,14,{dei},dei,.,,,lat,ETR,ETR,,---,---,"Jonas, verso, l. 17",,</s>,
668,58,15,{dei},dei,_,,,lat,ETR,ETR,,---,---,"Jonas, verso, l. 22",,,
817,65,13,{dei},dei,_,,,lat,NOMpro,NOMpro,smr,Dieu,DMF,"Jonas, verso, l. 29",,,
46,5,12,{de}[=deum],deum,_,,,lat,ETR,ETR,,---,---,"Jonas, recto, l. 5",,</s>,
134,22,4,{deum},deum,_,,,lat,ETR,ETR,,---,---,"Jonas, recto, l. 22",,,
121,19,5,{deus},deus,|,,,lat,ETR,ETR,,---,---,"Jonas, recto, l. 19",,<gap/></s>,<gap/>
474,49,5,{deus},deus,_,,,lat,ETR,ETR,,---,---,"Jonas, verso, l. 13",,,
710,60,14,{deus},deus,_,,,lat,ETR,ETR,,---,---,"Jonas, verso, l. 24",,,<s>
930,71,3,{deus},deus,_,,,lat,ETR,ETR,,---,---,"Jonas, verso, l. 35",,,
616,56,3,{dexteram},dexteram,_,,,lat,ETR,ETR,,---,---,"Jonas, verso, l. 20",,,
1,1,1,{dicit},dicit,_,,,lat,ETR,ETR,,---,---,"Jonas, recto, l. 1",,,<text xml:lang=&quot;fro&quot;><body><pb n=&quot;recto&quot;/><lb n=&quot;1&quot;/><p><s><gap/>
73,8,8,{dicit},dicit,|,,,lat,ETR,ETR,,---,---,"Jonas, recto, l. 8",,<gap/></s>,
92,13,6,{dicit},dicit,|,,,lat,ETR,ETR,,---,---,"Jonas, recto, l. 13",,<supplied>vocem meam</supplied><gap/></q></s>,
361,43,8,{dicit},dicit,_,,,lat,VERcjg,VERcjg,indpst3,dire,DMF,"Jonas, verso, l. 7",,,
421,46,13,{dicit},dicit,.,,,lat,VERcjg,VERcjg,indpst3,dire,DMF,"Jonas, verso, l. 10",,</s>,
452,48,4,{dicit},dicit,.,,,lat,VERcjg,VERcjg,indpst3,dire,DMF,"Jonas, verso, l. 12",,,
491,50,4,{dicit},dicit,_,,,lat,VERcjg,VERcjg,indpst3,dire,DMF,"Jonas, verso, l. 14",,</s>,
621,56,8,{dicit},dicit,_,,,lat,VERcjg,VERcjg,indpst3,dire,DMF,"Jonas, verso, l. 20",,,
191,30,5,{dies},dies,_,,,lat,NOMcom,NOMcom,pmr,di,DMF,"Jonas, recto, l. 30",,,
925,70,25,{dignetur},dignetur,_,,,lat,ETR,ETR,,---,---,"Jonas, verso, l. 34",,,
296,40,7,{dimisit},dimisit,.,,,lat,VERcjg,VERcjg,indpsp3,dīmittō,wiktionary,"Jonas, verso, l. 4",,</s>,
753,62,8,{discretum},discretum,_,,,lat,VERppe,VERppe,smr,discerner,DMF,"Jonas, verso, l. 26",,,
87,13,1,{dixit},dixit,_,,,lat,ETR,ETR,,---,---,"Jonas, recto, l. 13",,</s>,<lb n=&quot;13&quot;/><s><gap/>
129,21,3,{dixit},dixit,_,,,lat,ETR,ETR,,---,---,"Jonas, recto, l. 21",,</s>,
182,29,3,{dixit},dixit,_,,,lat,ETR,ETR,,---,---,"Jonas, recto, l. 29",,,
185,29,6,{dixit},dixit,.,,,lat,ETR,ETR,,---,---,"Jonas, recto, l. 29",,</q></s>,<gap/>
192,30,6,{dixit},dixit,_,,,lat,ETR,ETR,,---,---,"Jonas, recto, l. 30",,,
269,38,19,{dixit},dixit,|,,,lat,ETR,ETR,,---,---,"Jonas, verso, l. 2",,</s>,
280,39,11,{dixit},dixit,_,,,lat,VERcjg,VERcjg,indpsp3,dire,DMF,"Jonas, verso, l. 3",,</s>,
481,49,12,{dixit},dixit,.,,,lat,ETR,ETR,,---,---,"Jonas, verso, l. 13",,</s>,
520,51,14,{dixit},dixit,.,,,lat,VERcjg,VERcjg,indpsp3,dire,DMF,"Jonas, verso, l. 15",,</s>,
528,51,22,{dixit},dixit,_,,,lat,ETR,ETR,,---,---,"Jonas, verso, l. 15",,,
535,52,6,{dixit},dixit,.,,,lat,ETR,ETR,,---,---,"Jonas, verso, l. 16",,</s>,
632,57,2,{dixit},dixit,.,,,lat,ETR,ETR,,---,---,"Jonas, verso, l. 21",,,
641,57,11,{dixit},dixit,.,,,lat,ETR,ETR,,---,---,"Jonas, verso, l. 21",,</q></s>,
653,57,23,{dixit},dixit,|,,,lat,ETR,ETR,,---,---,"Jonas, verso, l. 21",,</q></s>,
655,58,2,{dixit},dixit,.,,,lat,ETR,ETR,,---,---,"Jonas, verso, l. 22",,</q></s>,
591,55,1,{doles},doles,_,,,lat,ETR,ETR,,---,---,"Jonas, verso, l. 19",,,<lb n=&quot;19&quot;/><supplied>dixit dominus</supplied></s><s xml:lang=&quot;lat&quot;><q><supplied>tu</supplied>
194,31,1,{dominum},dominum,_,,,lat,ETR,ETR,,---,---,"Jonas, recto, l. 31",,,<lb n=&quot;31&quot;/><s><gap/>
225,34,10,{dominum},dominum,|,,,lat,ETR,ETR,,---,---,"Jonas, recto, l. 34",,<supplied>nostrum</supplied><gap/></s>,
230,36,1,{dominum},dominum,_,,,lat,ETR,ETR,,---,---,"Jonas, recto, l. 36",,,<lb n=&quot;36&quot;/><s><gap/>
267,38,17,{dominum},dominum,_,,,lat,ETR,ETR,,---,---,"Jonas, verso, l. 2",,,
2,1,2,{dominus},dominus,_,,,lat,ETR,ETR,,---,---,"Jonas, recto, l. 1",,,
115,18,9,{dominus},dominus,_,,,lat,ETR,ETR,,---,---,"Jonas, recto, l. 18",,,<supplied>secundo ad</supplied>
325,41,16,{dominus},dominus,_,,,lat,ETR,ETR,,---,---,"Jonas, verso, l. 5",,,
399,45,7,{dominus},dominus,_,,,lat,ETR,ETR,,---,---,"Jonas, verso, l. 9",,,
469,48,21,{dominus},dominus,|,,,lat,ETR,ETR,,---,---,"Jonas, verso, l. 12",,,
529,51,23,{dominus},dominus,|,,,lat,ETR,ETR,,---,---,"Jonas, verso, l. 15",,,
354,43,1,c[=donec],donec,_,,,lat,ETR,ETR,,---,---,"Jonas, verso, l. 7",,,<lb n=quot;7&quot;/><supplied>contra orientem civitatis</supplied>
448,47,19,edera,edera,|,,,lat,ETR,ETR,,---,---,"Jonas, verso, l. 11",,,
533,52,4,edera,edera,_,,,lat,ETR,ETR,,---,---,"Jonas, verso, l. 16",,</q></s>,
593,55,3,edera,edera,_,,,lat,ETR,ETR,,---,---,"Jonas, verso, l. 19",,,
400,45,8,edera[m],ederam,_,,,lat,ETR,ETR,,---,---,"Jonas, verso, l. 9",,,
538,52,9,ego,ego,_,,,lat,ETR,ETR,,---,---,"Jonas, verso, l. 16",,,
603,55,13,{ego},ego,_,,,lat,ETR,ETR,,---,---,"Jonas, verso, l. 19",,,
347,42,15,egress[us],egressus,_,,,lat,ETR,ETR,,---,---,"Jonas, verso, l. 6",,,
406,45,14,{ei},ei,_,,,lat,ETR,ETR,,---,---,"Jonas, verso, l. 9",,,
834,66,13,{eleemosynas},eleemosynas,.,,,lat,NOMcom,NOMcom,pfr,aumône,DMF,"Jonas, verso, l. 30",,</hi></s>,
884,69,6,{eleemosynas},eleemosynas,_,,,lat,NOMcom,NOMcom,pfr,aumône,DMF,"Jonas, verso, l. 33",,,
42,5,8,{eos},eos,_,,,lat,ETR,ETR,,---,---,"Jonas, recto, l. 5",,<gap/></s>,
148,24,6,erit,erit,_,,,lat,ETR,ETR,,---,---,"Jonas, recto, l. 24",,,
339,42,7,esse,esse,_,,,lat,ETR,ETR,,---,---,"Jonas, verso, l. 6",,,
257,38,7,[est],est,_,,,lat,ETR,ETR,,---,---,"Jonas, verso, l. 2",,,
263,38,13,{est},est,_,,,lat,ETR,ETR,,---,---,"Jonas, verso, l. 2",,,
273,39,4,{est},est,_,,,lat,ETR,ETR,,---,---,"Jonas, verso, l. 3",,,
348,42,16,{est},est,_,,,lat,ETR,ETR,,---,---,"Jonas, verso, l. 6",,,
445,47,16,{est},est,_,,,lat,ETR,ETR,,---,---,"Jonas, verso, l. 11",,,
483,49,14,{est},est,_,,,lat,ETR,ETR,,---,---,"Jonas, verso, l. 13",,,
522,51,16,{est},est,_,,,lat,ETR,ETR,,---,---,"Jonas, verso, l. 15",,,
664,58,11,{est},est,_,,,lat,ETR,ETR,,---,---,"Jonas, verso, l. 22",,,
718,60,22,{est},est,_,,,lat,ETR,ETR,,---,---,"Jonas, verso, l. 24",,,
24,3,7,{et},et,|,,,lat,ETR,ETR,,---,---,"Jonas, recto, l. 3",,<gap/></s>,
40,5,6,{et},et,_,,,lat,ETR,ETR,,---,---,"Jonas, recto, l. 5",,,
76,11,1,{et},et,_,,,lat,ETR,ETR,,---,---,"Jonas, recto, l. 11",,,<lb n=&quot;11&quot;/><s><gap/>
93,14,1,{et},et,_,,,lat,ETR,ETR,,---,---,"Jonas, recto, l. 14",,,<lb n=&quot;14&quot;/><s><gap/>
112,18,6,{et},et,_,,,lat,ETR,ETR,,---,---,"Jonas, recto, l. 18",,<supplied>evomit in aridam</supplied></s>,
113,18,7,{Et},et,_,,,lat,ETR,ETR,,---,---,"Jonas, recto, l. 18",,,<s>
125,20,4,{Et},et,_,,,lat,ETR,ETR,,---,---,"Jonas, recto, l. 20",,,<s>
128,21,2,{et},et,_,,,lat,ETR,ETR,,---,---,"Jonas, recto, l. 21",,,<s>
132,22,2,{et},et,_,,,lat,ETR,ETR,,---,---,"Jonas, recto, l. 22",,,<gap/>
136,23,1,{et},et,_,,,lat,ETR,ETR,,---,---,"Jonas, recto, l. 23",,,<lb n=&quot;23&quot;/><gap/><s>
138,23,3,{et},et,_,,,lat,ETR,ETR,,---,---,"Jonas, recto, l. 23",,,<gap/><s>
158,26,2,{et},et,_,,,lat,ETR,ETR,,---,---,"Jonas, recto, l. 26",,,
231,36,2,{et},et,_,,,lat,ETR,ETR,,---,---,"Jonas, recto, l. 36",,,
255,38,5,{Et},et,_,,,lat,ETR,ETR,,---,---,"Jonas, verso, l. 2",,,<s xml:lang=&quot;lat&quot;>
261,38,11,{et},et,_,,,lat,ETR,ETR,,---,---,"Jonas, verso, l. 2",,,<s xml:lang=&quot;lat&quot;>
264,38,14,{et},et,_,,,lat,ETR,ETR,,---,---,"Jonas, verso, l. 2",,,
268,38,18,{et},et,_,,,lat,ETR,ETR,,---,---,"Jonas, verso, l. 2",,,
330,41,21,{et},et,_,,,lat,ETR,ETR,,---,---,"Jonas, verso, l. 5",,,
346,42,14,{Et},Et,_,,,lat,ETR,ETR,,---,---,"Jonas, verso, l. 6",,,<s xml:lang=&quot;lat&quot;>
352,42,20,{et},et,_,,,lat,ETR,ETR,,---,---,"Jonas, verso, l. 6",,,
397,45,5,{et},et,_,,,lat,ETR,ETR,,---,---,"Jonas, verso, l. 9",,,<s xml:lang=&quot;lat&quot;>
443,47,14,{Et},et,_,,,lat,ETR,ETR,,---,---,"Jonas, verso, l. 11",,,<s xml:lang=&quot;lat&quot;>
467,48,19,{et},et,_,,,lat,ETR,ETR,,---,---,"Jonas, verso, l. 12",,,<s xml:lang=&quot;lat&quot;>
470,49,1,{et},et,_,,,lat,ETR,ETR,,---,---,"Jonas, verso, l. 13",,,<lb n=&quot;13&quot;/><supplied>uermi ut percuteret ederam</supplied>
472,49,3,{et},et,_,,,lat,ETR,ETR,,---,---,"Jonas, verso, l. 13",,,<s>
480,49,11,{et},et,_,,,lat,ETR,ETR,,---,---,"Jonas, verso, l. 13",,,
519,51,13,{et},et,_,,,lat,CONcoo,CONcoo,,et,DMF,"Jonas, verso, l. 15",,,<s>
527,51,21,{Et},et,_,,,lat,ETR,ETR,,---,---,"Jonas, verso, l. 15",,,<s xml:lang=&quot;lat&quot;>
534,52,5,{et},et,_,,,lat,ETR,ETR,,---,---,"Jonas, verso, l. 16",,,<s xml:lang=&quot;lat&quot;>
557,53,9,{et},et,_,,,lat,ETR,ETR,,---,---,"Jonas, verso, l. 17",,,
590,54,25,{et},et,|,,,lat,ETR,ETR,,---,---,"Jonas, verso, l. 18",,,<s xml:lang=&quot;lat&quot;>
602,55,12,{et},et,_,,,lat,ETR,ETR,,---,---,"Jonas, verso, l. 19",,,<s xml:lang=&quot;lat&quot;><q>
617,56,4,{et},et,_,,,lat,ETR,ETR,,---,---,"Jonas, verso, l. 20",,,
666,58,13,{et},et,_,,,lat,ETR,ETR,,---,---,"Jonas, verso, l. 22",,,
689,59,13,{et},et,_,,,lat,ETR,ETR,,---,---,"Jonas, verso, l. 23",,,
706,60,10,{et},et,_,,,lat,ETR,ETR,,---,---,"Jonas, verso, l. 24",,,
714,60,18,{et},et,_,,,lat,ETR,ETR,,---,---,"Jonas, verso, l. 24",,,
716,60,20,{et},et,_,,,lat,ETR,ETR,,---,---,"Jonas, verso, l. 24",,,
719,60,23,{et},et,_,,,lat,ETR,ETR,,---,---,"Jonas, verso, l. 24",,,
722,61,2,{et},et,_,,,lat,ETR,ETR,,---,---,"Jonas, verso, l. 25",,,
876,68,20,{et},et,_,,,lat,ETR,ETR,,---,---,"Jonas, verso, l. 32",,,<s>
911,70,11,{et},et,_,,,lat,ETR,ETR,,---,---,"Jonas, verso, l. 34",,,
949,72,15,{et},et,_,,,lat,CONcoo,CONcoo,,et,DMF,"Jonas, verso, l. 36",,,<s>
906,70,6,{eterna},eterna,_,,,lat,ETR,ETR,,---,---,"Jonas, verso, l. 34",,,
919,70,19,{eterna},eterna,_,,,lat,ETR,ETR,,---,---,"Jonas, verso, l. 34",,,
932,71,5,{eterna},eterna,_,,,lat,ETR,ETR,,---,---,"Jonas, verso, l. 35",,,
336,42,4,{etiam},etiam,.,,,lat,ETR,ETR,,---,---,"Jonas, verso, l. 6",,,
950,72,16,{etiam},etiam,_,,,lat,ADVgen,ADVgen,,etiam,wiktionary,"Jonas, verso, l. 36",,,
323,41,14,{euangelio},evangelio,.,,,lat,NOMcom,NOMcom,smr,évangile,DMF,"Jonas, verso, l. 5",,,
958,72,24,{euangelio},evangelio,|,,,lat,NOMcom,NOMcom,smr,évangile,DMF,"Jonas, verso, l. 36",,,
471,49,2,exaruit,exaruit,.,,,lat,ETR,ETR,,---,---,"Jonas, verso, l. 13",,</s>,
44,5,10,{exorant},exorant,_,,,lat,ETR,ETR,,---,---,"Jonas, recto, l. 5",,,
912,70,12,{exsultare},exsultare,_,,,lat,ETR,ETR,,---,---,"Jonas, verso, l. 34",,,
887,69,9,{facere},facere,.,,,lat,VERinf,VERinf,,faire,DMF,"Jonas, verso, l. 33",,,
405,45,13,{faceret},faceret,_,,,lat,ETR,ETR,,---,---,"Jonas, verso, l. 9",,,
902,70,2,{faciat},faciat,_,,,lat,ETR,ETR,,---,---,"Jonas, verso, l. 34",,,
314,41,5,{faciebat},faciebat,_,,,lat,VERcjg,VERcjg,indipf3,faire,DMF,"Jonas, verso, l. 5",,,
423,46,15,{faciebat},faciebat,_,,,lat,VERcjg,VERcjg,indipf0,faire,DMF,"Jonas, verso, l. 10",,,
599,55,9,{fecisti},fecisti,_,,,lat,ETR,ETR,,---,---,"Jonas, verso, l. 19",,,
638,57,8,{fecisti},fecisti,_,,,lat,ETR,ETR,,---,---,"Jonas, verso, l. 21",,,
579,54,14,{fidem},fidem,.,,,lat,ETR,ETR,,---,---,"Jonas, verso, l. 18",,,
561,53,13,{filium},filium,_,,,lat,ETR,ETR,,---,---,"Jonas, verso, l. 17",,,
914,70,14,{fine},fine,_,,,lat,ETR,ETR,,---,---,"Jonas, verso, l. 34",,,
327,41,18,{fleuit},flevit,_,,,lat,ETR,ETR,,---,---,"Jonas, verso, l. 5",,,
341,42,9,{fratribus},fratribus,_,,,lat,ETR,ETR,,---,---,"Jonas, verso, l. 6",,,
867,68,11,{fructum},fructum,_,,,lat,NOMcom,NOMcom,smr,fruit,DMF,"Jonas, verso, l. 32",,,
213,33,6,{fructus},fructus,_,,,lat,ETR,ETR,,---,---,"Jonas, recto, l. 33",,,<gap/>
910,70,10,{gaudere},gaudere,_,,,lat,ETR,ETR,,---,---,"Jonas, verso, l. 34",,,
905,70,5,{gaudia},gaudia,_,,,lat,ETR,ETR,,---,---,"Jonas, verso, l. 34",,,
576,54,11,{gentes},gentes,_,,,lat,ETR,ETR,,---,---,"Jonas, verso, l. 18",,,
929,71,2,{gloriosus},gloriosus,_,,,lat,ETR,ETR,,---,---,"Jonas, verso, l. 35",,,
804,64,18,{habeat},habeat,|,,,lat,VERcjg,VERcjg,subpst3,avoir,DMF,"Jonas, verso, l. 28",,,
411,46,3,{habebat},habebat,_,,,lat,VERcjg,VERcjg,indipf3,avoir,DMF,"Jonas, verso, l. 10",,,
745,61,25,{habebat},habebat,.|,,,lat,VERcjg,VERcjg,indipf3,avoir,DMF,"Jonas, verso, l. 25",,,
752,62,7,{habebat},habebat,_,,,lat,VERcjg,VERcjg,indipf3,avoir,DMF,"Jonas, verso, l. 26",,,
871,68,15,{habet},habet,_,,,lat,VERcjg,VERcjg,indpst3,avoir,DMF,"Jonas, verso, l. 32",,,
235,37,2,{habuit},habuit,_,,,lat,ETR,ETR,,---,---,"Jonas, verso, l. 1",,,
291,40,2,{habuit},habuit,_,,,lat,ETR,ETR,,---,---,"Jonas, verso, l. 4",,,
367,43,14,{habuit},habuit,_,,,lat,VERcjg,VERcjg,indpsp3,avoir,DMF,"Jonas, verso, l. 7",,,
855,67,18,{hab}[=habuit],habuit,_,,,lat,VERcjg,VERcjg,indpsp3,avoir,DMF,"Jonas, verso, l. 31",,,
329,41,20,{hierusalem},hjerusalem,.,,,lat,ETR,ETR,,---,---,"Jonas, verso, l. 5",,,
671,58,18,{homines},homines,.,,,lat,ETR,ETR,,---,---,"Jonas, verso, l. 22",,</q></s>,
673,58,20,{homines},homines,_,,,lat,NOMcom,NOMcom,pmn,homme,DMF,"Jonas, verso, l. 22",,,
649,57,19,{hominum},hominum,_,,,lat,ETR,ETR,,---,---,"Jonas, verso, l. 21",,,
39,5,5,ibat,ibat,_,,,lat,ETR,ETR,,---,---,"Jonas, recto, l. 5",,,
908,70,8,{ibique},ibique,_,,,lat,ETR,ETR,,---,---,"Jonas, verso, l. 34",,,<s xml:lang=&quot;lat&quot;>
6,1,6,i[n],in,_,,,lat,ETR,ETR,,---,---,"Jonas, recto, l. 1",,,
160,26,4,{in},in,_,,,lat,ETR,ETR,,---,---,"Jonas, recto, l. 26",,,
232,36,3,in,in,_,,,lat,ETR,ETR,,---,---,"Jonas, recto, l. 36",,,
594,55,4,i[n],in,_,,,lat,ETR,ETR,,---,---,"Jonas, verso, l. 19",,,
609,55,19,{in},in,_,,,lat,ETR,ETR,,---,---,"Jonas, verso, l. 19",,,
633,57,3,{in},in,_,,,lat,ETR,ETR,,---,---,"Jonas, verso, l. 21",,,
816,65,12,i[n],in,_,,,lat,PRE,PRE,,en,DMF,"Jonas, verso, l. 29",,,
234,37,1,{inde},inde,_,,,lat,ETR,ETR,,---,---,"Jonas, verso, l. 1",,,<pb n=&quot;verso&quot;/><lb n=&quot;1&quot;/><p><s><gap/>
684,59,8,{inde},inde,_,,,lat,ADVgen,ADVgen,,inde,wiktionary,"Jonas, verso, l. 23",,,
53,6,4,{innocentem},innocentem,_,,,lat,ETR,ETR,,---,---,"Jonas, recto, l. 6",,</q></s>,
223,34,8,{intelligere},intelligere,_,,,lat,ETR,ETR,,---,---,"Jonas, recto, l. 34",,,
552,53,4,{intelligere},intelligere,_,,,lat,VERinf,VERinf,,entelgir,Jonas,"Jonas, verso, l. 17",,,
615,56,2,{inter},inter,_,,,lat,ETR,ETR,,---,---,"Jonas, verso, l. 20",,,
807,65,3,{inter},inter,_,,,lat,PRE,PRE,,entre,DMF,"Jonas, verso, l. 29",,,
923,70,23,{ipse},ipse,_,,,lat,ETR,ETR,,---,---,"Jonas, verso, l. 34",,,
530,52,1,rasceris[=irasceris],irasceris,_,,,lat,ETR,ETR,,---,---,"Jonas, verso, l. 16",,,<lb n=&quot;16&quot;/><supplied>ad ionam</supplied></s><s xml:lang=&quot;lat&quot;><q><supplied>putasne bene</supplied>
537,52,8,irascor,irascor,_,,,lat,ETR,ETR,,---,---,"Jonas, verso, l. 16",,,
262,38,12,{iratus},iratus,_,,,lat,ETR,ETR,,---,---,"Jonas, verso, l. 2",,,
345,42,13,{israelite},israelite,.,,,lat,ETR,ETR,,---,---,"Jonas, verso, l. 6",,</hi></s>,
936,72,2,{iudeos},iudeos,_,,,lat,NOMcom,NOMcom,pmr,juif,DMF,"Jonas, verso, l. 36",,,
791,64,5,{ieiunium},jejunium,_,,,lat,NOMcom,NOMcom,smr,jeûne,DMF,"Jonas, verso, l. 28",,,
224,34,9,{ihesum},jhesum,_,,,lat,ETR,ETR,,---,---,"Jonas, recto, l. 34",,,
107,18,1,{ionam},jonam,_,,,lat,ETR,ETR,,---,---,"Jonas, recto, l. 18",,,<lb n=&quot;18&quot;/><s><supplied>liberavit</supplied>
116,18,10,{ionam},jonam,|,,,lat,ETR,ETR,,---,---,"Jonas, recto, l. 18",,<gap/></s>,
624,56,11,{ionam},jonam,_,,,lat,NOMpro,NOMpro,smr,Jonas,wikipedia.fr,"Jonas, verso, l. 20",,,
258,38,8,{ionas},jonas,_,,,lat,ETR,ETR,,---,---,"Jonas, verso, l. 2",,,
283,39,14,{ionas},jonas,_,,,lat,NOMpro,NOMpro,smn,Jonas,wikipedia.fr,"Jonas, verso, l. 3",,,
349,42,17,{ionas},jonas,_,,,lat,ETR,ETR,,---,---,"Jonas, verso, l. 6",,,
363,43,10,{ionas},jonas,_,,,lat,NOMpro,NOMpro,smn,Jonas,wikipedia.fr,"Jonas, verso, l. 7",,,
409,46,1,{ionas},jonas,_,,,lat,NOMpro,NOMpro,smn,Jonas,wikipedia.fr,"Jonas, verso, l. 10",,,<lb n=&quot;10&quot;/><supplied>enim</s><s> dunc</supplied>
446,47,17,{ionas},jonas,_,,,lat,ETR,ETR,,---,---,"Jonas, verso, l. 11",,,
219,34,4,ionę,jone,_,,,lat,ETR,ETR,,---,---,"Jonas, recto, l. 34",,,
227,35,2,ione,jone,_,,,lat,ETR,ETR,,---,---,"Jonas, recto, l. 35",,,
403,45,11,{ione},jone,_,,,lat,ETR,ETR,,---,---,"Jonas, verso, l. 9",,,
479,49,10,{ione},jone,_,,,lat,ETR,ETR,,---,---,"Jonas, verso, l. 13",,,
518,51,12,{ione},jone,_,,,lat,NOMpro,NOMpro,smr,Jonas,wikipedia.fr,"Jonas, verso, l. 15",,</s>,
583,54,18,{iudei},judei,_,,,lat,NOMcom,NOMcom,pmn,juif,DMF,"Jonas, verso, l. 18",,,
306,40,17,{iudeorum},judeorum,.,,,lat,NOMcom,NOMcom,pmr,juif,DMF,"Jonas, verso, l. 4",,</s>,
317,41,8,{iudeorum},judeorum,.,,,lat,NOMcom,NOMcom,pmr,juif,DMF,"Jonas, verso, l. 5",,</s>,
554,53,6,{iudeos},judeos,.,,,lat,NOMcom,NOMcom,pmr,juif,DMF,"Jonas, verso, l. 17",,,
810,65,6,{karitas},karitas,_,,,lat,ETR,ETR,,---,---,"Jonas, verso, l. 29",,,
597,55,7,{laborasti},laborasti,_,,,lat,ETR,ETR,,---,---,"Jonas, verso, l. 19",,,
636,57,6,{laborasti},laborasti,_,,,lat,ETR,ETR,,---,---,"Jonas, verso, l. 21",,,
408,45,16,{laborauerat},laboraverat,|,,,lat,ETR,ETR,,---,---,"Jonas, verso, l. 9",,,<s xml:lang=&quot;lat&quot;>
320,41,11,{legimus},legimus,_,,,lat,VERcjg,VERcjg,indpst4,lire,DMF,"Jonas, verso, l. 5",,,
444,47,15,{letatus},letatus,_,,,lat,ETR,ETR,,---,---,"Jonas, verso, l. 11",,,
450,48,2,{letus},letus,_,,,lat,ADJqua,ADJqua,smn,lié,DMF,"Jonas, verso, l. 12",,,
850,67,13,{liberat},liberat,_,,,lat,VERcjg,VERcjg,indpst3,livrer,DMF,"Jonas, verso, l. 31",,,
247,37,14,{liberatur},liberatur,_,,,lat,ETR,ETR,,---,---,"Jonas, verso, l. 1",,,
746,62,1,{liberi},liberi,_,,,lat,ADJqua,ADJqua,pmn,libre,DMF,"Jonas, verso, l. 26",,,<lb n=&quot;26&quot;/><gap/>
195,31,2,{magna},magna,_,,,lat,ETR,ETR,,---,---,"Jonas, recto, l. 31",,,<gap/>
260,38,10,{magna},magna,.,,,lat,ETR,ETR,,---,---,"Jonas, verso, l. 2",,</s>,
608,55,18,{magne},magne,.,,,lat,ETR,ETR,,---,---,"Jonas, verso, l. 19",,,
155,25,5,{maiore},maiore,_,,,lat,ETR,ETR,,---,---,"Jonas, recto, l. 25",,,
735,61,15,{mala},mala,_,,,lat,ETR,ETR,,---,---,"Jonas, verso, l. 25",,,
853,67,16,{mala},mala,_,,,lat,NOMcom,NOMcom,pmr,mal,DMF,"Jonas, verso, l. 31",,,
38,5,4,{mare},mare,_,,,lat,ETR,ETR,,---,---,"Jonas, recto, l. 5",,,
71,8,6,{mare},mare,.,,,lat,ETR,ETR,,---,---,"Jonas, recto, l. 8",,</s>,<gap/>
104,17,2,{mare},mare,.,,,lat,ETR,ETR,,---,---,"Jonas, recto, l. 17",,,
111,18,5,{maris},maris,_,,,lat,ETR,ETR,,---,---,"Jonas, recto, l. 18",,,
878,68,22,maturi[=maturitatem],maturitatem,|,,,lat,ETR,ETR,,---,---,"Jonas, verso, l. 32",,,
3,1,3,{me},me,_,,,lat,ETR,ETR,,---,---,"Jonas, recto, l. 1",,,
26,4,2,{me},me,_,,,lat,ETR,ETR,,---,---,"Jonas, recto, l. 4",,,
29,4,5,me[=mea],mea,_,,,lat,ETR,ETR,,---,---,"Jonas, recto, l. 4",,,<supplied>morte</supplied>
270,39,1,{meam},meam,_,,,lat,ETR,ETR,,---,---,"Jonas, verso, l. 3",,,<lb n=&quot;3&quot;/><s xml:lang=&quot;lat&quot;><q><supplied>domine tolle queso a me animam</supplied>
272,39,3,{melior},melior,_,,,lat,ETR,ETR,,---,---,"Jonas, verso, l. 3",,,
482,49,13,{melius},melius,_,,,lat,ETR,ETR,,---,---,"Jonas, verso, l. 13",,,<s xml:lang=&quot;lat&quot;><q>
521,51,15,{melius},melius,_,,,lat,ETR,ETR,,---,---,"Jonas, verso, l. 15",,,<s xml:lang=&quot;lat&quot;><q>
721,61,1,{mereantur},mereantur,_,,,lat,ETR,ETR,,---,---,"Jonas, verso, l. 25",,,<lb n=&quot;25&quot;/><supplied>vult quod peccatores vitam eternam</supplied>
226,35,1,mersione,mersione,_,,,lat,ETR,ETR,,---,---,"Jonas, recto, l. 35",,,<lb n=&quot;35&quot;/><s><gap/>
218,34,3,mersionem,mersionem,_,,,lat,ETR,ETR,,---,---,"Jonas, recto, l. 34",,,
23,3,6,{meum},meum,_,,,lat,ETR,ETR,,---,---,"Jonas, recto, l. 3",,,<gap/>
274,39,5,{mihi},mihi,_,,,lat,ETR,ETR,,---,---,"Jonas, verso, l. 3",,,
484,49,15,{mihi},mihi,_,,,lat,ETR,ETR,,---,---,"Jonas, verso, l. 13",,,
523,51,17,{mihi},mihi,_,,,lat,ETR,ETR,,---,---,"Jonas, verso, l. 15",,,
648,57,18,{milia},milia,_,,,lat,ETR,ETR,,---,---,"Jonas, verso, l. 21",,,
141,23,6,{minorem},minorem,_,,,lat,ETR,ETR,,---,---,"Jonas, recto, l. 23",,,
665,58,12,{misericordia},misericordia,_,,,lat,ETR,ETR,,---,---,"Jonas, verso, l. 22",,,
236,37,3,{misericordias},misericordias,_,,,lat,ETR,ETR,,---,---,"Jonas, verso, l. 1",,,
290,40,1,{misericordias},misericordias,_,,,lat,ETR,ETR,,---,---,"Jonas, verso, l. 4",,,<lb n=&quot;4&quot;/><s><supplied>quia deus de ninvitis</supplied>
715,60,19,{misericors},misericors,_,,,lat,ETR,ETR,,---,---,"Jonas, verso, l. 24",,,
485,49,16,{mori},mori,_,,,lat,ETR,ETR,,---,---,"Jonas, verso, l. 13",,,
524,51,18,{mori},mori,_,,,lat,ETR,ETR,,---,---,"Jonas, verso, l. 15",,,
275,39,6,mors,mors,_,,,lat,ETR,ETR,,---,---,"Jonas, verso, l. 3",,,
541,52,12,{mortem},mortem,.,,,lat,ETR,ETR,,---,---,"Jonas, verso, l. 16",,</q></s>,
812,65,8,{multitudinem},multitudinem,_,,,lat,ETR,ETR,,---,---,"Jonas, verso, l. 29",,,
72,8,7,{ne},ne,_,,,lat,ETR,ETR,,---,---,"Jonas, recto, l. 8",,,<s>
560,53,12,negant{es},negantes,_,,,lat,ETR,ETR,,---,---,"Jonas, verso, l. 17",,,
135,22,5,{neque},neque,|,,,lat,ETR,ETR,,---,---,"Jonas, recto, l. 22",,<gap/></s>,
598,55,8,{neque},neque,_,,,lat,ETR,ETR,,---,---,"Jonas, verso, l. 19",,,
637,57,7,{neque},neque,_,,,lat,ETR,ETR,,---,---,"Jonas, verso, l. 21",,,
318,41,9,{nessi},nessi,_,,,lat,ADVgen,ADVgen,,si4,DMF,"Jonas, verso, l. 5",,,<s><hi rend=&quot;underline&quot;>
827,66,6,{nessi},nessi,_,,,lat,ADVgen,ADVgen,,si4,DMF,"Jonas, verso, l. 30",,,<hi rend=&quot;under&quot;>
691,59,15,{nihilum},nihilum,_,,,lat,ETR,ETR,,---,---,"Jonas, verso, l. 23",,,
606,55,16,niniuę,ninive,_,,,lat,ETR,ETR,,---,---,"Jonas, verso, l. 19",,,
7,1,7,niniuen,niniven,|,,,lat,ETR,ETR,,---,---,"Jonas, recto, l. 1",,<gap/></s>,
122,20,1,niniuen,niniven,_,,,lat,ETR,ETR,,---,---,"Jonas, recto, l. 20",,,<lb n=&quot;20&quot;/><s><gap/>
331,41,22,{noluit},noluit,_,,,lat,ETR,ETR,,---,---,"Jonas, verso, l. 5",,,
162,26,6,non,non,_,,,lat,ETR,ETR,,---,---,"Jonas, recto, l. 26",,,<gap/>
596,55,6,n[on],non,_,,,lat,ETR,ETR,,---,---,"Jonas, verso, l. 19",,,
604,55,14,n[on],non,_,,,lat,ETR,ETR,,---,---,"Jonas, verso, l. 19",,,
635,57,5,n[on],non,_,,,lat,ETR,ETR,,---,---,"Jonas, verso, l. 21",,,
52,6,3,{nos},nos,_,,,lat,ETR,ETR,,---,---,"Jonas, recto, l. 6",,,
849,67,12,{nos},nos,_,,,lat,PRCper,PRCper,4pmr,nous,DMF,"Jonas, verso, l. 31",,,
854,67,17,{nos},nos,_,,,lat,PRCper,PRCper,4pmi,nous,DMF,"Jonas, verso, l. 31",,,
900,69,22,{nos},nos,|,,,lat,ETR,ETR,,---,---,"Jonas, verso, l. 33",,,
903,70,3,{nos},nos,_,,,lat,ETR,ETR,,---,---,"Jonas, verso, l. 34",,,
326,41,17,{noster},noster,_,,,lat,ETR,ETR,,---,---,"Jonas, verso, l. 5",,,
899,69,21,{nostrorum},nostrorum,_,,,lat,ETR,ETR,,---,---,"Jonas, verso, l. 33",,,
916,70,16,{omnibus},omnibus,_,,,lat,ETR,ETR,,---,---,"Jonas, verso, l. 34",,,
711,60,15,{omnipotens},omnipotens,_,,,lat,ETR,ETR,,---,---,"Jonas, verso, l. 24",,,
897,69,19,{omnium},omnium,_,,,lat,ETR,ETR,,---,---,"Jonas, verso, l. 33",,,
811,65,7,operit,operit,_,,,lat,ETR,ETR,,---,---,"Jonas, verso, l. 29",,,
337,42,5,{optabat},optabat,_,,,lat,ETR,ETR,,---,---,"Jonas, verso, l. 6",,,
265,38,15,{orauit},oravit,_,,,lat,ETR,ETR,,---,---,"Jonas, verso, l. 2",,,
385,44,12,oriente[m],orientem,_,,,lat,NOMcom,NOMcom,smr,orient,DMF,"Jonas, verso, l. 8",,,
858,68,2,{paganis},paganis,_,,,lat,ETR,ETR,,---,---,"Jonas, verso, l. 32",,,
848,67,11,{pagano},pagano,_,,,lat,NOMcom,NOMcom,smr,païen,DMF,"Jonas, verso, l. 31",,,
473,49,4,{parauit},paravit,_,,,lat,ETR,ETR,,---,---,"Jonas, verso, l. 13",,,
605,55,15,{parcam},parcam,_,,,lat,ETR,ETR,,---,---,"Jonas, verso, l. 19",,,
334,42,2,{paulus},paulus,_,,,lat,ETR,ETR,,---,---,"Jonas, verso, l. 6",,,<s xml:lang=&quot;lat&quot;><hi rend=&quot;underline&quot;>
143,24,1,{peccat},peccat,_,,,lat,ETR,ETR,,---,---,"Jonas, recto, l. 24",,,<lb n=&quot;24&quot;/><s>
244,37,11,{peccatore},peccatore,.,,,lat,NOMcom,NOMcom,smr,pécheur,DMF,"Jonas, verso, l. 1",,</s>,
670,58,17,{peccatores},peccatores,_,,,lat,ETR,ETR,,---,---,"Jonas, verso, l. 22",,,
708,60,12,{peccatorum},peccatorum,_,,,lat,ETR,ETR,,---,---,"Jonas, verso, l. 24",,,
813,65,9,{peccatorum},peccatorum,.,,,lat,ETR,ETR,,---,---,"Jonas, verso, l. 29",,</s>,
898,69,20,{peccatorum},peccatorum,_,,,lat,ETR,ETR,,---,---,"Jonas, verso, l. 33",,,
294,40,5,{peccatum},peccatum,_,,,lat,NOMcom,NOMcom,smr,péché,DMF,"Jonas, verso, l. 4",,,
217,34,2,per,per,_,,,lat,ETR,ETR,,---,---,"Jonas, recto, l. 34",,,
571,54,6,{per},per,_,,,lat,ETR,ETR,,---,---,"Jonas, verso, l. 18",,,
694,59,18,p[er],per,_,,,lat,PRE,PRE,,par,DMF,"Jonas, verso, l. 23",,,
918,70,18,p[er],per,_,,,lat,ETR,ETR,,---,---,"Jonas, verso, l. 34",,,
931,71,4,p[er],per,_,,,lat,ETR,ETR,,---,---,"Jonas, verso, l. 35",,,
316,41,7,{perditione},perditione,_,,,lat,NOMcom,NOMcom,sfr,perdition,DMF,"Jonas, verso, l. 5",,,
559,53,11,{permanent},permanent,.,,,lat,ETR,ETR,,---,---,"Jonas, verso, l. 17",,,
907,70,7,{peruenire},pervenire,.,,,lat,ETR,ETR,,---,---,"Jonas, verso, l. 34",,</s>,
667,58,14,{pietas},pietas,_,,,lat,ETR,ETR,,---,---,"Jonas, verso, l. 22",,,
713,60,17,{pius},pius,_,,,lat,ETR,ETR,,---,---,"Jonas, verso, l. 24",,,
892,69,14,{placere},placere,.,,,lat,VERinf,VERinf,,plaire,DMF,"Jonas, verso, l. 33",,</s>,
612,55,22,{plus},plus,_,,,lat,ETR,ETR,,---,---,"Jonas, verso, l. 19",,,
366,43,13,{populum},populum,_,,,lat,NOMcom,NOMcom,smr,peuple,DMF,"Jonas, verso, l. 7",,,
419,46,11,{populum},populum,_,,,lat,NOMcom,NOMcom,smr,peuple,DMF,"Jonas, verso, l. 10",,,
863,68,7,{poscite},poscite,_,,,lat,VERcjg,VERcjg,imp---5,posco,wiktionary,"Jonas, verso, l. 32",,,<s>
893,69,15,{poscite},poscite,_,,,lat,VERcjg,VERcjg,imp---5,posco,wiktionary,"Jonas, verso, l. 33",,,<s>
886,69,8,{possumus},possumus,_,,,lat,VERcjg,VERcjg,indpst4,pouvoir,DMF,"Jonas, verso, l. 33",,,
891,69,13,{possumus},possumus,_,,,lat,VERcjg,VERcjg,indpst4,pouvoir,DMF,"Jonas, verso, l. 33",,,
77,11,2,{postea},postea,_,,,lat,ETR,ETR,,---,---,"Jonas, recto, l. 11",,,
142,23,7,{postea},postea,|,,,lat,ETR,ETR,,---,---,"Jonas, recto, l. 23",,<gap/></s>,
216,34,1,{postea},postea,_,,,lat,ETR,ETR,,---,---,"Jonas, recto, l. 34",,,<lb n=&quot;34&quot;/><p><secl><s>
542,52,13,{postea},postea,_,,,lat,ADVgen,ADVgen,,puis,DMF,"Jonas, verso, l. 16",,,<s>
656,58,3,{Postea},postea,_,,,lat,ADVgen,ADVgen,,puis,DMF,"Jonas, verso, l. 22",,,<s><q>
693,59,17,{postea},postea,_,,,lat,ADVgen,ADVgen,,puis,DMF,"Jonas, verso, l. 23",,,
660,58,7,{potestis},potestis,_,,,lat,VERcjg,VERcjg,indpst5,pouvoir,DMF,"Jonas, verso, l. 22",,,
759,62,14,{potestis},potestis,_,,,lat,VERcjg,VERcjg,indpst5,pouvoir,DMF,"Jonas, verso, l. 26",,,
468,48,20,p[re]cep[it],precepit,_,,,lat,ETR,ETR,,---,---,"Jonas, verso, l. 12",,,
114,18,8,precip[=precipit],precipit,_,,,lat,ETR,ETR,,---,---,"Jonas, recto, l. 18",,,
398,45,6,{preparauit},preparavit,_,,,lat,ETR,ETR,,---,---,"Jonas, verso, l. 9",,,
340,42,8,{pro},pro,_,,,lat,ETR,ETR,,---,---,"Jonas, verso, l. 6",,,
110,18,4,{o}[=profundo],profundo,_,,,lat,ETR,ETR,,---,---,"Jonas, recto, l. 18",,,
284,39,15,{propheta},propheta,_,,,lat,NOMcom,NOMcom,smn,prophète,DMF,"Jonas, verso, l. 3",,,
364,43,11,{propheta},propheta,_,,,lat,NOMcom,NOMcom,smn,prophète,DMF,"Jonas, verso, l. 7",,,
410,46,2,{propheta},propheta,_,,,lat,NOMcom,NOMcom,smn,prophète,DMF,"Jonas, verso, l. 10",,,
108,18,2,{prophetam},prophetam,_,,,lat,ETR,ETR,,---,---,"Jonas, recto, l. 18",,,
625,56,12,{prophetam},prophetam,.,,,lat,NOMcom,NOMcom,smr,prophète,DMF,"Jonas, verso, l. 20",,</hi></s>,
220,34,5,{prophete},prophete,_,,,lat,ETR,ETR,,---,---,"Jonas, recto, l. 34",,,
573,54,8,{prophete},prophete,.,,,lat,ETR,ETR,,---,---,"Jonas, verso, l. 18",,,
8,2,1,propter,propter,_,,,lat,ETR,ETR,,---,---,"Jonas, recto, l. 2",,,<lb n=&quot;2&quot;/><s><supplied>scio enim ego quoniam</supplied>
924,70,24,{prospicere},prospicere,_,,,lat,ETR,ETR,,---,---,"Jonas, verso, l. 34",,,
595,55,5,{qua},qua,_,,,lat,ETR,ETR,,---,---,"Jonas, verso, l. 19",,,
610,55,20,{qua},qua,_,,,lat,ETR,ETR,,---,---,"Jonas, verso, l. 19",,,
634,57,4,{qua},qua,_,,,lat,ETR,ETR,,---,---,"Jonas, verso, l. 21",,,
276,39,7,{quam},quam,_,,,lat,ETR,ETR,,---,---,"Jonas, verso, l. 3",,,
486,49,17,{quam},quam,_,,,lat,ETR,ETR,,---,---,"Jonas, verso, l. 13",,,
525,51,19,{quam},quam,_,,,lat,ETR,ETR,,---,---,"Jonas, verso, l. 15",,,
613,55,23,{quam},quam,|,,,lat,ETR,ETR,,---,---,"Jonas, verso, l. 19",,,
663,58,10,{quanta},quanta,_,,,lat,ETR,ETR,,---,---,"Jonas, verso, l. 22",,,
343,42,11,{qui},qui,_,,,lat,ETR,ETR,,---,---,"Jonas, verso, l. 6",,,
712,60,16,{qui},qui,_,,,lat,ETR,ETR,,---,---,"Jonas, verso, l. 24",,,
720,60,24,{qui},qui,|,,,lat,ETR,ETR,,---,---,"Jonas, verso, l. 24",,,
926,70,26,{qui},qui,_,,,lat,ETR,ETR,,---,---,"Jonas, verso, l. 34",,,
37,5,3,{quia},quia,_,,,lat,ETR,ETR,,---,---,"Jonas, recto, l. 5",,,
271,39,2,{quia},quia,_,,,lat,ETR,ETR,,---,---,"Jonas, verso, l. 3",,,
809,65,5,{quia},quia,_,,,lat,ETR,ETR,,---,---,"Jonas, verso, l. 29",,,
356,43,3,{quid},quid,_,,,lat,ETR,ETR,,---,---,"Jonas, verso, l. 7",,,
922,70,22,{quod},quod,_,,,lat,ETR,ETR,,---,---,"Jonas, verso, l. 34",,,<s xml:lang=&quot;lat&quot;><hi rend=&quot;underline&quot;>
692,59,16,redigere,redigere,.,,,lat,ETR,ETR,,---,---,"Jonas, verso, l. 23",,,
707,60,11,{remissionem},remissionem,_,,,lat,ETR,ETR,,---,---,"Jonas, verso, l. 24",,,
896,69,18,{remissionem},remissionem,_,,,lat,ETR,ETR,,---,---,"Jonas, verso, l. 33",,,
823,66,2,{remunerati},remunerati,.,,,lat,VERppe,VERppe,pmn,rémunérer,DMF,"Jonas, verso, l. 30",,</s>,
4,1,4,{rogat},rogat,_,,,lat,ETR,ETR,,---,---,"Jonas, recto, l. 1",,,
305,40,16,ruina,ruina,_,,,lat,NOMcom,NOMcom,sfn,ruine,DMF,"Jonas, verso, l. 4",,,
157,26,1,sacco,sacco,_,,,lat,ETR,ETR,,---,---,"Jonas, recto, l. 26",,,<lb n=&quot;26&quot;/><gap/><s><supplied>et indutus est</supplied>
302,40,13,{salus},salus,.,,,lat,NOMcom,NOMcom,sfn,salut,DMF,"Jonas, verso, l. 4",,</s>,
917,70,17,{sanctis},sanctis,_,,,lat,ETR,ETR,,---,---,"Jonas, verso, l. 34",,,
928,71,1,{sanctis},sanctis,_,,,lat,ETR,ETR,,---,---,"Jonas, verso, l. 35",,,<lb n=&quot;35&quot;/><supplied>in celo cum omnibus</supplied>
837,66,16,{sapietis},sapietis,|,,,lat,VERcjg,VERcjg,indfut5,savoir,DMF,"Jonas, verso, l. 30",,</s>,
920,70,20,{secula},secula,_,,,lat,ETR,ETR,,---,---,"Jonas, verso, l. 34",,,
933,71,6,{secula},secula,_,,,lat,ETR,ETR,,---,---,"Jonas, verso, l. 35",,,
921,70,21,{seculorum},seculorum,.,,,lat,ETR,ETR,,---,---,"Jonas, verso, l. 34",,</s>,
934,71,7,{seculorum},seculorum,.|,,,lat,ETR,ETR,,---,---,"Jonas, verso, l. 35",,</hi></s></p>,
505,50,18,{sedebat},sedebat,_,,,lat,VERcjg,VERcjg,indipf3,seoir,DMF,"Jonas, verso, l. 14",,</s>,
159,26,3,{sedit},sedit,_,,,lat,ETR,ETR,,---,---,"Jonas, recto, l. 26",,,
353,42,21,{sedit},sedit,|,,,lat,ETR,ETR,,---,---,"Jonas, verso, l. 6",,,
818,65,14,{seruicio},servicio,.,,,lat,NOMcom,NOMcom,smr,service,DMF,"Jonas, verso, l. 29",,,
27,4,3,{si},si,_,,,lat,ETR,ETR,,---,---,"Jonas, recto, l. 4",,,
147,24,5,{si},si,_,,,lat,ETR,ETR,,---,---,"Jonas, recto, l. 24",,,<gap/>
221,34,6,{si},si,_,,,lat,ETR,ETR,,---,---,"Jonas, recto, l. 34",,,
650,57,20,{si},si,_,,,lat,CONsub,CONsub,,si3,DMF,"Jonas, verso, l. 21",,,
246,37,13,{sic},sic,_,,,lat,ETR,ETR,,---,---,"Jonas, verso, l. 1",,,
556,53,8,sicci,sicci,_,,,lat,ETR,ETR,,---,---,"Jonas, verso, l. 17",,,
948,72,14,{sient},sient,.,,,lat,VERcjg,VERcjg,subpst6,être,DMF,"Jonas, verso, l. 36",,</s>,
913,70,13,{sine},sine,_,,,lat,ETR,ETR,,---,---,"Jonas, verso, l. 34",,,
618,56,5,{sinistram},sinistram,.,,,lat,ETR,ETR,,---,---,"Jonas, verso, l. 20",,</hi></q></s>,
614,56,1,{sit},sit,_,,,lat,ETR,ETR,,---,---,"Jonas, verso, l. 20",,,<lb n=&quot;20&quot;/><supplied>CXX hominum qui nesciunt quid</supplied><hi rend=&quot;underline&quot;>
572,54,7,{spiritum},spiritum,_,,,lat,ETR,ETR,,---,---,"Jonas, verso, l. 18",,,
734,61,14,{sua},sua,_,,,lat,ETR,ETR,,---,---,"Jonas, verso, l. 25",,,
342,42,10,{suis},suis,_,,,lat,ETR,ETR,,---,---,"Jonas, verso, l. 6",,,
344,42,12,{sunt},sunt,_,,,lat,ETR,ETR,,---,---,"Jonas, verso, l. 6",,,
611,55,21,{sunt},sunt,_,,,lat,ETR,ETR,,---,---,"Jonas, verso, l. 19",,,
709,60,13,{suorum},suorum,.,,,lat,ETR,ETR,,---,---,"Jonas, verso, l. 24",,</s>,
14,2,7,{super},super,_,,,lat,ETR,ETR,,---,---,"Jonas, recto, l. 2",,<supplied>vos</supplied></s>,
41,5,7,{super},super,_,,,lat,ETR,ETR,,---,---,"Jonas, recto, l. 5",,,<supplied>intumescebat</supplied>
51,6,2,{super},super,_,,,lat,ETR,ETR,,---,---,"Jonas, recto, l. 6",,,
252,38,2,{super},super,_,,,lat,PRE,PRE,,sur,DMF,"Jonas, verso, l. 2",,,
328,41,19,{super},super,_,,,lat,ETR,ETR,,---,---,"Jonas, verso, l. 5",,,
401,45,9,{super},super,_,,,lat,ETR,ETR,,---,---,"Jonas, verso, l. 9",,,
447,47,18,{super},super,_,,,lat,ETR,ETR,,---,---,"Jonas, verso, l. 11",,,
477,49,8,{super},super,_,,,lat,ETR,ETR,,---,---,"Jonas, verso, l. 13",,,
516,51,10,{super},super,_,,,lat,PRE,PRE,,sur,DMF,"Jonas, verso, l. 15",,,
532,52,3,{super},super,_,,,lat,ETR,ETR,,---,---,"Jonas, verso, l. 16",,,
592,55,2,{super},super,_,,,lat,ETR,ETR,,---,---,"Jonas, verso, l. 19",,,
669,58,16,{super},super,_,,,lat,ETR,ETR,,---,---,"Jonas, verso, l. 22",,,
755,62,10,{super},super,_,,,lat,PRE,PRE,,sur,DMF,"Jonas, verso, l. 26",,,
126,20,5,surre[=surrexit],surrexit,|,,,lat,ETR,ETR,,---,---,"Jonas, recto, l. 20",,<supplied>ionas</supplied></s>,
647,57,17,{tanta},tanta,_,,,lat,ETR,ETR,,---,---,"Jonas, verso, l. 21",,,
852,67,15,{tanta},tanta,_,,,lat,DETind,DETind,pmr,tant,DMF,"Jonas, verso, l. 31",,,
332,41,23,{tollere},tollere,|,,,lat,ETR,ETR,,---,---,"Jonas, verso, l. 5",,,
190,30,4,{tres},tres,_,,,lat,ADJcar,ADJcar,pmr,trois,DMF,"Jonas, recto, l. 30",,,
696,59,20,{triduanum},triduanum,|,,,lat,NOMcom,NOMcom,smr,triduanus,wiktionary,"Jonas, verso, l. 23",,,
790,64,4,{triduanum},triduanum,_,,,lat,NOMcom,NOMcom,smr,triduanus,wiktionary,"Jonas, verso, l. 28",,,
124,20,3,{trium},trium,_,,,lat,ETR,ETR,,---,---,"Jonas, recto, l. 20",,<supplied>dierum</supplied><gap/></s>,<gap/><supplied>itinere</supplied>
531,52,2,{tu},tu,_,,,lat,ETR,ETR,,---,---,"Jonas, verso, l. 16",,,
407,45,15,{umbram},umbram,.,,,lat,ETR,ETR,,---,---,"Jonas, verso, l. 9",,</s>,
815,65,11,unanimes,unanimes,_,,,lat,ADJqua,ADJqua,pmn,unanime,DMF,"Jonas, verso, l. 29",,,
139,23,4,{usque},usque,_,,,lat,ETR,ETR,,---,---,"Jonas, recto, l. 23",,,<supplied>vestiti sunt saccis a maiore</supplied>
156,25,6,{usque},usque,|,,,lat,ETR,ETR,,---,---,"Jonas, recto, l. 25",,<supplied>ad minorem</supplied><gap/></s>,
539,52,10,{usque},usque,_,,,lat,ETR,ETR,,---,---,"Jonas, verso, l. 16",,,
28,4,4,{ut},ut,_,,,lat,ETR,ETR,,---,---,"Jonas, recto, l. 4",,,<gap/>
404,45,12,{ut},ut,_,,,lat,ETR,ETR,,---,---,"Jonas, verso, l. 9",,,
600,55,10,{ut},ut,_,,,lat,ETR,ETR,,---,---,"Jonas, verso, l. 19",,,
639,57,9,{ut},ut,_,,,lat,ETR,ETR,,---,---,"Jonas, verso, l. 21",,,
909,70,9,{ualemus},valemus,_,,,lat,ETR,ETR,,---,---,"Jonas, verso, l. 34",,,
705,60,9,{ueniam},veniam,_,,,lat,ETR,ETR,,---,---,"Jonas, verso, l. 24",,,
577,54,12,{uenirent},venirent,_,,,lat,ETR,ETR,,---,---,"Jonas, verso, l. 18",,,
475,49,6,{uentum},ventum,_,,,lat,ETR,ETR,,---,---,"Jonas, verso, l. 13",,,
733,61,13,{uia},via,_,,,lat,ETR,ETR,,---,---,"Jonas, verso, l. 25",,,
570,54,5,{uidebat},videbat,_,,,lat,VERcjg,VERcjg,indipf3,voir,DMF,"Jonas, verso, l. 18",,,
761,62,16,{uidere},videre,.,,,lat,VERinf,VERinf,,voir,DMF,"Jonas, verso, l. 26",,,
355,43,2,{uideret},videret,_,,,lat,ETR,ETR,,---,---,"Jonas, verso, l. 7",,,
726,61,6,{uidit},vidit,_,,,lat,VERcjg,VERcjg,indpsp3,voir,DMF,"Jonas, verso, l. 25",,,
277,39,8,{uita},vita,.,,,lat,ETR,ETR,,---,---,"Jonas, verso, l. 3",,</q></s>,
723,61,3,{uiuant},vivant,.,,,lat,ETR,ETR,,---,---,"Jonas, verso, l. 25",,,
30,4,6,{uiuatis},vivatis,.,,,lat,ETR,ETR,,---,---,"Jonas, recto, l. 4",,</s>,
487,49,18,{uiuere},vivere,.|,,,lat,ETR,ETR,,---,---,"Jonas, verso, l. 13",,</q></s>,
526,51,20,{uiuere},vivere,_,,,lat,ETR,ETR,,---,---,"Jonas, verso, l. 15",,</q></s>,
927,70,27,{uiuit},vivit,|,,,lat,ETR,ETR,,---,---,"Jonas, verso, l. 34",,,
681,59,5,{uolebat},volebat,_,,,lat,VERcjg,VERcjg,indipf3,vouloir,DMF,"Jonas, verso, l. 23",,,
687,59,11,{uolebat},volebat,_,,,lat,VERcjg,VERcjg,indipf3,vouloir,DMF,"Jonas, verso, l. 23",,,
799,64,13,{uoluntatem},voluntatem,_,,,lat,NOMcom,NOMcom,sfr,volonté,DMF,"Jonas, verso, l. 28",,,
214,33,7,{uos},vos,_,,,lat,ETR,ETR,,---,---,"Jonas, recto, l. 33",,,
808,65,4,{uos},vos,.,,,lat,PRNper,PRNper,5pmr,vous,DMF,"Jonas, verso, l. 29",,,
