wd_id,line_id,line_wd,dipl,word,phon,phon_map,syllabified,wd_div,lang,para_id,syntag,syntag2,lemma,lemma_src,lemma_dmf,pos,pos_syn,morph,ref,tei_right,tei_left
1,1,1,Lodhu_uic[us],lodhuuicus,,,,_,lat,1,Etr,Etr,---,---,,ETR,ETR,,"Serments, 13r, col. b, l. 3",,<text><body><pb facs=&quot;https://gallica.bnf.fr/ark:/12148/btv1b84238417/f29.item&quot; n=&quot;13r&quot;/><cb n=&quot;b&quot;/><lb n=&quot;3&quot;/><p xml:lang=&quot;lat&quot;><s>
2,1,2,q[uonia]m,quoniam,,,,_,lat,1,Etr,Etr,---,---,,ETR,ETR,,"Serments, 13r, col. b, l. 3",,
3,1,3,maior,maior,,,,_,lat,1,Etr,Etr,---,---,,ETR,ETR,,"Serments, 13r, col. b, l. 3",,
4,1,4,natu,natu,,,,_,lat,1,Etr,Etr,---,---,,ETR,ETR,,"Serments, 13r, col. b, l. 3",,
5,1,5,erat,erat,,,,.,lat,1,Etr,Etr,---,---,,ETR,ETR,,"Serments, 13r, col. b, l. 3",,
6,1,6,prior,prior,,,,|,lat,1,Etr,Etr,---,---,,ETR,ETR,,"Serments, 13r, col. b, l. 3",,
7,2,1,haec,haec,,,,_,lat,1,Etr,Etr,---,---,,ETR,ETR,,"Serments, 13r, col. b, l. 4",,<lb n=&quot;4&quot;/>
8,2,2,deinde,deinde,,,,_,lat,1,Etr,Etr,---,---,,ETR,ETR,,"Serments, 13r, col. b, l. 4",,
9,2,3,se,se,,,,+,lat,1,Etr,Etr,---,---,,ETR,ETR,,"Serments, 13r, col. b, l. 4",,
10,2,4,seruaturu[m],servaturum,,,,_,lat,1,Etr,Etr,---,---,,ETR,ETR,,"Serments, 13r, col. b, l. 4",,
11,2,5,testatus,testatus,,,,_,lat,1,Etr,Etr,---,---,,ETR,ETR,,"Serments, 13r, col. b, l. 4",,
12,2,6,[est],est,,,,|,lat,1,Etr,Etr,---,---,,ETR,ETR,,"Serments, 13r, col. b, l. 4",</s></p>,
13,3,1,Pro,pro,prO,p.r.o,pr/O\,_,fro,2,Pre,Pre,pour,DMF,pour,PRE,PRE,,"Serments, 13r, col. b, l. 5",,<lb n=&quot;5&quot;/><p><q><s xml:lang=&quot;fro&quot;>
14,3,2,d[e]o,deo,dɛu,d.e.o,d/ɛ\u,_,fro,2,N,N,Dieu,DMF,Dieu,NOMpro,NOMpro,smr,"Serments, 13r, col. b, l. 5",,
15,3,3,amur,amur,Amor,a.m.u.r,/A\.'m/o\r,_,fro,2,N,N,amour,DMF,amour,NOMcom,NOMcom,sfr,"Serments, 13r, col. b, l. 5",,
16,3,4,[et],et,eð,e.t,/e\ð,_,fro,2,Crd,Crd,et,DMF,et,CONcoo,CONcoo,,"Serments, 13r, col. b, l. 5",,
17,3,5,p[ro],pro,prO,p.r.o,pr/O\,+,fro,2,Pre,Pre,pour,DMF,pour,PRE,PRE,,"Serments, 13r, col. b, l. 5",,
18,3,6,chr[ist]ian,christian,kriStiAn,ch.r.i.s.t.i.a.n,kr/i\S.t/i\.'/A\n,_,fro,2,Adj,Adj,chrétien,DMF,chrétien,ADJqua,ADJqua,smr,"Serments, 13r, col. b, l. 5",,
19,3,7,poblo,poblo,pObLə,p.o.b.l.o,'p/O\.bL/ə\,_,fro,2,N,N,peuple,DMF,peuple,NOMcom,NOMcom,smr,"Serments, 13r, col. b, l. 5",,
20,3,8,[et],et,eð,e.t,/e\ð,_,fro,2,Crd,Crd,et,DMF,et,CONcoo,CONcoo,,"Serments, 13r, col. b, l. 5",,
21,3,9,n[ost]ro,nostro,nɔStrə,n.o.s.t.r.o,'n/ɔ\S.tr/ə\,_,fro,2,Det,Det,notre,DMF,notre,DETpos,DETpos,4smr,"Serments, 13r, col. b, l. 5",,
22,3,10,co[m]mun,commun,kOmmyn,c.o.m.m.u.n,k/O\m.'m/y\n,|,fro,2,Adj,Adj,commun,DMF,commun,ADJqua,ADJqua,smr,"Serments, 13r, col. b, l. 5",,
23,4,1,saluament,salvament,SALvAmENT,s.a.l.v.a.m.e.n.t,S/A\L.v/A\.'m/E\NT,.,fro,2,N,N,sauvement,DMF,sauvement,NOMcom,NOMcom,smr,"Serments, 13r, col. b, l. 6",,<lb n=&quot;6&quot;/>
24,4,2,d,d,d,d,d/\,+,fro,2,Pre,Pre,de,DMF,de,PRE,PRE,,"Serments, 13r, col. b, l. 6",,
25,4,3,ist,ist,eST,i.s.t,/e\ST,_,fro,2,Dem,Dem,est2,TL,,DETdem,DETdem,smr,"Serments, 13r, col. b, l. 6",,
26,4,4,di,di,di,d.i,d/i\,_,fro,2,N,N,di,DMF,di,NOMcom,NOMcom,smr,"Serments, 13r, col. b, l. 6",,
27,4,5,en,en,EN,e.n,/E\N,_,fro,2,Pre,Pre,en,DMF,en,PRE,PRE,,"Serments, 13r, col. b, l. 6",,
28,4,6,auant,avant,AvANT,a.v.a.n.t,/A\.'v/A\NT,:,fro,2,PrA,PrA,avant,DMF,avant,ADVgen,ADVgen,,"Serments, 13r, col. b, l. 6",,
29,4,7,in,in,EN,i.n,/E\N,+,fro,2,Pre,Pre,en,DMF,en,PRE,PRE,,"Serments, 13r, col. b, l. 6",,
30,4,8,quant,quant,kANT,qu.a.n.t,k/A\NT,+,fro,2,Qux,Qux,quant,DMF,quant,PRNrel,PRNrel,,"Serments, 13r, col. b, l. 6",,
31,4,9,d[eu]s,deus,dɛuS,d.e.u.s,d/ɛ\uS,|,fro,2,N,N,Dieu,DMF,Dieu,NOMpro,NOMpro,smn,"Serments, 13r, col. b, l. 6",,
32,5,1,sauir,savir,SAver,s.a.v.i.r,S/A\.'v/e\r,_,fro,2,N,N,savoir,DMF,savoir,NOMcom,NOMcom,smr,"Serments, 13r, col. b, l. 7",,<lb n=&quot;7&quot;/>
33,5,2,[et],et,eð,e.t,/e\ð,_,fro,2,Crd,Crd,et,DMF,et,CONcoo,CONcoo,,"Serments, 13r, col. b, l. 7",,
34,5,3,podir,podir,poðer,p.o.d.i.r,p/o\.'ð/e\r,_,fro,2,N,N,pouvoir,DMF,pouvoir,NOMcom,NOMcom,smr,"Serments, 13r, col. b, l. 7",,
35,5,4,me,me,mE,m.e,m/E\,+,fro,2,Prn,Prn$$,me,DMF,me,PRCper,PRCper,1smr,"Serments, 13r, col. b, l. 7",,
36,5,5,dunat,dunat,dOnəð,d.u.n.a.t,'d/O\.n/ə\ð,.,fro,2,Vfin,Vfin,donner,DMF,donner,VERcjg,VERcjg,indpst3,"Serments, 13r, col. b, l. 7",,
37,5,6,si,si,Si,s.i,S/i\,+,fro,2,Adv,Adv,si4,DMF,si4,ADVgen,ADVgen,,"Serments, 13r, col. b, l. 7",,
38,5,7,saluerai,salverai,SALvErAi,s.a.l.v.e.r.a.i,S/A\L.v/E\.'r/A\i,+,fro,2,Vfin,Vfin,sauver,DMF,sauver,VERcjg,VERcjg,indfut1,"Serments, 13r, col. b, l. 7",,
39,5,8,eo,eo,eu,e.o,/e\u,.|,fro,2,Prn,Prn,je,DMF,je,PRNper,PRNper,1smn,"Serments, 13r, col. b, l. 7",,
40,6,1,cist,cist,ÇeST,c.i.s.t,Ç/e\ST,_,fro,2,Dem,Dem,cist,DMF,cist,DETdem,DETdem,smr,"Serments, 13r, col. b, l. 8",,<lb n=&quot;8&quot;/>
41,6,2,meon,meon,mɛun,m.e.o.n,m/ɛ\un,_,fro,2,Adj,Adj,mien,DMF,mien,ADJpos,ADJpos,1smr,"Serments, 13r, col. b, l. 8",,
42,6,3,fradre,fradre,frAðrə,f.r.a.d.r.e,'fr/A\.ðr/ə\,_,fro,2,N,N,frère,DMF,frère,NOMcom,NOMcom,smr,"Serments, 13r, col. b, l. 8",,
43,6,4,karlo,karlo,kArLə,k.a.r.l.o,'k/A\r.L/ə\,.,fro,2,N,N,Charles,---,,NOMpro,NOMpro,smr,"Serments, 13r, col. b, l. 8",,
44,6,5,[et],et,eð,e.t,/e\ð,_,fro,2,Crd,Crd,et,DMF,et,CONcoo,CONcoo,,"Serments, 13r, col. b, l. 8",,
45,6,6,in,in,EN,i.n,/E\N,_,fro,2,Pre,Pre,en,DMF,en,PRE,PRE,,"Serments, 13r, col. b, l. 8",,
46,6,7,a_iudha,aiudha,Aiyðə,a.i.u.dh.a,/A\i.'/y\.ð/ə\,.|,fro,2,N,N,aide,DMF,aide,NOMcom,NOMcom,sfr,"Serments, 13r, col. b, l. 8",,
47,7,1,[et],et,eð,e.t,/e\ð,_,fro,2,Crd,Crd,et,DMF,et,CONcoo,CONcoo,,"Serments, 13r, col. b, l. 9",,<lb n=&quot;9&quot;/>
48,7,2,in,in,EN,i.n,/E\N,_,fro,2,Pre,Pre,en,DMF,en,PRE,PRE,,"Serments, 13r, col. b, l. 9",,
49,7,3,cad_huna,cadhuna,kAðynə,c.a.dh.u.n.a,k/A\.'ð/y\.n/ə\,_,fro,2,QIs,QIs,chacun,DMF,chacun,DETind,DETind,sfr,"Serments, 13r, col. b, l. 9",,
50,7,4,cosa,cosa,kɔzə,c.o.s.a,'k/ɔ\.z/ə\,.,fro,2,N,N,chose,DMF,chose,NOMcom,NOMcom,sfr,"Serments, 13r, col. b, l. 9",,
51,7,5,si,si,Si,s.i,S/i\,+,fro,2,Adv,Adv,si4,DMF,si4,ADVgen,ADVgen,,"Serments, 13r, col. b, l. 9",,
52,7,6,cu[m],cum,kOm,c.u.m,k/O\m,_,fro,2,Sub,Sub,comme,DMF,comme,CONsub,CONsub,,"Serments, 13r, col. b, l. 9",,
53,7,7,om,om,Om,o.m,/O\m,_,fro,2,Prn,Prn,on,DMF,on,PRNind,PRNind,snn,"Serments, 13r, col. b, l. 9",,
54,7,8,p[er],per,pEr,p.e.r,p/E\r,_,fro,2,Pre,Pre,par,DMF,par,PRE,PRE,,"Serments, 13r, col. b, l. 9",,
55,7,9,dreit,dreit,dreiT,d.r.e.i.t,dr/e\iT,_,fro,2,N,N,droit,DMF,droit,NOMcom,NOMcom,smr,"Serments, 13r, col. b, l. 9",,
56,7,10,son,son,SON,s.o.n,S/O\N,|,fro,2,Det,Det,son4,DMF,son4,DETpos,DETpos,3smr,"Serments, 13r, col. b, l. 9",,
57,8,1,fradra,fradra,frAðrə,f.r.a.d.r.a,'fr/A\.ðr/ə\,_,fro,2,N,N,frère,DMF,frère,NOMcom,NOMcom,smr,"Serments, 13r, col. b, l. 10",,<lb n=&quot;10&quot;/>
58,8,2,saluar,salvar,SALvAr,s.a.l.v.a.r,S/A\L.'v/A\r,_,fro,2,Vinf,Vinf,sauver,DMF,sauver,VERinf,VERinf,,"Serments, 13r, col. b, l. 10",,
59,8,3,dift,dift,deFT,d.i.f.t,d/e\FT,.,fro,2,Vfin,Vfin,devoir2,DMF,devoir2,VERcjg,VERcjg,indpst3,"Serments, 13r, col. b, l. 10",,
60,8,4,In,in,EN,i.n,/E\N,+,fro,2,Pre,Pre,en,DMF,en,PRE,PRE,,"Serments, 13r, col. b, l. 10",,
61,8,5,o,o,ɔ,o,/ɔ\,_,fro,2,Dem,Dem,o4,DMF,o4,PRNdem,PRNdem,snr,"Serments, 13r, col. b, l. 10",,
62,8,6,quid,quid,kEð,qu.i.d,k/E\ð,_,fro,2,Sub,Sub,que,DMF,que,CONsub,CONsub,,"Serments, 13r, col. b, l. 10",,
63,8,7,il,il,il,i.l,/i\l,_,fro,2,Prn,Prn,il,DMF,il,PRNper,PRNper,3smn,"Serments, 13r, col. b, l. 10",,
64,8,8,mi,mi,me,m.i,m/e\,+,fro,2,Prn,Prn,moi,DMF,moi,PRNper,PRNper,1smr,"Serments, 13r, col. b, l. 10",,
65,8,9,altre|si,altresi,ALtrəsi,a.l.t.r.e.s.i,/A\L.tr/ə\.'s/i\,_,fro,2,Adv,Adv,autressi,DMF,autressi,ADVgen,ADVgen,,"Serments, 13r, col. b, l. 10",,
66,9,1,faz[et],fazet,fAʦəð,f.a.z.e.t,'f/A\.ʦ/ə\ð,.,fro,2,Vfin,Vfin,faire,DMF,faire,VERcjg,VERcjg,subpst3,"Serments, 13r, col. b, l. 11",</s>,
67,9,2,Et,et,eð,e.t,/e\ð,_,fro,2,Crd,Crd,et,DMF,et,CONcoo,CONcoo,,"Serments, 13r, col. b, l. 11",,<lb n=&quot;11&quot;/><s xml:lang=&quot;fro&quot;>
68,9,3,ab,ab,AP,a.b,/A\P,+,fro,2,Pre,Pre,o,DMF,o,PRE,PRE,,"Serments, 13r, col. b, l. 11",,
69,9,4,ludher,ludher,LoðEr,l.u.dh.e.r,L/o\.'ð/E\r,_,fro,2,N,N,Lothaire,---,,NOMcom,NOMcom,smr,"Serments, 13r, col. b, l. 11",,
70,9,5,nul,nul,nyl,n.u.l,n/y\l,_,fro,2,QIs,QIs,nul,DMF,nul,DETind,DETind,smr,"Serments, 13r, col. b, l. 11",,
71,9,6,plaid,plaid,pLAiT,p.l.a.i.d,pL/A\iT,_,fro,2,N,N,plaid,DMF,plaid,NOMcom,NOMcom,smr,"Serments, 13r, col. b, l. 11",,
72,9,7,nu[n]qua[m],nunquam,nONkə,n.u.n.qu.am,'n/O\N.k/ə\,|,fro,2,Adv,Adv,nonque,DMF,nonque,ADVgen,ADVgen,,"Serments, 13r, col. b, l. 11",,
73,10,1,prindrai,prindrai,prENdrAi,p.r.i.n.d.r.a.i,pr/E\N.'dr/A\i,_,fro,2,Vfin,Vfin,prendre,DMF,prendre,VERcjg,VERcjg,indfut1,"Serments, 13r, col. b, l. 12",,<lb n=&quot;12&quot;/>
74,10,2,qui,qui,ki,qu.i,k/i\,_,fro,2,Qux,Qux,qui,DMF,qui,PRNrel,PRNrel,smn,"Serments, 13r, col. b, l. 12",,
75,10,3,meon,meon,mɛun,m.e.o.n,m/ɛ\un,_,fro,2,Det,Det,mon,DMF,mon,DETpos,DETpos,1smr,"Serments, 13r, col. b, l. 12",,
76,10,4,uol,vol,vOl,v.o.l,v/O\l,_,fro,2,N,N,veuil,DMF,veuil,NOMcom,NOMcom,smr,"Serments, 13r, col. b, l. 12",,
77,10,5,cist,cist,ÇeST,c.i.s.t,Ç/e\ST,_,fro,2,Dem,Dem,cist,DMF,cist,DETdem,DETdem,smr,"Serments, 13r, col. b, l. 12",,
78,10,6,meon,meon,mɛun,m.e.o.n,m/ɛ\un,_,fro,2,Adj,Adj,mien,DMF,mien,ADJpos,ADJpos,1smr,"Serments, 13r, col. b, l. 12",,
79,10,7,fradre,fradre,frAðrə,f.r.a.d.r.e,'fr/A\.ðr/ə\,|,fro,2,N,N,frère,DMF,frère,NOMcom,NOMcom,smr,"Serments, 13r, col. b, l. 12",,
80,11,1,karle,karle,kArLə,k.a.r.l.e,'k/A\r.L/ə\,_,fro,2,N,N,Charles,---,,NOMpro,NOMpro,smr,"Serments, 13r, col. b, l. 13",,<lb n=&quot;13&quot;/>
81,11,2,in,in,EN,i.n,/E\N,_,fro,2,Pre,Pre,en,DMF,en,PRE,PRE,,"Serments, 13r, col. b, l. 13",,
82,11,3,damno,damno,dAmnə,d.a.m.n.o,'d/A\m.n/ə\,_,fro,2,N,N,dam,DMF,dam,NOMcom,NOMcom,smr,"Serments, 13r, col. b, l. 13",,
83,11,4,sit,sit,seT,s.i.t,s/e\T,.,fro,2,Vfin,Vfin,être,DMF,être,VERcjg,VERcjg,subpst3,"Serments, 13r, col. b, l. 13",</s></q></p>,
84,11,5,Quod,quod,,,,_,lat,2,Etr,Etr,---,---,,ETR,ETR,,"Serments, 13r, col. b, l. 13",,<p xml:lang=&quot;lat&quot;><s>
85,11,6,cu[m],cum,,,,_,lat,2,Etr,Etr,---,---,,ETR,ETR,,"Serments, 13r, col. b, l. 13",,
86,11,7,lodhuuic[us],lodhuuicus,,,,|,lat,2,Etr,Etr,---,---,,ETR,ETR,,"Serments, 13r, col. b, l. 13",,
87,12,1,expless[et],explesset,,,,.,lat,2,Etr,Etr,---,---,,ETR,ETR,,"Serments, 13r, col. b, l. 14",,<lb n=&quot;14&quot;/>
88,12,2,karolus,karolus,,,,_,lat,2,Etr,Etr,---,---,,ETR,ETR,,"Serments, 13r, col. b, l. 14",,
89,12,3,teudis_ca,teudisca,,,,_,lat,2,Etr,Etr,---,---,,ETR,ETR,,"Serments, 13r, col. b, l. 14",,
90,12,4,lingua,lingua,,,,_,lat,2,Etr,Etr,---,---,,ETR,ETR,,"Serments, 13r, col. b, l. 14",,
91,12,5,sic,sic,,,,+,lat,2,Etr,Etr,---,---,,ETR,ETR,,"Serments, 13r, col. b, l. 14",,
92,12,6,hęc,hec,,,,|,lat,2,Etr,Etr,---,---,,ETR,ETR,,"Serments, 13r, col. b, l. 14",,
93,13,1,eade[m],eadem,,,,_,lat,2,Etr,Etr,---,---,,ETR,ETR,,"Serments, 13r, col. b, l. 15",,<lb n=&quot;15&quot;/>
94,13,2,uerba,verba,,,,_,lat,2,Etr,Etr,---,---,,ETR,ETR,,"Serments, 13r, col. b, l. 15",,
95,13,3,testatus,testatus,,,,_,lat,2,Etr,Etr,---,---,,ETR,ETR,,"Serments, 13r, col. b, l. 15",,
96,13,4,est,est,,,,.|,lat,2,Etr,Etr,---,---,,ETR,ETR,,"Serments, 13r, col. b, l. 15",</s></p>,
97,14,1,In,in,,,,+,goh,3,Etr,Etr,---,---,,ETR,ETR,,"Serments, 13r, col. b, l. 16",,<lb n=&quot;16&quot;/><p><q><s xml:lang=&quot;goh&quot;>
98,14,2,godes,godes,,,,_,goh,3,Etr,Etr,---,---,,ETR,ETR,,"Serments, 13r, col. b, l. 16",,
99,14,3,minna,minna,,,,_,goh,3,Etr,Etr,---,---,,ETR,ETR,,"Serments, 13r, col. b, l. 16",,
100,14,4,ind,ind,,,,+,goh,3,Etr,Etr,---,---,,ETR,ETR,,"Serments, 13r, col. b, l. 16",,
101,14,5,in,in,,,,+,goh,3,Etr,Etr,---,---,,ETR,ETR,,"Serments, 13r, col. b, l. 16",,
102,14,6,thes,thes,,,,_,goh,3,Etr,Etr,---,---,,ETR,ETR,,"Serments, 13r, col. b, l. 16",,
103,14,7,chr[ist]anes,christanes,,,,_,goh,3,Etr,Etr,---,---,,ETR,ETR,,"Serments, 13r, col. b, l. 16",,
104,14,8,folches,folches,,,,|,goh,3,Etr,Etr,---,---,,ETR,ETR,,"Serments, 13r, col. b, l. 16",,
105,15,1,ind,ind,,,,_,goh,3,Etr,Etr,---,---,,ETR,ETR,,"Serments, 13r, col. b, l. 17",,<lb n=&quot;17&quot;/>
106,15,2,unser,unser,,,,_,goh,3,Etr,Etr,---,---,,ETR,ETR,,"Serments, 13r, col. b, l. 17",,
107,15,3,bedhero,bedhero,,,,+,goh,3,Etr,Etr,---,---,,ETR,ETR,,"Serments, 13r, col. b, l. 17",,
108,15,4,gealtnissi,gealtnissi,,,,:,goh,3,Etr,Etr,---,---,,ETR,ETR,,"Serments, 13r, col. b, l. 17",,
109,15,5,fon,fon,,,,+,goh,3,Etr,Etr,---,---,,ETR,ETR,,"Serments, 13r, col. b, l. 17",,
110,15,6,these|mo,thesemo,,,,+,goh,3,Etr,Etr,---,---,,ETR,ETR,,"Serments, 13r, col. b, l. 17",,
111,16,1,da_ge,dage,,,,_,goh,3,Etr,Etr,---,---,,ETR,ETR,,"Serments, 13r, col. b, l. 18",,<lb n=&quot;18&quot;/>
112,16,2,frammordes,frammordes,,,,+,goh,3,Etr,Etr,---,---,,ETR,ETR,,"Serments, 13r, col. b, l. 18",,
113,16,3,so,so,,,,_,goh,3,Etr,Etr,---,---,,ETR,ETR,,"Serments, 13r, col. b, l. 18",,
114,16,4,fram,fram,,,,+,goh,3,Etr,Etr,---,---,,ETR,ETR,,"Serments, 13r, col. b, l. 18",,
115,16,5,so,so,,,,_,goh,3,Etr,Etr,---,---,,ETR,ETR,,"Serments, 13r, col. b, l. 18",,
116,16,6,mir,mir,,,,+,goh,3,Etr,Etr,---,---,,ETR,ETR,,"Serments, 13r, col. b, l. 18",,
117,16,7,got,got,,,,|,goh,3,Etr,Etr,---,---,,ETR,ETR,,"Serments, 13r, col. b, l. 18",,
118,17,1,geuuizci,geuuizci,,,,_,goh,3,Etr,Etr,---,---,,ETR,ETR,,"Serments, 13r, col. b, l. 19",,<lb n=&quot;19&quot;/>
119,17,2,indi,indi,,,,+,goh,3,Etr,Etr,---,---,,ETR,ETR,,"Serments, 13r, col. b, l. 19",,
120,17,3,madh[=mahd],mahd,,,,_,goh,3,Etr,Etr,---,---,,ETR,ETR,,"Serments, 13r, col. b, l. 19",,
121,17,4,furgibit,furgibit,,,,_,goh,3,Etr,Etr,---,---,,ETR,ETR,,"Serments, 13r, col. b, l. 19",,
122,17,5,so,so,,,,+,goh,3,Etr,Etr,---,---,,ETR,ETR,,"Serments, 13r, col. b, l. 19",,
123,17,6,haldih,haldih,,,,+,goh,3,Etr,Etr,---,---,,ETR,ETR,,"Serments, 13r, col. b, l. 19",,
124,17,7,te|san,tesan,,,,_,goh,3,Etr,Etr,---,---,,ETR,ETR,,"Serments, 13r, col. b, l. 19",,
125,18,1,minan,minan,,,,_,goh,3,Etr,Etr,---,---,,ETR,ETR,,"Serments, 13r, col. b, l. 20",,<lb n=&quot;20&quot;/>
126,18,2,bruodher,bruodher,,,,_,goh,3,Etr,Etr,---,---,,ETR,ETR,,"Serments, 13r, col. b, l. 20",,
127,18,3,soso,soso,,,,_,goh,3,Etr,Etr,---,---,,ETR,ETR,,"Serments, 13r, col. b, l. 20",,
128,18,4,man,man,,,,+,goh,3,Etr,Etr,---,---,,ETR,ETR,,"Serments, 13r, col. b, l. 20",,
129,18,5,mit,mit,,,,_,goh,3,Etr,Etr,---,---,,ETR,ETR,,"Serments, 13r, col. b, l. 20",,
130,18,6,rehtu,rehtu,,,,|,goh,3,Etr,Etr,---,---,,ETR,ETR,,"Serments, 13r, col. b, l. 20",,
131,19,1,sinan,sinan,,,,_,goh,3,Etr,Etr,---,---,,ETR,ETR,,"Serments, 13r, col. b, l. 21",,<lb n=&quot;21&quot;/>
132,19,2,bruher,bruher,,,,_,goh,3,Etr,Etr,---,---,,ETR,ETR,,"Serments, 13r, col. b, l. 21",,
133,19,3,scal,scal,,,,_,goh,3,Etr,Etr,---,---,,ETR,ETR,,"Serments, 13r, col. b, l. 21",,
134,19,4,in,in,,,,+,goh,3,Etr,Etr,---,---,,ETR,ETR,,"Serments, 13r, col. b, l. 21",,
135,19,5,thi_u,thiu,,,,+,goh,3,Etr,Etr,---,---,,ETR,ETR,,"Serments, 13r, col. b, l. 21",,
136,19,6,tha_z,thaz,,,,+,goh,3,Etr,Etr,---,---,,ETR,ETR,,"Serments, 13r, col. b, l. 21",,
137,19,7,er,er,,,,+,goh,3,Etr,Etr,---,---,,ETR,ETR,,"Serments, 13r, col. b, l. 21",,
138,19,8,mig,mig,,,,+,goh,3,Etr,Etr,---,---,,ETR,ETR,,"Serments, 13r, col. b, l. 21",,
139,19,9,so,so,,,,+,goh,3,Etr,Etr,---,---,,ETR,ETR,,"Serments, 13r, col. b, l. 21",,
140,19,10,so|ma[=sama],sama,,,,+,goh,3,Etr,Etr,---,---,,ETR,ETR,,"Serments, 13r, col. b, l. 21",,
141,20,1,duo,duo,,,,.,goh,3,Etr,Etr,---,---,,ETR,ETR,,"Serments, 13r, col. b, l. 22",</s>,<lb n=&quot;22&quot;/>
142,20,2,indi,indi,,,,+,goh,3,Etr,Etr,---,---,,ETR,ETR,,"Serments, 13r, col. b, l. 22",,<s xml:lang=&quot;goh&quot;>
143,20,3,mit,mit,,,,_,goh,3,Etr,Etr,---,---,,ETR,ETR,,"Serments, 13r, col. b, l. 22",,
144,20,4,luheren,luheren,,,,_,goh,3,Etr,Etr,---,---,,ETR,ETR,,"Serments, 13r, col. b, l. 22",,
145,20,5,in,in,,,,+,goh,3,Etr,Etr,---,---,,ETR,ETR,,"Serments, 13r, col. b, l. 22",,
146,20,6,nohhein_iu,nohheiniu,,,,+,goh,3,Etr,Etr,---,---,,ETR,ETR,,"Serments, 13r, col. b, l. 22",,
147,20,7,t|hing,thing,,,,_,goh,3,Etr,Etr,---,---,,ETR,ETR,,"Serments, 13r, col. b, l. 22",,
148,21,1,ne,ne,,,,+,goh,3,Etr,Etr,---,---,,ETR,ETR,,"Serments, 13r, col. b, l. 23",,<lb n=&quot;23&quot;/>
149,21,2,ge_gango,gegango,,,,.,goh,3,Etr,Etr,---,---,,ETR,ETR,,"Serments, 13r, col. b, l. 23",,
150,21,3,the,the,,,,+,goh,3,Etr,Etr,---,---,,ETR,ETR,,"Serments, 13r, col. b, l. 23",,
151,21,4,minan,minan,,,,_,goh,3,Etr,Etr,---,---,,ETR,ETR,,"Serments, 13r, col. b, l. 23",,
152,21,5,uuillon,uuillon,,,,_,goh,3,Etr,Etr,---,---,,ETR,ETR,,"Serments, 13r, col. b, l. 23",,
153,21,6,imo,imo,,,,|,goh,3,Etr,Etr,---,---,,ETR,ETR,,"Serments, 13r, col. b, l. 23",,
154,22,1,ce,ce,,,,+,goh,3,Etr,Etr,---,---,,ETR,ETR,,"Serments, 13r, col. b, l. 24",,<lb n=&quot;24&quot;/>
155,22,2,s_cadhen,scadhen,,,,_,goh,3,Etr,Etr,---,---,,ETR,ETR,,"Serments, 13r, col. b, l. 24",,
156,22,3,uuerdhen,uuerdhen,,,,.|,goh,3,Etr,Etr,---,---,,ETR,ETR,,"Serments, 13r, col. b, l. 24",</s></q></p>,
157,23,1,Sacram[en]tu[m],sacramentum,,,,_,lat,4,Etr,Etr,---,---,,ETR,ETR,,"Serments, 13r, col. b, l. 25",,<lb n=&quot;25&quot;/><p xml:lang=&quot;lat&quot;><s>
158,23,2,aut[em],autem,,,,_,lat,4,Etr,Etr,---,---,,ETR,ETR,,"Serments, 13r, col. b, l. 25",,
159,23,3,qu[od],quod,,,,_,lat,4,Etr,Etr,---,---,,ETR,ETR,,"Serments, 13r, col. b, l. 25",,
160,23,4,utroru[m]q[ue],utrorumque,,,,_,lat,4,Etr,Etr,---,---,,ETR,ETR,,"Serments, 13r, col. b, l. 25",,
161,23,5,populus,populus,,,,|,lat,4,Etr,Etr,---,---,,ETR,ETR,,"Serments, 13r, col. b, l. 25",,
162,24,1,quiq[ue],quique,,,,_,lat,4,Etr,Etr,---,---,,ETR,ETR,,"Serments, 13r, col. b, l. 26",,<lb n=&quot;26&quot;/>
163,24,2,propria,propria,,,,_,lat,4,Etr,Etr,---,---,,ETR,ETR,,"Serments, 13r, col. b, l. 26",,
164,24,3,lingua,lingua,,,,_,lat,4,Etr,Etr,---,---,,ETR,ETR,,"Serments, 13r, col. b, l. 26",,
165,24,4,testatus,testatus,,,,_,lat,4,Etr,Etr,---,---,,ETR,ETR,,"Serments, 13r, col. b, l. 26",,
166,24,5,est,est,,,,.|,lat,4,Etr,Etr,---,---,,ETR,ETR,,"Serments, 13r, col. b, l. 26",,
167,25,1,Romana,romana,,,,_,lat,4,Etr,Etr,---,---,,ETR,ETR,,"Serments, 13r, col. b, l. 27",,<lb n=&quot;27&quot;/>
168,25,2,lingua,lingua,,,,_,lat,4,Etr,Etr,---,---,,ETR,ETR,,"Serments, 13r, col. b, l. 27",,
169,25,3,sic,sic,,,,_,lat,4,Etr,Etr,---,---,,ETR,ETR,,"Serments, 13r, col. b, l. 27",,
170,25,4,se,se,,,,_,lat,4,Etr,Etr,---,---,,ETR,ETR,,"Serments, 13r, col. b, l. 27",,
171,25,5,hab[et],habet,,,,.,lat,4,Etr,Etr,---,---,,ETR,ETR,,"Serments, 13r, col. b, l. 27",</s></p>,
172,25,6,Si,si,Si,s.i,S/i\,+,fro,4,Sub,Sub,si3,DMF,si3,CONsub,CONsub,,"Serments, 13r, col. b, l. 27",,<p><q><s xml:lang=&quot;fro&quot;>
173,25,7,lodhu|uigs,lodhuuigs,LoðouiKS,l.o.dh.u.u.i.g.s,L/o\.ð/o\.'u/i\KS,_,fro,4,N,N,Louis,---,,NOMpro,NOMpro,smn,"Serments, 13r, col. b, l. 27",,
174,26,1,sagrament,sagrament,SAɣrAmENT,s.a.g.r.a.m.e.n.t,S/A\.ɣr/A\.'m/E\NT,.,fro,4,N,N,serment,DMF,serment,NOMcom,NOMcom,smr,"Serments, 13r, col. b, l. 28",,<lb n=&quot;28&quot;/>
175,26,2,quę,que,kE,qu.e,k/E\,_,fro,4,Qux,Qux,que,DMF,que,PRNrel,PRNrel,smr,"Serments, 13r, col. b, l. 28",,
176,26,3,son,son,SON,s.o.n,S/O\N,_,fro,4,Det,Det,son4,DMF,son4,DETpos,DETpos,3smr,"Serments, 13r, col. b, l. 28",,
177,26,4,fradre,fradre,frAðrə,f.r.a.d.r.e,'fr/A\.ðr/ə\,_,fro,4,N,N,frère,DMF,frère,NOMcom,NOMcom,smr,"Serments, 13r, col. b, l. 28",,
178,26,5,karlo,karlo,kArLə,k.a.r.l.o,'k/A\r.L/ə\,|,fro,4,N,N,Charles,---,,NOMpro,NOMpro,smr,"Serments, 13r, col. b, l. 28",,
179,27,1,iurat,jurat,ʤyrAð,j.u.r.a.t,ʤ/y\.'r/A\ð,_,fro,4,Vfin,Vfin,jurer,DMF,jurer,VERcjg,VERcjg,indpsp3|indpst3,"Serments, 13r, col. b, l. 29",,<lb n=&quot;29&quot;/>
180,27,2,conseruat,conservat,kONSɛrvəð,c.o.n.s.e.r.v.a.t,k/O\N.'S/ɛ\r.v/ə\ð,.,fro,4,Vfin,Vfin,conserver,DMF,conserver,VERcjg,VERcjg,indpst3,"Serments, 13r, col. b, l. 29",,
181,27,3,Et,et,eð,e.t,/e\ð,_,fro,4,Crd,Crd,et,DMF,et,CONcoo,CONcoo,,"Serments, 13r, col. b, l. 29",,
182,27,4,carlus,carlus,kArLəS,c.a.r.l.u.s,'k/A\r.L/ə\S,_,fro,4,N,N,Charles,---,,NOMpro,NOMpro,smn,"Serments, 13r, col. b, l. 29",,
183,27,5,meos,meos,mɛuS,m.e.o.s,m/ɛ\uS,_,fro,4,Det,Det,mon,DMF,mon,DETpos,DETpos,1smn,"Serments, 13r, col. b, l. 29",,
184,27,6,sendra,sendra,SENdrə,s.e.n.d.r.a,'S/E\N.dr/ə\,|,fro,4,N,N,seigneur,DMF,seigneur,NOMcom,NOMcom,smn,"Serments, 13r, col. b, l. 29",,
185,28,1,de,de,dE,d.e,d/E\,+,fro,4,Pre,Pre,de,DMF,de,PRE,PRE,,"Serments, 13r, col. b, l. 30",,<lb n=&quot;30&quot;/>
186,28,2,suo,suo,Soə,s.u.o,'S/o\./ə\,_,fro,4,Det,Det,son4,DMF,son4,DETpos,DETpos,3sfr,"Serments, 13r, col. b, l. 30",,
187,28,3,part,part,pArT,p.a.r.t,p/A\rT,+,fro,4,N,N,part,DMF,part,NOMcom,NOMcom,sfr,"Serments, 13r, col. b, l. 30",,
188,28,4,n[on],non,nON,n.o.n,n/O\N,_,fro,4,Neg,Neg,ne,DMF,ne,ADVneg,ADVneg,,"Serments, 13r, col. b, l. 30",,
189,28,5,lo,lo,Lo,l.o,L/o\,+,fro,4,Prn,Prn$$,le,DMF,le,PRCper,PRCper,3sma,"Serments, 13r, col. b, l. 30",,
190,28,6,s,s,S,s,/\S,+,fro,4,Prn,Prn$$,se,DMF,se,PRCper,PRCper,3smr,"Serments, 13r, col. b, l. 30",,
191,28,7,tanit,tanit,tAnəð,t.a.n.i.t,'t/A\.n/ə\ð,.,fro,4,Vfin,Vfin,tenir,DMF,tenir,VERcjg,VERcjg,indpst3,"Serments, 13r, col. b, l. 30",,
192,28,8,si,si,Si,s.i,S/i\,_,fro,4,Sub,Sub,si3,DMF,si3,CONsub,CONsub,,"Serments, 13r, col. b, l. 30",,
193,28,9,io,io,eu,i.o,/e\u,+,fro,4,Prn,Prn,je,DMF,je,PRNper,PRNper,1smn,"Serments, 13r, col. b, l. 30",,
194,28,10,returnar,returnar,rEtornAr,r.e.t.u.r.n.a.r,r/E\.t/o\r.'n/A\r,_,fro,4,Vinf,Vinf,retourner,DMF,retourner,VERinf,VERinf,,"Serments, 13r, col. b, l. 30",,
195,28,11,non,non,nON,n.o.n,n/O\N,|,fro,4,Neg,Neg,ne,DMF,ne,ADVneg,ADVneg,,"Serments, 13r, col. b, l. 30",,
196,29,1,l,l,L,l,L/\,+,fro,4,Prn,Prn$$,le,DMF,le,PRCper,PRCper,3sma,"Serments, 13r, col. b, l. 31",,<lb n=&quot;31&quot;/>
197,29,2,int,int,ENT,i.n.t,/E\NT,_,fro,4,Prn,Prn$$,en2,DMF,en2,PRCadv,PRCadv,,"Serments, 13r, col. b, l. 31",,
198,29,3,pois,pois,pOiS,p.o.i.s,p/O\iS,.,fro,4,Vfin,Vfin,pouvoir2,DMF,pouvoir2,VERcjg,VERcjg,indpst1,"Serments, 13r, col. b, l. 31",,
199,29,4,ne,ne,nE,n.e,n/E\,+,fro,4,Crd,Crd,ne2,DMF,ne2,CONcoo,CONcoo,,"Serments, 13r, col. b, l. 31",,
200,29,5,io,io,eu,i.o,/e\u,_,fro,4,Prn,Prn,je,DMF,je,PRNper,PRNper,1smn,"Serments, 13r, col. b, l. 31",,
201,29,6,ne,ne,nE,n.e,n/E\,+,fro,4,Crd,Crd,ne2,DMF,ne2,CONcoo,CONcoo,,"Serments, 13r, col. b, l. 31",,
202,29,7,neuls,neuls,nEyLS,n.e.u.l.s,n/E\.'/y\LS,_,fro,4,QIs,QIs,nul,DMF,nul,PRNind,PRNind,smn,"Serments, 13r, col. b, l. 31",,
203,29,8,cui,cui,kyi,c.u.i,k/y\i,_,fro,4,Qux,Qux,qui,DMF,qui,PRNrel,PRNrel,smr,"Serments, 13r, col. b, l. 31",,
204,29,9,eo,eo,eu,e.o,/e\u,_,fro,4,Prn,Prn,je,DMF,je,PRNper,PRNper,1smn,"Serments, 13r, col. b, l. 31",,
205,29,10,returnar,returnar,rEtornAr,r.e.t.u.r.n.a.r,r/E\.t/o\r.'n/A\r,|,fro,4,Vinf,Vinf,retourner,DMF,retourner,VERinf,VERinf,,"Serments, 13r, col. b, l. 31",,
206,30,1,int,int,ENT,i.n.t,/E\NT,_,fro,4,Prn,Prn$$,en2,DMF,en2,PRCadv,PRCadv,,"Serments, 13r, col. b, l. 32",,<lb n=&quot;32&quot;/>
207,30,2,pois,pois,pOiS,p.o.i.s,p/O\iS,.,fro,4,Vfin,Vfin,pouvoir2,DMF,pouvoir2,VERcjg,VERcjg,indpst1,"Serments, 13r, col. b, l. 32",,
208,30,3,in,in,EN,i.n,/E\N,_,fro,4,Pre,Pre,en,DMF,en,PRE,PRE,,"Serments, 13r, col. b, l. 32",,
209,30,4,nulla,nulla,nylə,n.u.ll.a,'n/y\.l/ə\,_,fro,4,QIs,QIs,nul,DMF,nul,DETind,DETind,sfr,"Serments, 13r, col. b, l. 32",,
210,30,5,a_iudha,aiudha,Aiyðə,a.i.u.dh.a,/A\i.'/y\.ð/ə\,_,fro,4,N,N,aide,DMF,aide,NOMcom,NOMcom,sfr,"Serments, 13r, col. b, l. 32",,
211,30,6,contra,contra,kONtrə,c.o.n.t.r.a,'k/O\N.tr/ə\,_,fro,4,Pre,Pre,contre,DMF,contre,PRE,PRE,,"Serments, 13r, col. b, l. 32",,
212,30,7,lodhu|uuig,lodhuwig,LoðouiK,l.o.dh.u.w.i.g,L/o\.ð/o\.'u/i\K,_,fro,4,N,N,Louis,---,,NOMpro,NOMpro,smr,"Serments, 13r, col. b, l. 32",,
213,31,1,nun,nun,nON,n.u.n,n/O\N,+,fro,4,Neg,Neg,ne,DMF,ne,ADVneg,ADVneg,,"Serments, 13r, col. b, l. 33",,<lb n=&quot;33&quot;/>
214,31,2,li,li,Li,l.i,L/i\,_,fro,4,Prn,Prn$$,li,DMF,li,PRCper,PRCper,3smi,"Serments, 13r, col. b, l. 33",,
215,31,3,iu,iu,iu,i.u,/i\u,+,fro,4,Prn,Prn$$,y2,DMF,y2,PRCadv,PRCadv,,"Serments, 13r, col. b, l. 33",,
216,31,4,er,er,Er,e.r,/E\r,.,fro,4,Vfin,Vfin,être,DMF,être,VERcjg,VERcjg,indfut1,"Serments, 13r, col. b, l. 33",</s></q></p>,
217,31,5,Teudisca,teudisca,,,,_,lat,4,Etr,Etr,---,---,,ETR,ETR,,"Serments, 13r, col. b, l. 33",,<p xml:lang=&quot;lat&quot;><s>
218,31,6,aut[em],autem,,,,_,lat,4,Etr,Etr,---,---,,ETR,ETR,,"Serments, 13r, col. b, l. 33",,
219,31,7,lingua,lingua,,,,.|,lat,4,Etr,Etr,---,---,,ETR,ETR,,"Serments, 13r, col. b, l. 33",</s></p>,
220,32,1,Oba,oba,,,,_,goh,5,Etr,Etr,---,---,,ETR,ETR,,"Serments, 13v, col. a, l. 1",,<pb facs=&quot;https://gallica.bnf.fr/ark:/12148/btv1b84238417/f30.item&quot; n=&quot;13v&quot;/><cb n=&quot;a&quot;/><lb n=&quot;1&quot;/><p><q><s xml:lang=&quot;goh&quot;>
221,32,2,karl,karl,,,,_,goh,5,Etr,Etr,---,---,,ETR,ETR,,"Serments, 13v, col. a, l. 1",,
222,32,3,then,then,,,,+,goh,5,Etr,Etr,---,---,,ETR,ETR,,"Serments, 13v, col. a, l. 1",,
223,32,4,eid,eid,,,,.,goh,5,Etr,Etr,---,---,,ETR,ETR,,"Serments, 13v, col. a, l. 1",,
224,32,5,then,then,,,,_,goh,5,Etr,Etr,---,---,,ETR,ETR,,"Serments, 13v, col. a, l. 1",,
225,32,6,er,er,,,,_,goh,5,Etr,Etr,---,---,,ETR,ETR,,"Serments, 13v, col. a, l. 1",,
226,32,7,sine_n.o[=sinemo],sinemo,,,,+,goh,5,Etr,Etr,---,---,,ETR,ETR,,"Serments, 13v, col. a, l. 1",,
227,32,8,bruodher,bruodher,,,,|,goh,5,Etr,Etr,---,---,,ETR,ETR,,"Serments, 13v, col. a, l. 1",,
228,33,1,ludhuuuige,ludhuuuige,,,,_,goh,5,Etr,Etr,---,---,,ETR,ETR,,"Serments, 13v, col. a, l. 2",,<lb n=&quot;2&quot;/>
229,33,2,gesuor,gesuor,,,,.,goh,5,Etr,Etr,---,---,,ETR,ETR,,"Serments, 13v, col. a, l. 2",,
230,33,3,geleistit,geleistit,,,,.,goh,5,Etr,Etr,---,---,,ETR,ETR,,"Serments, 13v, col. a, l. 2",,
231,33,4,indi,indi,,,,+,goh,5,Etr,Etr,---,---,,ETR,ETR,,"Serments, 13v, col. a, l. 2",,
232,33,5,lud|huuuig,ludhuuuig,,,,_,goh,5,Etr,Etr,---,---,,ETR,ETR,,"Serments, 13v, col. a, l. 2",,
233,34,1,min,min,,,,_,goh,5,Etr,Etr,---,---,,ETR,ETR,,"Serments, 13v, col. a, l. 3",,<lb n=&quot;3&quot;/>
234,34,2,herro,herro,,,,_,goh,5,Etr,Etr,---,---,,ETR,ETR,,"Serments, 13v, col. a, l. 3",,
235,34,3,then,then,,,,+,goh,5,Etr,Etr,---,---,,ETR,ETR,,"Serments, 13v, col. a, l. 3",,
236,34,4,er,er,,,,+,goh,5,Etr,Etr,---,---,,ETR,ETR,,"Serments, 13v, col. a, l. 3",,
237,34,5,imo,imo,,,,_,goh,5,Etr,Etr,---,---,,ETR,ETR,,"Serments, 13v, col. a, l. 3",,
238,34,6,gesuor,gesuor,,,,_,goh,5,Etr,Etr,---,---,,ETR,ETR,,"Serments, 13v, col. a, l. 3",,
239,34,7,forbrih|chit,forbrihchit,,,,.,goh,5,Etr,Etr,---,---,,ETR,ETR,,"Serments, 13v, col. a, l. 3",,
240,35,1,ob,ob,,,,+,goh,5,Etr,Etr,---,---,,ETR,ETR,,"Serments, 13v, col. a, l. 4",,<lb n=&quot;4&quot;/>
241,35,2,i_h,ih,,,,+,goh,5,Etr,Etr,---,---,,ETR,ETR,,"Serments, 13v, col. a, l. 4",,
242,35,3,ina_n,inan,,,,+,goh,5,Etr,Etr,---,---,,ETR,ETR,,"Serments, 13v, col. a, l. 4",,
243,35,4,es,es,,,,_,goh,5,Etr,Etr,---,---,,ETR,ETR,,"Serments, 13v, col. a, l. 4",,
244,35,5,iruuen_den,iruuenden,,,,+,goh,5,Etr,Etr,---,---,,ETR,ETR,,"Serments, 13v, col. a, l. 4",,
245,35,6,ne,ne,,,,_,goh,5,Etr,Etr,---,---,,ETR,ETR,,"Serments, 13v, col. a, l. 4",,
246,35,7,mag,mag,,,,.,goh,5,Etr,Etr,---,---,,ETR,ETR,,"Serments, 13v, col. a, l. 4",,
247,35,8,noh,noh,,,,|,goh,5,Etr,Etr,---,---,,ETR,ETR,,"Serments, 13v, col. a, l. 4",,
248,36,1,ih,ih,,,,_,goh,5,Etr,Etr,---,---,,ETR,ETR,,"Serments, 13v, col. a, l. 5",,<lb n=&quot;5&quot;/>
249,36,2,noh,noh,,,,_,goh,5,Etr,Etr,---,---,,ETR,ETR,,"Serments, 13v, col. a, l. 5",,
250,36,3,thero,thero,,,,+,goh,5,Etr,Etr,---,---,,ETR,ETR,,"Serments, 13v, col. a, l. 5",,
251,36,4,noh_hein,nohhein,,,,_,goh,5,Etr,Etr,---,---,,ETR,ETR,,"Serments, 13v, col. a, l. 5",,
252,36,5,then,then,,,,+,goh,5,Etr,Etr,---,---,,ETR,ETR,,"Serments, 13v, col. a, l. 5",,
253,36,6,ih,ih,,,,+,goh,5,Etr,Etr,---,---,,ETR,ETR,,"Serments, 13v, col. a, l. 5",,
254,36,7,es,es,,,,_,goh,5,Etr,Etr,---,---,,ETR,ETR,,"Serments, 13v, col. a, l. 5",,
255,36,8,iruuenden,iruuenden,,,,+,goh,5,Etr,Etr,---,---,,ETR,ETR,,"Serments, 13v, col. a, l. 5",,
256,36,9,mag,mag,,,,|,goh,5,Etr,Etr,---,---,,ETR,ETR,,"Serments, 13v, col. a, l. 5",,
257,37,1,uuidar,uuidar,,,,_,goh,5,Etr,Etr,---,---,,ETR,ETR,,"Serments, 13v, col. a, l. 6",,<lb n=&quot;6&quot;/>
258,37,2,karle,karle,,,,_,goh,5,Etr,Etr,---,---,,ETR,ETR,,"Serments, 13v, col. a, l. 6",,
259,37,3,imo,imo,,,,+,goh,5,Etr,Etr,---,---,,ETR,ETR,,"Serments, 13v, col. a, l. 6",,
260,37,4,ce,ce,,,,_,goh,5,Etr,Etr,---,---,,ETR,ETR,,"Serments, 13v, col. a, l. 6",,
261,37,5,follus_ti,follusti,,,,+,goh,5,Etr,Etr,---,---,,ETR,ETR,,"Serments, 13v, col. a, l. 6",,
262,37,6,ne,ne,,,,_,goh,5,Etr,Etr,---,---,,ETR,ETR,,"Serments, 13v, col. a, l. 6",,
263,37,7,uuirdhit,uuirdhit,,,,.|,goh,5,Etr,Etr,---,---,,ETR,ETR,,"Serments, 13v, col. a, l. 6",</s></q></p></body></text>,
