wd_id,line_id,line_wd,dipl,word,wd_div,phon,phon_map,syllabified,ety_map,lang,textlineid,pos,pos_ogr,morph,lemma,lemma_src,lemma_dmf,ref,phil_note,tei_right,tei_left
1,1,1,SPONS[US],sponsus,.,,,,,lat,---,NOUN,---,---,sponsus,wiktionary,---,"Spons, f. 53r, rubric",,</docTitle></front>,<text><front><pb n=&quot;53r&quot; facs=&quot;https://gallica.bnf.fr/ark:/12148/btv1b6000946s/f113.item&quot;/><lb/><docTitle>
2,2,1,Ad–est,adest,–,VQVQQ,a.d.e.s.t,'/V\.Q/V\QQ,,lat,1,VERB,---,---,assum,wiktionary,---,"Spons, l. 1",,,<body xml:lang=&quot;pro&quot;><prologue><sp><lg xml:lang=&quot;lat&quot; type=&quot;couplet&quot; met=&quot;4+4+7pp&quot; rhyme=&quot;aa&quot;><l n=&quot;1&quot;>
3,2,2,spo[n]sus,sponsus,–|,QQVNQVQ,s.p.o.n.s.u.s,'QQ/V\N.Q/V\Q,,lat,1,NOUN,---,---,sponsus,wiktionary,---,"Spons, l. 1",,,
4,2,3,qui,qui,_,QRV,q.u.i,QR/V\,,lat,1,PRON,---,---,qui,wiktionary,---,"Spons, l. 1",,,<pb n=&quot;53v&quot; facs=&quot;https://gallica.bnf.fr/ark:/12148/btv1b6000946s/f114.item&quot;/><lb/>
5,2,4,est,est,–,VQQ,e.s.t,/V\QQ,,lat,1,VERB,---,---,sum,wiktionary,---,"Spons, l. 1",,,
6,2,5,christus,christus,–,QRVQQVQ,ch.r.i.s.t.u.s,'QR/V\Q.Q/V\Q,,lat,1,PROPN,---,---,Christus,wiktionary,---,"Spons, l. 1",,,
7,2,6,uigilate,vigilate,–,QVQVLVQV,v.i.g.i.l.a.t.e,Q/V\.Q/V\.'L/V\.Q/V\,,lat,1,VERB,---,---,vigilo,wiktionary,---,"Spons, l. 1",,,
8,2,7,uirgines,virgines,–,QVRQVNVQ,v.i.r.g.i.n.e.s,'Q/V\R.Q/V\.'N/V\Q,,lat,1,NOUN,---,---,virgo,wiktionary,---,"Spons, l. 1",,</l>,
9,3,1,p[ro],pro,+,QRV,p.r.o,QR/V\,,lat,2,ADP,---,---,pro,wiktionary,---,"Spons, l. 2",,,<l n=&quot;2&quot;>
10,3,2,aduentu,adventu,–,VQQVNQV,a.d.v.e.n.t.u,/V\Q.'Q/V\N.Q/V\,,lat,2,NOUN,---,---,adventus,wiktionary,---,"Spons, l. 2",,,
11,3,3,cui[us],cuius,–,QVRVQ,c.u.i.u.s,'Q/V\.R/V\Q,,lat,2,PRON,---,---,qui,wiktionary,---,"Spons, l. 2",,,
12,3,4,gaudent,gaudent,–,QVQVNQ,g.au.d.e.n.t,'Q/V\.Q/V\NQ,,lat,2,VERB,---,---,gaudeo,wiktionary,---,"Spons, l. 2",,,
13,3,5,[et],et,+,VQ,e.t,/V\Q,,lat,2,CCONJ,---,---,et,wiktionary,---,"Spons, l. 2",,,
14,3,6,gaude–|bunt,gaudebunt,–,QVQVQVNQ,g.au.d.e.b.u.n.t,Q/V\.'Q/V\.Q/V\NQ,,lat,2,VERB,---,---,gaudeo,wiktionary,---,"Spons, l. 2",,,
15,3,7,homines,homines,–,QVNVNVQ,h.o.m.i.n.e.s,'Q/V\.N/V\.'N/V\Q,,lat,2,NOUN,---,---,homo,wiktionary,---,"Spons, l. 2",,</l></lg>,<lb/>
16,4,1,Venit,venit,–,QVNVQ,v.e.n.i.t,'Q/V\.N/V\Q,,lat,3,VERB,---,---,venio,wiktionary,---,"Spons, l. 3",,,<lg xml:lang=&quot;lat&quot; type=&quot;couplet&quot; met=&quot;4+4+7pp&quot; rhyme=&quot;aa&quot;><l n=&quot;3&quot;>
17,4,2,enim,enim,–,VNVN,e.n.i.m,'/V\.N/V\N,,lat,3,ADV,---,---,enim,wiktionary,---,"Spons, l. 3",,,
18,4,3,lib[er]are,liberare,–,LVQVRVRV,l.i.b.e.r.a.r.e,L/V\.Q/V\.'R/V\.R/V\,,lat,3,VERB,---,---,libero,wiktionary,---,"Spons, l. 3",,,
19,4,4,gentium,gentium,–,QVNQVVN,g.e.n.t.i.u.m,'Q/V\N.Q/V\.'/V\N,,lat,3,NOUN,---,---,gens,wiktionary,---,"Spons, l. 3",,,
20,4,5,origines,origines,–,VRVQVNVQ,o.r.i.g.i.n.e.s,/V\.'R/V\.Q/V\.'N/V\Q,,lat,3,NOUN,---,---,origo,wiktionary,---,"Spons, l. 3",,</l>,
21,5,1,quas,quas,–,QRVQ,q.u.a.s,QR/V\Q,,lat,4,PRON,---,---,qui,wiktionary,---,"Spons, l. 4",,,<l n=&quot;4&quot;>
22,5,2,p[er],per,+,QVR,p.e.r,Q/V\R,,lat,4,ADP,---,---,per,wiktionary,---,"Spons, l. 4",,,
23,5,3,pri–|mam,primam,–,QRVNVN,p.r.i.m.a.m,'QR/V\.N/V\N,,lat,4,ADJ,---,---,primus,wiktionary,---,"Spons, l. 4",,,<lb/>
24,5,4,sibi,sibi,–,QVQV,s.i.b.i,'Q/V\.Q/V\,,lat,4,PRON,---,---,sui,wiktionary,---,"Spons, l. 4",,,
25,5,5,matrem,matrem,–,NVQRVN,m.a.t.r.e.m,'N/V\.QR/V\N,,lat,4,NOUN,---,---,mater,wiktionary,---,"Spons, l. 4",,,
26,5,6,sub_iugarunt,subiugarunt,–,QVQVVQVRVNQ,s.u.b.i.u.g.a.r.u.n.t,Q/V\.Q/V\./V\.'Q/V\.R/V\NQ,,lat,4,VERB,---,---,subjugo,wiktionary,---,"Spons, l. 4",,,
27,5,7,demones,demones,–,QVNVNVQ,d.e.m.o.n.e.s,'Q/V\.N/V\.'N/V\Q,,lat,4,NOUN,---,---,demon,wiktionary,---,"Spons, l. 4",,</l></lg>,
28,6,1,Hic,hic,+,QVQ,h.i.c,Q/V\Q,,lat,5,PRON,---,---,hic,wiktionary,---,"Spons, l. 5",,,<lg xml:lang=&quot;lat&quot; type=&quot;couplet&quot; met=&quot;4+4+7pp&quot; rhyme=&quot;aa&quot;><l n=&quot;5&quot;>
29,6,2,est,est,–,VQQ,e.s.t,/V\QQ,,lat,5,VERB,---,---,sum,wiktionary,---,"Spons, l. 5",,,
30,6,3,adam,adam,–,VQVN,a.d.a.m,'/V\.Q/V\N,,lat,5,PROPN,---,---,Adam,wiktionary,---,"Spons, l. 5",,,
31,6,4,q[u]i,qui,_,QRV,q.u.i,QR/V\,,lat,5,PRON,---,---,qui,wiktionary,---,"Spons, l. 5",,,
32,6,5,s[e]c[un]d[u]s,secundus,–|,QVQVNQVQ,s.e.c.u.n.d.u.s,Q/V\.'Q/V\N.Q/V\Q,,lat,5,ADJ,---,---,secundus,wiktionary,---,"Spons, l. 5",,,
33,6,6,per,per,_,QVR,p.e.r,Q/V\R,,lat,5,ADP,---,---,per,wiktionary,---,"Spons, l. 5",,,<lb/>
34,6,7,p[ro]pheta,propheta,–,QRVQVQV,p.r.o.ph.e.t.a,QR/V\.'Q/V\.Q/V\,,lat,5,NOUN,---,---,propheta,wiktionary,---,"Spons, l. 5",,,
35,6,8,dicitur,dicitur,–,QVQVQVR,d.i.c.i.t.u.r,'Q/V\.Q/V\.'Q/V\R,,lat,5,VERB,---,---,dico,wiktionary,---,"Spons, l. 5",,</l>,
36,7,1,p[er],per,_,QVR,p.e.r,Q/V\R,,lat,6,ADP,---,---,per,wiktionary,---,"Spons, l. 6",,,<l n=&quot;6&quot;>
37,7,2,quem,quem,–,QRVN,q.u.e.m,QR/V\N,,lat,6,PRON,---,---,qui,wiktionary,---,"Spons, l. 6",,,
38,7,3,scelus,scelus,–,QQVLVQ,s.c.e.l.u.s,'QQ/V\.L/V\Q,,lat,6,NOUN,---,---,scelus,wiktionary,---,"Spons, l. 6",,,
39,7,4,primi,primi,–,QRVNV,p.r.i.m.i,'QR/V\.N/V\,,lat,6,ADJ,---,---,primus,wiktionary,---,"Spons, l. 6",,,
40,7,5,ade,ade,–,VQV,a.d.e,'/V\.Q/V\,,lat,6,PROPN,---,---,Adam,wiktionary,---,"Spons, l. 6",,,
41,7,6,a,a,+,V,a,/V\,,lat,6,ADP,---,---,ab,wiktionary,---,"Spons, l. 6",,,
42,7,7,nobis,nobis,_,NVQVQ,n.o.b.i.s,'N/V\.Q/V\Q,,lat,6,PRON,---,---,nos,wiktionary,---,"Spons, l. 6",,,
43,7,8,dilui_tur,diluitur,–|,QVLVVQVR,d.i.l.u.i.t.u.r,Q/V\.'L/V\./V\.'Q/V\R,,lat,6,VERB,---,---,diluo,wiktionary,---,"Spons, l. 6",,</l></lg>,
44,8,1,Hic,hic,_,QVQ,h.i.c,Q/V\Q,,lat,7,PRON,---,---,hic,wiktionary,---,"Spons, l. 7",,,<lb/><lg xml:lang=&quot;lat&quot; type=&quot;couplet&quot; met=&quot;4+4+7pp&quot; rhyme=&quot;aa&quot;><l n=&quot;7&quot;> 
45,8,2,pependit,pependit,–,QVQVNQVQ,p.e.p.e.n.d.i.t,Q/V\.'Q/V\N.Q/V\Q,,lat,7,VERB,---,---,pendo,wiktionary,---,"Spons, l. 7",,,
46,8,3,ut,ut,_,VQ,u.t,/V\Q,,lat,7,SCONJ,---,---,ut,wiktionary,---,"Spons, l. 7",,,
47,8,4,celesti,celesti,–,QVLVQQV,c.e.l.e.s.t.i,Q/V\.'L/V\Q.Q/V\,,lat,7,ADJ,---,---,caelestis,wiktionary,---,"Spons, l. 7",,,
48,8,5,patrie,patrie,–,QVQRVV,p.a.t.r.i.e,'Q/V\.QR/V\.'/V\,,lat,7,NOUN,---,---,patria,wiktionary,---,"Spons, l. 7",,,
49,8,6,nos,nos,_,NVQ,n.o.s,N/V\Q,,lat,7,PRON,---,---,nos,wiktionary,---,"Spons, l. 7",,,
50,8,7,redderet,redderet,–,RVQQVRVQ,r.e.d.d.e.r.e.t,'R/V\Q.Q/V\.'R/V\Q,,lat,7,VERB,---,---,reddo,wiktionary,---,"Spons, l. 7",,</l>,
51,9,1,ac,ac,+,VQ,a.c,/V\Q,,lat,8,CCONJ,---,---,ac,wiktionary,---,"Spons, l. 8",,,<l n=&quot;8&quot;>
52,9,2,de,de,+,QV,d.e,Q/V\,,lat,8,ADP,---,---,de,wiktionary,---,"Spons, l. 8",,,
53,9,3,parte,parte,–,QVRQV,p.a.r.t.e,'Q/V\R.Q/V\,,lat,8,NOUN,---,---,pars,wiktionary,---,"Spons, l. 8",,,
54,9,4,inimici,inimici,–|,VNVNVQV,i.n.i.m.i.c.i,/V\.N/V\.'N/V\.Q/V\,,lat,8,NOUN,---,---,inimicus,wiktionary,---,"Spons, l. 8",,,
55,9,5,liberos,liberos,–,LVQVRVQ,l.i.b.e.r.o.s,'L/V\.Q/V\.'R/V\Q,,lat,8,ADJ,---,---,liber,wiktionary,---,"Spons, l. 8",,,<lb/>
56,9,6,nos,nos,+,NVQ,n.o.s,N/V\Q,,lat,8,PRON,---,---,nos,wiktionary,---,"Spons, l. 8",,,
57,9,7,traheret,traheret,–,QRVQVRVQ,t.r.a.h.e.r.e.t,'QR/V\.Q/V\.'R/V\Q,,lat,8,VERB,---,---,traho,wiktionary,---,"Spons, l. 8",,</l></lg>,
58,10,1,Venit,venit,–,QVNVQ,v.e.n.i.t,'Q/V\.N/V\Q,,lat,9,VERB,---,---,venio,wiktionary,---,"Spons, l. 9",,,<lg xml:lang=&quot;lat&quot; type=&quot;couplet&quot; met=&quot;4+4+7pp&quot; rhyme=&quot;aa&quot;><l n=&quot;9&quot;>
59,10,2,sponsus,sponsus,–,QQVNQVQ,s.p.o.n.s.u.s,'QQ/V\N.Q/V\Q,,lat,9,NOUN,---,---,sponsus,wiktionary,---,"Spons, l. 9",,,
60,10,3,qui,qui,_,QRV,q.u.i,QR/V\,,lat,9,PRON,---,---,qui,wiktionary,---,"Spons, l. 9",,,
61,10,4,nostror[um],nostrorum,–,NVQQRVRVN,n.o.s.t.r.o.r.u.m,N/V\Q.'QR/V\.R/V\N,,lat,9,DET,---,---,noster,wiktionary,---,"Spons, l. 9",,,
62,10,5,scelerum,scelerum,–,QQVLVRVN,s.c.e.l.e.r.u.m,'QQ/V\.L/V\.'R/V\N,,lat,9,NOUN,---,---,scelus,wiktionary,---,"Spons, l. 9",,,
63,10,6,pia–|cula,piacula,–,QVVQVLV,p.i.a.c.u.l.a,Q/V\.'/V\.Q/V\.'L/V\,,lat,9,NOUN,---,---,piaculum,wiktionary,---,"Spons, l. 9",,</l>,
64,11,1,mor_te,morte,–,NVRQV,m.o.r.t.e,'N/V\R.Q/V\,,lat,10,NOUN,---,---,mors,wiktionary,---,"Spons, l. 10",,,<lb/><l n=&quot;10&quot;> 
65,11,2,lauit,lavit,–,LVQVQ,l.a.v.i.t,'L/V\.Q/V\Q,,lat,10,VERB,---,---,lavo,wiktionary,---,"Spons, l. 10",,,
66,11,3,at_q[ue],atque,–,VQQRV,a.t.q.u.e,'/V\Q.QR/V\,,lat,10,CCONJ,---,---,atque,wiktionary,---,"Spons, l. 10",,,
67,11,4,crucis,crucis,–,QRVQVQ,c.r.u.c.i.s,'QR/V\.Q/V\Q,,lat,10,NOUN,---,---,crux,wiktionary,---,"Spons, l. 10",,,
68,11,5,sustulit,sustulit,–,QVQQVLVQ,s.u.s.t.u.l.i.t,'Q/V\Q.Q/V\.'L/V\Q,,lat,10,VERB,---,---,suffero,wiktionary,---,"Spons, l. 10",,,
69,11,6,patibula,patibula,–,QVQVQVLV,p.a.t.i.b.u.l.a,Q/V\.'Q/V\.Q/V\.'L/V\,,lat,10,NOUN,---,---,patibulum,wiktionary,---,"Spons, l. 10",,</l></lg></sp></prologue>,
70,12,1,PRUde[n]tes,prudentes,|,,,,,lat,---,NOUN,---,---,prudens,wiktionary,---,"Spons, f. 53v, rubric",,</speaker>,<sp><speaker>
71,13,1,Oiet,oiet,–,OiɛT,o.i.e.t,/O\i.'/ɛ\T,,pro,11,VERB,VERcjg,imp---5,auzir,DOM,ouïr,"Spons, l. 11",,,<lb/><lg type=&quot;stanza&quot; met=&quot;decasyllable&quot; rhyme=&quot;aaab&quot;><l n=&quot;11&quot;>
72,13,2,uirgines,virgines,–,virʤinES,v.i.r.g.i.n.e.s,v/i\r.'ʤ/i\.n/E\S,,pro,11,NOUN,NOMcom,pfn,vergena,DOM,virgine2,"Spons, l. 11",,,
73,13,3,aiso,aiso,–,Aisɔ,a.i.s.o,/A\i.'s/ɔ\,,pro,11,PRON,PRNdem,snr,aisso,DOM,ce,"Spons, l. 11",,,
74,13,4,que,que,+,kE,qu.e,k/(E)\,,pro,11,PRON,PRNrel,snr,que,DOM,que,"Spons, l. 11",,,
75,13,5,uos,vos,–,vOS,v.o.s,v/O\S,,pro,11,PRON,PRCper,5pfr,vós,DOM,vous,"Spons, l. 11",,,
76,13,6,dirum,dirum,–,dirOm,d.i.r.u.m,d/i\.'r/O\m,,pro,11,VERB,VERcjg,indfut4,dire,DOM,dire,"Spons, l. 11",,</l>,
77,14,1,aisex,aisex,–,AisɛT,a.i.s.e.x,/A\i.'s/ɛ\T,,pro,12,VERB,VERcjg,imp---5,aisir,DOM,---,"Spons, l. 12",transcription_SponsusA:59 lemma:SponsusT:243,,<l n=&quot;12&quot;>
78,14,2,presen,presen,–,prEzEn,p.r.e.s.e.n,pr/E\.'z/E\n,p-.r-.e[.-s-.è].-n(-s),pro,12,ADV,ADVgen,---,prezén,DOM,présent,"Spons, l. 12",,,
79,14,3,que,que,+,kE,qu.e,k/(E)\,,pro,12,SCONJ,CONsub,---,que2,DOM,que,"Spons, l. 12",,,
80,14,4,uos,vos,–,vOS,v.o.s,v/O\S,,pro,12,PRON,PRCper,5pfr,vós,DOM,vous,"Spons, l. 12",,,
81,14,5,co–|mandarum,comandarum,–,kOmANdArOm,c.o.m.a.n.d.a.r.u.m,k/O\.m/A\N.d/A\.'r/O\m,,pro,12,VERB,VERcjg,indfut4,comandar,DOM,commander,"Spons, l. 12",,</l>,
82,15,1,atend[et],atendet,–,AtENdɛT,a.t.e.n.d.e.t,/A\.t/E\N.'d/ɛ\T,a].-tt-.è].-n.d-.è[.-t-(e[)(-s-),pro,13,VERB,VERcjg,indpst5,aténdre,DOM,attendre,"Spons, l. 13",,,<lb/><l n=&quot;13&quot;>
83,15,2,un,un,+,yN,u.n,/y\N,,pro,13,DET,DETndf,smr,uN,DOM,un,"Spons, l. 13",,,
84,15,3,es_pos,espos,–,ESpoS,e.s.p.o.s,/E\S.'p/o\S,0.s.p-.ó](-n).s-(o[),pro,13,NOUN,NOMcom,smr,espós,DOM,époux,"Spons, l. 13",,,
85,15,4,ih[es]u,jhesu,–,ʤEzy,jh.e.s.u,ʤ/E\.'z/y\,,pro,13,PROPN,NOMpro,smn,Jésus,wikipedia.fr,---,"Spons, l. 13",,,
86,15,5,saluaire,salvaire,–,SALvAirE,s.a.l.v.a.i.r.e,S/A\L.'v/A\i.r/(E)\,s-.a[.-l.w-.á[.-t-(o[).-r-.0,pro,13,NOUN,NOMcom,smn,salvadór,DOM,sauveur,"Spons, l. 13",,,
87,15,6,a,a,+,A,a,/A\,,pro,13,VERB,VERcjg,indpst3,avér,DOM,avoir,"Spons, l. 13",,,
88,15,7,nom,nom,_,nOm,n.o.m,n/O\m,n-.ó[.-m-(e[),pro,13,NOUN,NOMcom,smr,nóm,DOM,nom,"Spons, l. 13",,</l>,
89,16,1,Gaire,gaire,_,gAirE,g.a.i.r.e,'g/A\i.r/(E)\,,pro,14,ADV,ADVgen,---,gaire,DOM,guère,"Spons, l. 14",,,<l n=&quot;14&quot;>
90,16,2,no,no,+,nO,n.o,n/O\,,pro,14,ADV,ADVneg,---,nóN,DOM,ne,"Spons, l. 14",,,
91,16,3,i,i,–|,i,i,/\i,,pro,14,PRON,PRCadv,---,i,DOM,y2,"Spons, l. 14",,,
92,16,4,dormet,dormet,–,dOrmɛT,d.o.r.m.e.t,d/O\r.'m/ɛ\T,d-.ò].-r.m-.è[.-t-(e[)(-s-),pro,14,VERB,VERcjg,imp---5,dormir,DOM,dormir,"Spons, l. 14",,</l></lg>,<pb n=&quot;54r&quot; facs=&quot;https://gallica.bnf.fr/ark:/12148/btv1b6000946s/f115.item&quot;/><lb/>
93,17,1,Aisel,aisel,–,Aisel,a.i.s.e.l,/A\i.'s/e\l,,pro,15,DET,DETdem,smn,aicel,DOM,cil,"Spons, l. 15",,,<lg type=&quot;stanza&quot; met=&quot;decasyllable&quot; rhyme=&quot;aaaab&quot;><l n=&quot;15&quot;>
94,17,2,espos,espos,–,ESpoS,e.s.p.o.s,/E\S.'p/o\S,0.s.p-.ó](-n).s-(o[),pro,15,NOUN,NOMcom,smn,espós,DOM,époux,"Spons, l. 15",,,
95,17,3,que,que,+,kE,qu.e,k/(E)\,,pro,15,PRON,PRNrel,smr,que,DOM,que,"Spons, l. 15",,,
96,17,4,uos,vos,–,voS,v.o.s,v/o\S,,pro,15,PRON,PRNper,5pfn,vós,DOM,vous,"Spons, l. 15",,,
97,17,5,hor,hor,+,or,ho.r,/o\r,,pro,15,ADV,ADVgen,---,or,DOM,or2,"Spons, l. 15",,,
98,17,6,a–tend[et],atendet,_,AtENdɛT,a.t.e.n.d.e.t,/A\.t/E\N.'d/ɛ\T,a].-tt-.è].-n.d-.è[.-t-(e[)(-s-),pro,15,VERB,VERcjg,indpst5,aténdre,DOM,attendre,"Spons, l. 15",,</l>,
99,18,1,uenit,venit,–,vEniT,v.e.n.i.t,v/E\.'n/i\T,,pro,16,VERB,VERcjg,indpsp3,venir,DOM,venir,"Spons, l. 16",,,<l n=&quot;16&quot;>
100,18,2,en,en,_,EN,e.n,/E\N,,pro,16,ADP,PRE,---,én,DOM,en,"Spons, l. 16",,,
101,18,3,terra,terra,–,tɛrrA,t.e.r.r.a,'t/ɛ\r.r/(A)\,t-è].-rr-..a[,pro,16,NOUN,NOMcom,sfr,tèrra,DOM,terre,"Spons, l. 16",,,
102,18,4,p[er],per,_,pEr,p.e.r,p/E\r,,pro,16,ADP,PRE,---,pér,DOM,par,"Spons, l. 16",,,
103,18,5,los,los,–|,LOS,l.o.s,L/O\S,,pro,16,DET,DETdef,pmr,los,DOM,le,"Spons, l. 16",,,
104,18,6,uostres,vostres,–,vɔStrES,v.o.s.t.r.e.s,'v/ɔ\S.tr/E\S,w-.ò].-s.t-.r-.o[.-s-,pro,16,ADJ,ADJpos,5pmr,vòstre,DOM,votre,"Spons, l. 16",,,<lb/>
105,18,7,pechet,pechet,|,pEċɛT,p.e.ch.e.t,p/E\.'ċ/ɛ\T,p-.e].-kk-.à[.-t-(o[),pro,16,NOUN,NOMcom,pmr,pecat,DOM,péché,"Spons, l. 16",,</l>,
106,19,1,de,de,+,dE,d.e,d/(E)\,,pro,17,ADP,PRE,---,de,DOM,de,"Spons, l. 17",,,<lb/><l n=&quot;17&quot;>
107,19,2,la,la,_,LA,l.a,L/(A)\,,pro,17,DET,DETdef,sfr,la,DOM,le,"Spons, l. 17",,,
108,19,3,uirgine,virgine,–,virʤinE,v.i.r.g.i.n.e,v/i\r.'ʤ/i\.n/(E)\,,pro,17,NOUN,NOMcom,sfr,vergena,DOM,virgine2,"Spons, l. 17",,,
109,19,4,en,en,+,EN,e.n,/E\N,,pro,17,ADP,PRE,---,én,DOM,en,"Spons, l. 17",,,
110,19,5,betleem,betleem,–,bEtLEEm,b.e.t.l.e.e.m,b/E\t.L/E\.'/E\m,,pro,17,PROPN,NOMpro,smr,Bethléem,wikipedia.fr,---,"Spons, l. 17",,,
111,19,6,fo,fo,_,fo,f.o,f/o\,f-.ó[(i[)(-t-),pro,17,AUX,VERcjg,indpsp3,èser,DOM,être,"Spons, l. 17",,,
112,19,7,net,net,–,nɛT,n.e.t,n/ɛ\T,n-.à[.-t-(o[)(-s-),pro,17,VERB,VERppe,smn,naiser,DOM,naître,"Spons, l. 17",,</l>,
113,20,1,e,e,_,E,e,/E\,,pro,18,ADP,PRE,---,én,DOM,en,"Spons, l. 18",,,<l n=&quot;18&quot;>
114,20,2,flum,flum,–,fLym,f.l.u.m,fL/y\m,f-.l-.ú[.-m-(e[),pro,18,NOUN,NOMcom,smr,flum,DOM,flum,"Spons, l. 18",,,
115,20,3,iorda,jorda,–|,ʤOrdA,j.o.r.d.a,ʤ/O\r.'d/A\,,pro,18,PROPN,NOMpro,smr,Jourdain,wikipedia.fr,---,"Spons, l. 18",,,
116,20,4,lauet,lavet,_,LAvɛT,l.a.v.e.t,L/A\.'v/ɛ\T,l-.a[.-w-.à[.-t-(o[),pro,18,VERB,VERppe,smn,lavar,DOM,laver,"Spons, l. 18",,,<lb/>
117,20,5,e,e,+,E,e,/E\,,pro,18,CCONJ,CONcoo,---,e,DOM,et,"Spons, l. 18",,,
118,20,6,ba–te_et,bateet,_,bAtEɛT,b.a.t.e.e.t,b/A\.t/E\.'/ɛ\T,b-.a](-p).t-.e](-dʣ-).à[.-t-(o[)(-s-),pro,18,VERB,VERppe,smn,batejar,DOM,baptier,"Spons, l. 18",SponsusA:72-73,</l>,
119,21,1,Gaire,gaire,_,gAirE,g.a.i.r.e,'g/A\i.r/(E)\,,pro,19,ADV,ADVgen,---,gaire,DOM,guère,"Spons, l. 19",,<supplied reason=&quot;missing&quot;>no i dormet</supplied></l></lg>,<l n=&quot;19&quot;>
120,22,1,Eu,eu,_,eu,e.u,/e\u,,pro,20,PRON,PRNper,3smn,el2,DOM,il,"Spons, l. 20",,,<lg type=&quot;stanza&quot; met=&quot;decasyllable&quot; rhyme=&quot;aaab&quot;><l n=&quot;20&quot;>
121,22,2,fo,fo,_,fo,f.o,f/o\,f-.ó[(i[)(-t-),pro,20,AUX,VERcjg,indpsp3,èser,DOM,être,"Spons, l. 20",,,
122,22,3,batut,batut,–,bAtyT,b.a.t.u.t,b/A\.'t/y\T,b-.a].-tt-.ù[.-t-(o[)(-s-),pro,20,VERB,VERppe,smn,batre,DOM,battre,"Spons, l. 20",,,
123,22,4,gab_let,gablet,–,gAbLɛT,g.a.b.l.e.t,g/A\.'bL/ɛ\T,,pro,20,VERB,VERppe,smn,gabler,DMF,gabler,"Spons, l. 20",,,
124,22,5,e,e,+,E,e,/E\,,pro,20,CCONJ,CONcoo,---,e,DOM,et,"Spons, l. 20",,,
125,22,6,lai_deniet,laidenjet,–|,LAidENʤɛT,l.a.i.d.e.n.j.e.t,L/A\i.d/E\N.'ʤ/ɛ\T,,pro,20,VERB,VERppe,smn,laidenjar,DOM,laidenger,"Spons, l. 20",,</l>,
126,23,1,sus,sus,_,SyS,s.u.s,S/y\S,,pro,21,ADV,ADVgen,---,sus,DOM,sus,"Spons, l. 21",,,<lb/><l n=&quot;21&quot;>
127,23,2,e,e,+,E,e,/E\,,pro,21,ADP,PRE,---,én,DOM,en,"Spons, l. 21",,,
128,23,3,la,la,_,LA,l.a,L/(A)\,,pro,21,DET,DETdef,sfr,la,DOM,le,"Spons, l. 21",,,
129,23,4,crot,crot,–,kroT,c.r.o.t,kr/o\T,k-.r-.ó[.-c-(e[),pro,21,NOUN,NOMcom,sfr,crotz,DOM,croix,"Spons, l. 21",,,
130,23,5,batut,batut,–,bAtyT,b.a.t.u.t,b/A\.'t/y\T,b-.a].-tt-.ù[.-t-(o[)(-s-),pro,21,VERB,VERppe,smn,batre,DOM,battre,"Spons, l. 21",,,
131,23,6,e,e,+,E,e,/E\,,pro,21,CCONJ,CONcoo,---,e,DOM,et,"Spons, l. 21",,,
132,23,7,clau_figet,claufiget,_,kLAufiċɛT,c.l.a.u.f.i.g.e.t,kL/A\u.f/i\.'ċ/ɛ\T,,pro,21,VERB,VERppe,smn,clauficar,DOM,cloficher,"Spons, l. 21",phon_SponsusA:42-44,</l>,
133,24,1,De[=e],e,+,E,e,/E\,,pro,22,ADP,PRE,---,én,DOM,en,"Spons, l. 22",,,<l n=&quot;22&quot;>
134,24,2,u,u,+,u,u,/\u,,pro,22,DET,DETdef,smr,lo2,DOM,le,"Spons, l. 22",,,
135,24,3,monument,monument,–,mOnymENT,m.o.n.u.m.e.n.t,m/O\.n/y\.'m/E\NT,,pro,22,NOUN,NOMcom,smr,monumén,DOM,monument,"Spons, l. 22",,,
136,24,4,deso_entre,desoentre,–,dEzOENtrE,d.e.s.o.e.n.t.r.e,d/E\.z/O\.'/E\N.tr/(E)\,,pro,22,ADV,ADVgen,---,deseguéntre,DOM,---,"Spons, l. 22",lemma_SponsusA:63,,
137,24,5,pau–|set,pauset,_,pAuzɛT,p.a.u.s.e.t,p/A\u.'z/ɛ\T,p-.au[..-s-.à[.-t-(o[)(-s-),pro,22,VERB,VERppe,smn,pauzar,DOM,poser,"Spons, l. 22",,</l>,
138,25,1,Gaire,gaire,_,gAirE,g.a.i.r.e,'g/A\i.r/(E)\,,pro,23,ADV,ADVgen,---,gaire,DOM,guère,"Spons, l. 23",,<supplied reason=&quot;missing&quot;>no i dormet</supplied></l></lg>,<lb/><l n=&quot;22&quot;>
139,26,1,E,e,+,E,e,/E\,,pro,24,CCONJ,CONcoo,---,e,DOM,et,"Spons, l. 24",,,<lg type=&quot;stanza&quot; met=&quot;decasyllable&quot; rhyme=&quot;aaab&quot;><l n=&quot;24&quot;>
140,26,2,re_sors,resors,–,rEzorS,r.e.s.o.r.s,r/E\.'z/o\rS,,pro,24,VERB,VERppe,smn,resórzer,DOM,ressourdre,"Spons, l. 24",,,
141,26,3,es,es,–,ES,e.s,/E\S,è].-s(t-),pro,24,VERB,VERcjg,indpst3,èser,DOM,être,"Spons, l. 24",,,
142,26,4,la,la,+,LA,l.a,L/(A)\,,pro,24,DET,DETdef,sfn,la,DOM,le,"Spons, l. 24",,,
143,26,5,s_criptura,scriptura,–,QQRVQQVRV,s.c.r.i.p.t.u.r.a,QQR/V\Q.'Q/V\.R/V\,,lat,24,NOUN,NOMcom,sfn,scriptura,wiktionary,scripture,"Spons, l. 24",,,
144,26,6,o,o,+,O,o,/O\,,pro,24,PRON,PRCdem,snr,ó2,DOM,---,"Spons, l. 24",,,
145,26,7,dii,dii,–,dii,d.i.i,d/i\i,d-.ì[.-c-(e[)(-t-),pro,24,VERB,VERcjg,indpst3,dire,DOM,dire,"Spons, l. 24",,</l>,
146,27,1,gabriels,gabriels,–,gAbriELS,g.a.b.r.i.e.l.s,g/A\.br/i\.'/E\LS,,pro,25,PROPN,NOMpro,smn,Gabriel,wikipedia.fr,---,"Spons, l. 25",,,<l n=&quot;25&quot;>
147,27,2,soi,soi,–,Soi,s.o.i,S/o\i,,pro,25,VERB,VERcjg,indpst1,èser,DOM,être,"Spons, l. 25",,,
148,27,3,eu,eu,_,ɛu,e.u,/ɛ\u,,pro,25,PRON,PRNper,1smn,eu,DOM,je,"Spons, l. 25",,,
149,27,4,tra–|mes,trames,–,trAmeS,t.r.a.m.e.s,tr/A\.'m/e\S,t-.r-.a[.-m-.é[.-s-(e[)(-t-),pro,25,VERB,VERppe,smn,tramétre,DOM,tramettre,"Spons, l. 25",,,
150,27,5,aici,aici,–,Aisi,a.i.c.i,/A\i.'s/i\,,pro,25,ADV,ADVgen,---,aici,DOM,ici,"Spons, l. 25",,</l>,<lb/>
151,28,1,atend[et],atendet,–,AtENdɛT,a.t.e.n.d.e.t,/A\.t/E\N.'d/ɛ\T,a].-tt-.è].-n.d-.è[.-t-(e[)(-s-),pro,26,VERB,VERcjg,imp---5,aténdre,DOM,attendre,"Spons, l. 26",,,<l n=&quot;26&quot;>
152,28,2,lo,lo,_,LO,l.o,L/(O)\,,pro,26,PRON,PRCper,3sma,lo3,DOM,le,"Spons, l. 26",,,
153,28,3,que,que,_,kE,qu.e,k/(E)\,,pro,26,PRON,PRNrel,smr,que,DOM,que,"Spons, l. 26",,,
154,28,4,ia,ja,_,ʤA,j.a,ʤ/A\,,pro,26,ADV,ADVgen,---,ja,DOM,jà,"Spons, l. 26",,,
155,28,5,uenra,venra,–,vENrA,v.e.n.r.a,v/E\N.'r/A\,,pro,26,VERB,VERcjg,indfut3,venir,DOM,venir,"Spons, l. 26",,,
156,28,6,praici,praici,_,prAisi,p.r.a.i.c.i,pr/A\i.s/i\,,pro,26,ADV,ADVgen,---,aici,DOM,ici,"Spons, l. 26",,</l>,
157,29,1,Gaire,gaire,_,gAirE,g.a.i.r.e,'g/A\i.r/(E)\,,pro,27,ADV,ADVgen,---,gaire,DOM,guère,"Spons, l. 27",,<supplied reason=&quot;missing&quot;>no i dormet</supplied></l></lg></sp>,<l n=&quot;27&quot;>
158,30,1,Fatve,fatue,|,,,,,lat,---,NOUN,---,---,fatuus,wiktionary,---,"Spons, f. 54r, rubric",,</speaker>,<sp><speaker>
159,31,1,Nos,nos,_,NVQ,n.o.s,N/V\Q,,lat,28,PRON,---,---,nos,wiktionary,---,"Spons, l. 28",,,<lb/><lg type=&quot;stanza&quot; met=&quot;decasyllable&quot; rhyme=&quot;aaaab&quot;><l xml:lang=&quot;lat&quot; n=&quot;28&quot;>
160,31,2,uirgines,virgines,–,QVRQVNVQ,v.i.r.g.i.n.e.s,'Q/V\R.Q/V\.'N/V\Q,,lat,28,NOUN,---,---,virgo,wiktionary,---,"Spons, l. 28",,,
161,31,3,que,que,_,QRV,q.u.e,QR/V\,,lat,28,PRON,---,---,qui,wiktionary,---,"Spons, l. 28",,,
162,31,4,ad,ad,+,VQ,a.d,/V\Q,,lat,28,ADP,---,---,ad,wiktionary,---,"Spons, l. 28",,,
163,31,5,uos,vos,–,QVQ,v.o.s,Q/V\Q,,lat,28,PRON,---,---,vos,wiktionary,---,"Spons, l. 28",,,
164,31,6,uenimus,venimus,–,QVNVNVQ,v.e.n.i.m.u.s,'Q/V\.N/V\.'N/V\Q,,lat,28,VERB,---,---,venio,wiktionary,---,"Spons, l. 28",,</l>,
165,32,1,negligenter,negligenter,–,NVQLVQVNQVR,n.e.g.l.i.g.e.n.t.e.r,N/V\Q.L/V\.'Q/V\N.Q/V\R,,lat,29,ADV,---,---,negligenter,---,---,"Spons, l. 29",,,<l xml:lang=&quot;lat&quot; n=&quot;29&quot;>
166,32,2,oleum,oleum,–|,VLVVN,o.l.e.u.m,'/V\.L/V\.'/V\N,,lat,29,NOUN,---,---,oleum,wiktionary,---,"Spons, l. 29",,,
167,32,3,fu(n)dimus,fudimus,–,QVQVNVQ,f.u.d.i.m.u.s,'Q/V\.Q/V\.'N/V\Q,,lat,29,VERB,---,---,fundo,wiktionary,---,"Spons, l. 29",,</l>,<lb/>
168,33,1,ad,ad,+,VQ,a.d,/V\Q,,lat,30,ADP,---,---,ad,wiktionary,---,"Spons, l. 30",,,<l xml:lang=&quot;lat&quot; n=&quot;30&quot;>
169,33,2,uos,vos,–,QVQ,v.o.s,Q/V\Q,,lat,30,PRON,---,---,vos,wiktionary,---,"Spons, l. 30",,,
170,33,3,orare,orare,–,VRVRV,o.r.a.r.e,/V\.'R/V\.R/V\,,lat,30,VERB,---,---,oro,wiktionary,---,"Spons, l. 30",,,
171,33,4,sorores,sorores,–,QVRVRVQ,s.o.r.o.r.e.s,Q/V\.'R/V\.R/V\Q,,lat,30,NOUN,---,---,soror,wiktionary,---,"Spons, l. 30",,,
172,33,5,cupimus,cupimus,–,QVQVNVQ,c.u.p.i.m.u.s,'Q/V\.Q/V\.'N/V\Q,,lat,30,VERB,---,---,cupio,wiktionary,---,"Spons, l. 30",,</l>,
173,34,1,ut,ut,–,VQ,u.t,/V\Q,,lat,31,SCONJ,---,---,ut,wiktionary,---,"Spons, l. 31",,,<l xml:lang=&quot;lat&quot; n=&quot;31&quot;>
174,34,2,[et],et,+,VQ,e.t,/V\Q,,lat,31,CCONJ,---,---,et,wiktionary,---,"Spons, l. 31",,,
175,34,3,illas,illas,–,VLLVQ,i.l.l.a.s,'/V\L.L/V\Q,,lat,31,PRON,---,---,ille,wiktionary,---,"Spons, l. 31",,,
176,34,4,q[u]ibus,quibus,_,QRVQVQ,q.u.i.b.u.s,'QR/V\.Q/V\Q,,lat,31,PRON,---,---,qui,wiktionary,---,"Spons, l. 31",,,
177,34,5,nos,nos,–|,NVQ,n.o.s,N/V\Q,,lat,31,PRON,---,---,nos,wiktionary,---,"Spons, l. 31",,,
178,34,6,credimus,credimus,–,QRVQVNVQ,c.r.e.d.i.m.u.s,'QR/V\.Q/V\.'N/V\Q,,lat,31,VERB,---,---,credo,wiktionary,---,"Spons, l. 31",,</l>,<lb/>
179,35,1,dolentas,dolentas,–,dOlENtAS,d.o.l.e.n.t.a.s,d/O\.'l/E\N.t/A\S,d-.o[.-l-.è].-n.t-.a[.-s-,pro,32,ADJ,ADJqua,pfn,dolén,DOM,dolent,"Spons, l. 32",,,<l n=&quot;32&quot;>
180,35,2,chaitiuas,chaitivas,–,ċAitivAS,ch.a.i.t.i.v.a.s,ċ/A\i.'t/i\.v/A\S,k-.a].-p.t-.ì[.-w-.a[.-s-,pro,32,ADJ,ADJqua,pfn,caitiu,DOM,chétif,"Spons, l. 32",,,
181,35,3,trop,trop,_,trɔP,t.r.o.p,tr/ɔ\P,,pro,32,ADV,ADVgen,---,tròp2,DOM,trop,"Spons, l. 32",,,
182,35,4,i,i,_,i,i,/i\,,pro,32,PRON,PRCadv,---,i,DOM,y2,"Spons, l. 32",,,
183,35,5,auem,avem,_,AvEm,a.v.e.m,/A\.'v/E\m,a[.-b-.é[.-m-(o[)(-s-),pro,32,AUX,VERcjg,indpst4,avér,DOM,avoir,"Spons, l. 32",,,
184,35,6,dormit,dormit,–,dOrmiT,d.o.r.m.i.t,d/O\r.'m/i\T,d-.o].-r.m-.ì[.-t-(o[),pro,32,VERB,VERppe,snr,dormir,DOM,dormir,"Spons, l. 32",,</l></lg>,
185,36,1,Nos,nos,_,NVQ,n.o.s,N/V\Q,,lat,33,PRON,---,---,nos,wiktionary,---,"Spons, l. 33",,,<lg type=&quot;stanza&quot; met=&quot;decasyllable&quot; rhyme=&quot;aaaab&quot;><l xml:lang=&quot;lat&quot; n=&quot;33&quot;>
186,36,2,co–|mites,comites,–,QVNVQVQ,c.o.m.i.t.e.s,'Q/V\.N/V\.'Q/V\Q,,lat,33,NOUN,---,---,comes,wiktionary,---,"Spons, l. 33",,,
187,36,3,huius,huius,–,QVRVQ,h.u.i.u.s,'Q/V\.R/V\Q,,lat,33,ADJ,---,---,hic,wiktionary,---,"Spons, l. 33",,,<pb n=&quot;54v&quot; facs=&quot;https://gallica.bnf.fr/ark:/12148/btv1b6000946s/f115.item&quot;/><lb/>
188,36,4,itineris,itineris,–,VQVNVRVQ,i.t.i.n.e.r.i.s,/V\.'Q/V\.N/V\.'R/V\Q,,lat,33,NOUN,---,---,iter,wiktionary,---,"Spons, l. 33",,</l>,
189,37,1,[et],et,+,VQ,e.t,/V\Q,,lat,34,CCONJ,---,---,et,wiktionary,---,"Spons, l. 34",,,<l xml:lang=&quot;lat&quot; n=&quot;34&quot;>
190,37,2,sorores,sorores,–,QVRVRVQ,s.o.r.o.r.e.s,Q/V\.'R/V\.R/V\Q,,lat,34,NOUN,---,---,soror,wiktionary,---,"Spons, l. 34",,,
191,37,3,ei[us]dem,eiusdem,–,VRVQQVN,e.i.u.s.d.e.m,/V\.'R/V\Q.Q/V\N,,lat,34,ADJ,---,---,idem,wiktionary,---,"Spons, l. 34",,,
192,37,4,generis,generis,–,QVNVRVQ,g.e.n.e.r.i.s,'Q/V\.N/V\.'R/V\Q,,lat,34,NOUN,---,---,genus,wiktionary,---,"Spons, l. 34",,</l>,
193,38,1,quam_uis,quamvis,_,QRVNQVQ,q.u.a.m.v.i.s,'QR/V\N.Q/V\Q,,lat,35,ADV,---,---,quamvis,wiktionary,---,"Spons, l. 35",,,<l xml:lang=&quot;lat&quot; n=&quot;35&quot;>
194,38,2,male,male,–|,NVLV,m.a.l.e,'N/V\.L/V\,,lat,35,ADV,---,---,male,wiktionary,---,"Spons, l. 35",,,
195,38,3,contigit,contigit,–,QVNQVQVQ,c.o.n.t.i.g.i.t,'Q/V\N.Q/V\.'Q/V\Q,,lat,35,VERB,---,---,contingo,wiktionary,---,"Spons, l. 35",,,<lb/>
196,38,4,miseris,miseris,–,NVQVRVQ,m.i.s.e.r.i.s,'N/V\.Q/V\.'R/V\Q,,lat,35,NOUN,---,---,miserus,wiktionary,---,"Spons, l. 35",,</l>,
197,39,1,potestis,potestis,+,QVQVQQVQ,p.o.t.e.s.t.i.s,Q/V\.'Q/V\Q.Q/V\Q,,lat,36,VERB,---,---,possum,wiktionary,---,"Spons, l. 36",,,<l xml:lang=&quot;lat&quot; n=&quot;36&quot;>
198,39,2,nos,nos,–,NVQ,n.o.s,N/V\Q,,lat,36,PRON,---,---,nos,wiktionary,---,"Spons, l. 36",,,
199,39,3,reddere,reddere,–,RVQQVRV,r.e.d.d.e.r.e,'R/V\Q.Q/V\.'R/V\,,lat,36,VERB,---,---,reddo,wiktionary,---,"Spons, l. 36",,,
200,39,4,sup[er]_is,superis,_,QVQVRVQ,s.u.p.e.r.i.s,'Q/V\.Q/V\.'R/V\Q,,lat,36,NOUN,---,---,superus,wiktionary,---,"Spons, l. 36",,</l>,
201,40,1,Do[=Dolentas],dolentas,_,dOlENtAS,d.o.l.e.n.t.a.s,d/O\.'l/E\N.t/A\S,d-.o[.-l-.è].-n.t-.a[.-s-,pro,37,ADJ,ADJqua,pfn,dolén,DOM,dolent,"Spons, l. 37",,<supplied reason=&quot;missing&quot;>chaitivas trop i avem dormit</supplied></l></lg>,<l n=&quot;37&quot;>
202,41,1,Partimini,partimini,_,QVRQVNVNV,p.a.r.t.i.m.i.n.i,Q/V\R.'Q/V\.N/V\.'N/V\,,lat,38,VERB,---,---,partio,wiktionary,---,"Spons, l. 38",,,<lg type=&quot;stanza&quot; met=&quot;decasyllable&quot; rhyme=&quot;aaaab&quot;><l xml:lang=&quot;lat&quot; n=&quot;38&quot;>
203,41,2,lu–|men,lumen,–,LVNVN,l.u.m.e.n,'L/V\.N/V\N,,lat,38,NOUN,---,---,lumen,wiktionary,---,"Spons, l. 38",,,
204,41,3,lampadibus,lampadibus,–,LVNQVQVQVQ,l.a.m.p.a.d.i.b.u.s,L/V\N.'Q/V\.Q/V\.'Q/V\Q,,lat,38,NOUN,---,---,lampas,wiktionary,---,"Spons, l. 38",,</l>,<lb/>
205,42,1,pie,pie,_,QVV,p.i.e,'Q/V\./V\,,lat,39,ADV,---,---,pie,wiktionary,---,"Spons, l. 39",,,<l xml:lang=&quot;lat&quot; n=&quot;39&quot;>
206,42,2,sitis,sitis,–,QVQVQ,s.i.t.i.s,'Q/V\.Q/V\Q,,lat,39,VERB,---,---,sum,wiktionary,---,"Spons, l. 39",,,
207,42,3,insipientibus,insipientibus,–,VNQVQVVNQVQVQ,i.n.s.i.p.i.e.n.t.i.b.u.s,/V\N.Q/V\.Q/V\.'/V\N.Q/V\.'Q/V\Q,,lat,39,NOUN,---,---,insipiens,wiktionary,---,"Spons, l. 39",,</l>,
208,43,1,pulse,pulse,_,QVLQV,p.u.l.s.e,'Q/V\L.Q/V\,,lat,40,ADJ,---,---,pulsus,wiktionary,---,"Spons, l. 40",,,<l xml:lang=&quot;lat&quot; n=&quot;40&quot;>
209,43,2,ne,ne,+,NV,n.e,N/V\,,lat,40,ADV,---,---,ne,wiktionary,---,"Spons, l. 40",,,
210,43,3,nos,nos,–,NVQ,n.o.s,N/V\Q,,lat,40,PRON,---,---,nos,wiktionary,---,"Spons, l. 40",,,
211,43,4,simus,simus,–,QVNVQ,s.i.m.u.s,'Q/V\.N/V\Q,,lat,40,VERB,---,---,sum,wiktionary,---,"Spons, l. 40",,,
212,43,5,a,a,+,V,a,/V\,,lat,40,ADP,---,---,ab,wiktionary,---,"Spons, l. 40",,,
213,43,6,fo–|ribus,foribus,–,QVRVQVQ,f.o.r.i.b.u.s,'Q/V\.R/V\.'Q/V\Q,,lat,40,NOUN,---,---,foris,wiktionary,---,"Spons, l. 40",,</l>,
214,44,1,cum,cum,_,QVN,c.u.m,Q/V\N,,lat,41,SCONJ,---,---,cum,wiktionary,---,"Spons, l. 41",,,<lb/><l xml:lang=&quot;lat&quot; n=&quot;41&quot;>
215,44,2,uos,vos,–,QVQ,v.o.s,Q/V\Q,,lat,41,PRON,---,---,vos,wiktionary,---,"Spons, l. 41",,,
216,44,3,sponsus,sponsus,–,QQVNQVQ,s.p.o.n.s.u.s,'QQ/V\N.Q/V\Q,,lat,41,NOUN,---,---,sponsus,wiktionary,---,"Spons, l. 41",,,
217,44,4,uoc[et],vocet,–,QVQVQ,v.o.c.e.t,'Q/V\.Q/V\Q,,lat,41,VERB,---,---,voco,wiktionary,---,"Spons, l. 41",,,
218,44,5,in,in,+,VN,i.n,/V\N,,lat,41,ADP,---,---,in,wiktionary,---,"Spons, l. 41",,,
219,44,6,sedibus,sedibus,–,QVQVQVQ,s.e.d.i.b.u.s,'Q/V\.Q/V\.'Q/V\Q,,lat,41,NOUN,---,---,sedes,wiktionary,---,"Spons, l. 41",,</l>,
220,45,1,Dole[=Dolentas],dolentas,–,dOlENtAS,d.o.l.e.n.t.a.s,d/O\.'l/E\N.t/A\S,d-.o[.-l-.è].-n.t-.a[.-s-,pro,42,ADJ,ADJqua,pfn,dolén,DOM,dolent,"Spons, l. 42",,<supplied reason=&quot;missing&quot;>chaitivas trop i avem dormit</supplied></l></lg></sp>,<l n=&quot;42&quot;>
221,46,1,PRVde[n]tes,prudentes,|,,,,,lat,---,NOUN,---,---,prudens,wiktionary,---,"Spons, f. 54v, rubric",,</speaker>,<sp><speaker>
222,47,1,Nos,nos,_,NVQ,n.o.s,N/V\Q,,lat,43,PRON,---,---,nos,wiktionary,---,"Spons, l. 43",,,<lb/><lg type=&quot;stanza&quot; met=&quot;decasyllable&quot; rhyme=&quot;aaaab&quot;><l xml:lang=&quot;lat&quot; n=&quot;43&quot;>
223,47,2,precari,precari,–,QRVQVRV,p.r.e.c.a.r.i,QR/V\.'Q/V\.R/V\,,lat,43,VERB,---,---,precor,wiktionary,---,"Spons, l. 43",,,
224,47,3,precamur,precamur,–,QRVQVNVR,p.r.e.c.a.m.u.r,QR/V\.'Q/V\.N/V\R,,lat,43,VERB,---,---,precor,wiktionary,---,"Spons, l. 43",,,
225,47,4,ampli_us,amplius,_,VNQLVVQ,a.m.p.l.i.u.s,'/V\NQ.L/V\.'/V\Q,,lat,43,ADV,---,---,ample,wiktionary,---,"Spons, l. 43",,</l>,
226,48,1,desinite,desinite,–,QVQVNVQV,d.e.s.i.n.i.t.e,Q/V\.'Q/V\.N/V\.'Q/V\,,lat,44,VERB,---,---,desino,wiktionary,---,"Spons, l. 44",,,<l xml:lang=&quot;lat&quot; n=&quot;44&quot;>
227,48,2,sorores,sorores,–,QVRVRVQ,s.o.r.o.r.e.s,Q/V\.'R/V\.R/V\Q,,lat,44,NOUN,---,---,soror,wiktionary,---,"Spons, l. 44",,,
228,48,3,otius,otius,–|,VQVVQ,o.t.i.u.s,'/V\.Q/V\.'/V\Q,,lat,44,NOUN,---,---,otium,wiktionary,---,"Spons, l. 44",,</l>,
229,49,1,uobis,vobis,–,QVQVQ,v.o.b.i.s,'Q/V\.Q/V\Q,,lat,45,PRON,---,---,vos,wiktionary,---,"Spons, l. 45",,,<lb/><l xml:lang=&quot;lat&quot; n=&quot;45&quot;>
230,49,2,enim,enim,–,VNVN,e.n.i.m,'/V\.N/V\N,,lat,45,ADV,---,---,enim,wiktionary,---,"Spons, l. 45",,,
231,49,3,nil,nil,_,NVL,n.i.l,N/V\L,,lat,45,PRON,---,---,nihil,wiktionary,---,"Spons, l. 45",,,
232,49,4,erit,erit,–,VRVQ,e.r.i.t,'/V\.R/V\Q,,lat,45,VERB,---,---,sum,wiktionary,---,"Spons, l. 45",,,
233,49,5,melius,melius,–,NVLVVQ,m.e.l.i.u.s,'N/V\.L/V\.'/V\Q,,lat,45,ADJ,---,---,bonus,wiktionary,---,"Spons, l. 45",,</l>,
234,50,1,dare,dare,–,QVRV,d.a.r.e,'Q/V\.R/V\,,lat,46,VERB,---,---,do,wiktionary,---,"Spons, l. 46",,,<l xml:lang=&quot;lat&quot; n=&quot;46&quot;>
235,50,2,preces,preces,_,QRVQVQ,p.r.e.c.e.s,'QR/V\.Q/V\Q,,lat,46,NOUN,---,---,prex,wiktionary,---,"Spons, l. 46",,,
236,50,3,p[ro],pro,_,QRV,p.r.o,QR/V\,,lat,46,ADV,---,---,pro,wiktionary,---,"Spons, l. 46",,,
237,50,4,hoc,hoc,–,QVQ,h.o.c,Q/V\Q,,lat,46,PRON,---,---,hic,wiktionary,---,"Spons, l. 46",,,
238,50,5,ulterius,ulterius,_,VLQVRVVQ,u.l.t.e.r.i.u.s,/V\L.'Q/V\.R/V\.'/V\Q,,lat,46,ADJ,---,---,ulter,wiktionary,---,"Spons, l. 46",,</l>,
239,51,1,Dolentas,dolentas,–|,dOlENtAS,d.o.l.e.n.t.a.s,d/O\.'l/E\N.t/A\S,d-.o[.-l-.è].-n.t-.a[.-s-,pro,47,ADJ,ADJqua,pfn,dolén,DOM,dolent,"Spons, l. 47",,<supplied reason=&quot;missing&quot;>chaitivas trop i avem dormit</supplied></l></lg>,<l n=&quot;47&quot;>
240,52,1,Ac,ac,_,VQ,a.c,/V\Q,,lat,48,CCONJ,---,---,ac,wiktionary,---,"Spons, l. 48",,,<lb/><lg type=&quot;stanza&quot; met=&quot;decasyllable&quot; rhyme=&quot;aaaab&quot;><l xml:lang=&quot;lat&quot; n=&quot;48&quot;>
241,52,2,ite,ite,_,VQV,i.t.e,'/V\.Q/V\,,lat,48,VERB,---,---,eo,wiktionary,---,"Spons, l. 48",,,
242,52,3,nunc,nunc,–,NVNQ,n.u.n.c,N/V\NQ,,lat,48,ADV,---,---,nunc,wiktionary,---,"Spons, l. 48",,,
243,52,4,ite,ite,–,VQV,i.t.e,'/V\.Q/V\,,lat,48,VERB,---,---,eo,wiktionary,---,"Spons, l. 48",,,
244,52,5,celeriter,celeriter,–,QVLVRVQVR,c.e.l.e.r.i.t.e.r,Q/V\.'L/V\.R/V\.'Q/V\R,,lat,48,ADV,---,---,celeriter,wiktionary,---,"Spons, l. 48",,</l>,
245,53,1,ac,ac,_,VQ,a.c,/V\Q,,lat,49,CCONJ,---,---,ac,wiktionary,---,"Spons, l. 49",,,<l xml:lang=&quot;lat&quot; n=&quot;49&quot;>
246,53,2,uendentes,vendentes,–,QVNQVNQVQ,v.e.n.d.e.n.t.e.s,Q/V\N.'Q/V\N.Q/V\Q,,lat,49,NOUN,---,---,vendens,wiktionary,---,"Spons, l. 49",,,
247,53,3,rogate,rogate,–,RVQVQV,r.o.g.a.t.e,R/V\.'Q/V\.Q/V\,,lat,49,VERB,---,---,rogo,wiktionary,---,"Spons, l. 49",,,
248,53,4,dulciter,dulciter,–|,QVLQVQVR,d.u.l.c.i.t.e.r,'Q/V\L.Q/V\.'Q/V\R,,lat,49,ADV,---,---,dulciter,wiktionary,---,"Spons, l. 49",,</l>,<lb/>
249,54,1,ut,ut,_,VQ,u.t,/V\Q,,lat,50,SCONJ,---,---,ut,wiktionary,---,"Spons, l. 50",,,<l xml:lang=&quot;lat&quot; n=&quot;50&quot;>
250,54,2,oleum,oleum,–,VLVVN,o.l.e.u.m,'/V\.L/V\.'/V\N,,lat,50,NOUN,---,---,oleum,wiktionary,---,"Spons, l. 50",,,
251,54,3,uestris,vestris,–,QVQQRVQ,v.e.s.t.r.i.s,'Q/V\Q.QR/V\Q,,lat,50,ADJ,---,---,vester,wiktionary,---,"Spons, l. 50",,,
252,54,4,lampadibus,lampadibus,–,LVNQVQVQVQ,l.a.m.p.a.d.i.b.u.s,L/V\N.'Q/V\.Q/V\.'Q/V\Q,,lat,50,NOUN,---,---,lampas,wiktionary,---,"Spons, l. 50",,</l>,
253,55,1,dent,dent,_,QVNQ,d.e.n.t,Q/V\NQ,,lat,51,VERB,---,---,do,wiktionary,---,"Spons, l. 51",,,<l xml:lang=&quot;lat&quot; n=&quot;51&quot;>
254,55,2,eq[u]idem,equidem,–,VQRVQVN,e.q.u.i.d.e.m,/V\.'QR/V\.Q/V\N,,lat,51,ADV,---,---,equidem,wiktionary,---,"Spons, l. 51",,,
255,55,3,uobis,vobis,–,QVQVQ,v.o.b.i.s,'Q/V\.Q/V\Q,,lat,51,PRON,---,---,vos,wiktionary,---,"Spons, l. 51",,,
256,55,4,inertib[us],inertibus,_,VNVRQVQVQ,i.n.e.r.t.i.b.u.s,/V\.'N/V\R.Q/V\.'Q/V\Q,,lat,51,ADJ,---,---,iners,wiktionary,---,"Spons, l. 51",,</l>,
257,56,1,Do[=Dolentas],dolentas,–|,dOlENtAS,d.o.l.e.n.t.a.s,d/O\.'l/E\N.t/A\S,d-.o[.-l-.è].-n.t-.a[.-s-,pro,52,ADJ,ADJqua,pfn,dolén,DOM,dolent,"Spons, l. 52",,<supplied reason=&quot;missing&quot;>chaitivas trop i avem dormit</supplied></l></lg></sp>,<l n=&quot;52&quot;>
258,57,1,A,a,_,V,a,/V\,,lat,53,INTJ,---,---,a,wiktionary,---,"Spons, l. 53",,,<lb/><sp><speaker><supplied reason=&quot;missing&quot;>fatue</supplied></speaker><lg type=&quot;stanza&quot; met=&quot;decasyllable&quot; rhyme=&quot;aaaab&quot;><l xml:lang=&quot;lat&quot; n=&quot;53&quot;>
259,57,2,misere,misere,–,NVQVRV,m.i.s.e.r.e,'N/V\.Q/V\.'R/V\,,lat,53,ADV,---,---,misere,wiktionary,---,"Spons, l. 53",,,
260,57,3,nos,nos,–,NVQ,n.o.s,N/V\Q,,lat,53,PRON,---,---,nos,wiktionary,---,"Spons, l. 53",,,
261,57,4,hic,hic,–,QVQ,h.i.c,Q/V\Q,,lat,53,ADV,---,---,hic,wiktionary,---,"Spons, l. 53",,,
262,57,5,quid,quid,–,QRVQ,q.u.i.d,QR/V\Q,,lat,53,PRON,---,---,quis,wiktionary,---,"Spons, l. 53",,,
263,57,6,facimus,facimus,–,QVQVNVQ,f.a.c.i.m.u.s,'Q/V\.Q/V\.'N/V\Q,,lat,53,VERB,---,---,facio,wiktionary,---,"Spons, l. 53",,</l>,
264,58,1,uigilare,vigilare,–,QVQVLVRV,v.i.g.i.l.a.r.e,Q/V\.Q/V\.'L/V\.R/V\,,lat,54,VERB,---,---,vigilo,wiktionary,---,"Spons, l. 54",,,<l xml:lang=&quot;lat&quot; n=&quot;54&quot;>
265,58,2,numquid,numquid,–,NVNQRVQ,n.u.m.q.u.i.d,'N/V\N.QR/V\Q,,lat,54,ADV,---,---,numquid,wiktionary,---,"Spons, l. 54",,,
266,58,3,po–|tuimus,potuimus,–,QVQVVNVQ,p.o.t.u.i.m.u.s,Q/V\.'Q/V\./V\.'N/V\Q,,lat,54,VERB,---,---,possum,wiktionary,---,"Spons, l. 54",,</l>,
267,59,1,hunc,hunc,_,QVNQ,h.u.n.c,Q/V\NQ,,lat,55,ADJ,---,---,hic,wiktionary,---,"Spons, l. 55",,,<pb n=&quot;55r&quot; facs=&quot;https://gallica.bnf.fr/ark:/12148/btv1b6000946s/f117.item&quot;/><lb/><l xml:lang=&quot;lat&quot; n=&quot;55&quot;>
268,59,2,laborem,laborem,–,LVQVRVN,l.a.b.o.r.e.m,L/V\.'Q/V\.R/V\N,,lat,55,NOUN,---,---,labor,wiktionary,---,"Spons, l. 55",,,
269,59,3,que,que,–,QRV,q.u.e,QR/V\,,lat,55,PRON,---,---,qui,wiktionary,---,"Spons, l. 55",,,
270,59,4,nunc,nunc,–,NVNQ,n.u.n.c,N/V\NQ,,lat,55,ADV,---,---,nunc,wiktionary,---,"Spons, l. 55",,,
271,59,5,p[er]ferimus,perferimus,–,QVRQVRVNVQ,p.e.r.f.e.r.i.m.u.s,Q/V\R.'Q/V\.R/V\.'N/V\Q,,lat,55,VERB,---,---,perfero,wiktionary,---,"Spons, l. 55",,</l>,
272,60,1,nobis,nobis,–,NVQVQ,n.o.b.i.s,'N/V\.Q/V\Q,,lat,56,PRON,---,---,nos,wiktionary,---,"Spons, l. 56",,,<l xml:lang=&quot;lat&quot; n=&quot;56&quot;>
273,60,2,nos–med,nosmed,_,NVQNVQ,n.o.s.m.e.d,'N/V\Q.N/V\Q,,lat,56,PRON,---,---,nosmet,wiktionary,---,"Spons, l. 56",,,
274,60,3,con–|tulimus,contulimus,_,QVNQVLVNVQ,c.o.n.t.u.l.i.m.u.s,Q/V\N.'Q/V\.L/V\.'N/V\Q,,lat,56,VERB,---,---,confero,wiktionary,---,"Spons, l. 56",,</l>,
275,61,1,Dol[=Dolentas],dolentas,_,dOlENtAS,d.o.l.e.n.t.a.s,d/O\.'l/E\N.t/A\S,d-.o[.-l-.è].-n.t-.a[.-s-,pro,57,ADJ,ADJqua,pfn,dolén,DOM,dolent,"Spons, l. 57",,<supplied reason=&quot;missing&quot;>chaitivas trop i avem dormit</supplied></l></lg>,<lb/><l n=&quot;57&quot;>
276,62,1,Et,et,_,VQ,e.t,/V\Q,,lat,58,,---,---,---,---,---,"Spons, l. 58",,,<lg type=&quot;stanza&quot; met=&quot;decasyllable&quot; rhyme=&quot;aaaab&quot;><l xml:lang=&quot;lat&quot; n=&quot;58&quot;>
277,62,2,de,de,–,QV,d.e,Q/V\,,lat,58,,---,---,---,---,---,"Spons, l. 58",,,
278,62,3,nobis,nobis,–,NVQVQ,n.o.b.i.s,'N/V\.Q/V\Q,,lat,58,,---,---,---,---,---,"Spons, l. 58",,,
279,62,4,mercator,mercator,–,NVRQVQVR,m.e.r.c.a.t.o.r,N/V\R.'Q/V\.Q/V\R,,lat,58,,---,---,---,---,---,"Spons, l. 58",,,
280,62,5,otius,otius,–,VQVVQ,o.t.i.u.s,'/V\.Q/V\.'/V\Q,,lat,58,,---,---,---,---,---,"Spons, l. 58",,</l>,
281,63,1,quas,quas,–,QRVQ,q.u.a.s,QR/V\Q,,lat,59,,---,---,---,---,---,"Spons, l. 59",,,<l xml:lang=&quot;lat&quot; n=&quot;59&quot;>
282,63,2,habeat,habeat,–,QVQVVQ,h.a.b.e.a.t,'Q/V\.Q/V\.'/V\Q,,lat,59,,---,---,---,---,---,"Spons, l. 59",,,
283,63,3,merces,merces,–|,NVRQVQ,m.e.r.c.e.s,'N/V\R.Q/V\Q,,lat,59,,---,---,---,---,---,"Spons, l. 59",,,
284,63,4,quas,quas,–,QRVQ,q.u.a.s,QR/V\Q,,lat,59,,---,---,---,---,---,"Spons, l. 59",,,<lb/>
285,63,5,sotius,sotius,–,QVQVVQ,s.o.t.i.u.s,'Q/V\.Q/V\.'/V\Q,,lat,59,,---,---,---,---,---,"Spons, l. 59",,</l>,
286,64,1,oleum,oleum,–,VLVVN,o.l.e.u.m,'/V\.L/V\.'/V\N,,lat,60,,---,---,---,---,---,"Spons, l. 60",,,<l xml:lang=&quot;lat&quot; n=&quot;60&quot;>
287,64,2,nunc,nunc,–,NVNQ,n.u.n.c,N/V\NQ,,lat,60,,---,---,---,---,---,"Spons, l. 60",,,
288,64,3,querere,querere,–,QRVRVRV,q.u.e.r.e.r.e,'QR/V\.R/V\.'R/V\,,lat,60,,---,---,---,---,---,"Spons, l. 60",,,
289,64,4,uenimus,venimus,–,QVNVNVQ,v.e.n.i.m.u.s,'Q/V\.N/V\.'N/V\Q,,lat,60,,---,---,---,---,---,"Spons, l. 60",,</l>,
290,65,1,negligenter,negligenter,–,NVQLVQVNQVR,n.e.g.l.i.g.e.n.t.e.r,N/V\Q.L/V\.'Q/V\N.Q/V\R,,lat,61,,---,---,---,---,---,"Spons, l. 61",,,<l xml:lang=&quot;lat&quot; n=&quot;61&quot;>
291,65,2,quod,quod,–|,QRVQ,q.u.o.d,QR/V\Q,,lat,61,,---,---,---,---,---,"Spons, l. 61",,,
292,65,3,nosme,nosme,–,NVQNV,n.o.s.m.e,'N/V\Q.N/V\,,lat,61,,---,---,---,---,---,"Spons, l. 61",,,<lb/>
293,65,4,fu(n)dimus,fudimus,_,QVQVNVQ,f.u.d.i.m.u.s,'Q/V\.Q/V\.'N/V\Q,,lat,61,,---,---,---,---,---,"Spons, l. 61",,</l>,
294,66,1,Dol[=Dolentas],dolentas,_,dOlENtAS,d.o.l.e.n.t.a.s,d/O\.'l/E\N.t/A\S,d-.o[.-l-.è].-n.t-.a[.-s-,pro,62,ADJ,ADJqua,pfn,dolén,DOM,dolent,"Spons, l. 62",,<supplied reason=&quot;missing&quot;>chaitivas trop i avem dormit</supplied></l></lg></sp>,<l n=&quot;62&quot;>
295,67,1,De,de,+,dE,d.e,d/(E)\,,pro,63,ADP,PRE,---,de,DOM,de,"Spons, l. 63",,,<sp><speaker><supplied>prudentes</supplied></speaker><lg type=&quot;stanza&quot; met=&quot;decasyllable&quot; rhyme=&quot;aaab&quot;><l n=&quot;63&quot;>
296,67,2,nostr,nostr,+,nɔStr0,n.o.s.t.r.,'n/ɔ\S.tr/[0]\,,pro,63,DET,DETpos,4smr,nòstre,DOM,notre,"Spons, l. 63",,,
297,67,3,oli,oli,–,ɔli,o.l.i,'/ɔ\.l/i\,ò[.-l-.e[(o[),pro,63,NOUN,NOMcom,smr,òli,DOM,huile,"Spons, l. 63",,,
298,67,4,queret,queret,–,kErɛT,qu.e.r.e.t,k/E\.'r/ɛ\T,kw-.e].-rr-.è[.-t-(e[)(-s-),pro,63,VERB,VERcjg,indpst5,quèrre,DOM,quérir,"Spons, l. 63",,,
299,67,5,nos,nos,–,nOS,n.o.s,n/O\S,,pro,63,PRON,PRCper,4pmr,nós,DOM,nous,"Spons, l. 63",,,
300,67,6,a,a,+,A,a,/A\,,pro,63,ADP,PRE,---,a2,DOM,à,"Spons, l. 63",,,
301,67,7,doner,doner,–,dOnɛr,d.o.n.e.r,d/O\.'n/ɛ\r,d-.o[.-n-.à[.-r-(e[),pro,63,VERB,VERinf,---,donar,DOM,donner,"Spons, l. 63",,</l>,
302,68,1,no,no,+,nO,n.o,n/O\,,pro,64,ADV,ADVneg,---,nóN,DOM,ne,"Spons, l. 64",,,<l n=&quot;64&quot;>
303,68,2,n,n,+,N,n,/\n,,pro,64,PRON,PRCadv,---,én3,DOM,en2,"Spons, l. 64",,,
304,68,3,au–|ret,auret,–,AureT,a.u.r.e.t,/A\u.'r/e\T,,pro,64,VERB,VERcjg,indfut5,avér,DOM,avoir,"Spons, l. 64",,,
305,68,4,pont,pont,–,pONT,p.o.n.t,p/O\NT,,pro,64,ADV,ADVneg,---,pónh2,DOM,point2,"Spons, l. 64",,,<lb/>
306,68,5,alet,alet,–,AlɛT,a.l.e.t,/A\.'l/ɛ\T,,pro,64,VERB,VERcjg,imp---5,aller,DMF,aller,"Spons, l. 64",,,
307,68,6,en,en,+,EN,e.n,/E\N,,pro,64,PRON,PRCadv,---,én3,DOM,en2,"Spons, l. 64",,,
308,68,7,a_chapter,achapter,–,AċAPtɛr,a.ch.a.p.t.e.r,/A\.ċ/A\P.'t/ɛ\r,a].-kk-.a].-p.t-.à[.-r-(e[),pro,64,VERB,VERinf,---,acaptar,DOM,acheter,"Spons, l. 64",,</l>,
309,69,1,de,de,+,dE,d.e,d/E\,,pro,65,ADP,PRE,---,de,DOM,de,"Spons, l. 65",,,<l n=&quot;65&quot;>
310,69,2,us,us,–,uS,u.s,/\uS,,pro,65,DET,DETdef,pmr,los,DOM,le,"Spons, l. 65",,,
311,69,3,merchaans,merchaans,–,mErċAANS,m.e.r.ch.a.a.n.s,m/E\r.ċ/A\.'/A\NS,,pro,65,NOUN,NOMcom,pmr,mercan,DOM,marchand,"Spons, l. 65",,,
312,69,4,que,que,+,kE,qu.e,k/(E)\,,pro,65,PRON,PRNrel,pmr,que,DOM,que,"Spons, l. 65",,,
313,69,5,lai,lai,_,LAi,l.a.i,L/A\i,,pro,65,ADV,ADVgen,---,lai,DOM,là,"Spons, l. 65",,,
314,69,6,ue_et,veet,_,vEɛT,v.e.e.t,v/E\.'/ɛ\T,w-.e[(-d-).è[.-t-(e[)(-s-),pro,65,VERB,VERcjg,indpst5,vezér,DOM,voir,"Spons, l. 65",,,
315,69,7,ester,ester,_,EStɛr,e.s.t.e.r,/E\S.'t/ɛ\r,0.s.t-.à[.-r-(e[),pro,65,VERB,VERinf,---,estar,DOM,ester,"Spons, l. 65",,</l>,
316,70,1,Dol.[=Dolentas],dolentas,–,dOlENtAS,d.o.l.e.n.t.a.s,d/O\.'l/E\N.t/A\S,d-.o[.-l-.è].-n.t-.a[.-s-,pro,66,ADJ,ADJqua,pfn,dolén,DOM,dolent,"Spons, l. 66",,<supplied reason=&quot;missing&quot;>chaitivas trop i avem dormit</supplied></l></lg></sp>,<l n=&quot;66&quot;>
317,71,1,Mercatores,mercatores,.|,,,,,lat,---,,---,---,---,---,---,"Spons, f. 55r, rubric",,</speaker>,<sp><speaker>
318,72,1,Domnas,domnas,_,dOmnAS,d.o.m.n.a.s,'d/O\m.n/A\S,d-.ò[.-m-(i[).-n-.a[.-s-,pro,67,NOUN,NOMcom,pfn,dómna,DOM,dame,"Spons, l. 67",,,<lb/><lg type=&quot;stanza&quot; met=&quot;decasyllable&quot; rhyme=&quot;aaaa&quot;><l n=&quot;67&quot;>
319,72,2,gentils,gentils,–,ʤENtiLS,g.e.n.t.i.l.s,ʤ/E\N.'t/i\LS,ɟ-.e].-n.t-.ì[.-l-(e[).-s-,pro,67,ADJ,ADJqua,pfn,gentil,DOM,gentil,"Spons, l. 67",,,
320,72,3,no,no,+,nO,n.o,n/O\,,pro,67,ADV,ADVneg,---,nóN,DOM,ne,"Spons, l. 67",,,
321,72,4,uos,vos,–,vOS,v.o.s,v/O\S,,pro,67,PRON,PRCper,5pfr,vós,DOM,vous,"Spons, l. 67",,,
322,72,5,covent,covent,_,kOvENT,c.o.v.e.n.t,k/O\.'v/E\NT,k-.ò](-n).w-.è[.-n-(e[).-t-,pro,67,VERB,VERcjg,indpst0,convenir,DOM,convenir,"Spons, l. 67",,,
323,72,6,ester,ester,–,EStɛr,e.s.t.e.r,/E\S.'t/ɛ\r,0.s.t-.à[.-r-(e[),pro,67,VERB,VERinf,---,estar,DOM,ester,"Spons, l. 67",,</l>,
324,73,1,ni,ni,+,ni,n.i,n/i\,,pro,68,CCONJ,CONcoo,---,ni,DOM,ne2,"Spons, l. 68",,,<l n=&quot;68&quot;>
325,73,2,lo_iamen,lojamen,–,LOʤAmEn,l.o.j.a.m.e.n,L/O\.ʤ/A\.'m/E\n,,pro,68,ADV,ADVgen,---,longamén,DOM,longuement2,"Spons, l. 68",,,
326,73,3,aici,aici,_,Aisi,a.i.c.i,/A\i.'s/i\,,pro,68,ADV,ADVgen,---,aici,DOM,ici,"Spons, l. 68",,,
327,73,4,a,a,_,A,a,/A\,,pro,68,ADP,PRE,---,a2,DOM,à,"Spons, l. 68",,,
328,73,5,demo–|rer,demorer,–,dEmOrɛr,d.e.m.o.r.e.r,d/E\.m/O\.'r/ɛ\r,d-.e[.-m-.o[.-r-.à[.-r-(e[),pro,68,VERB,VERinf,---,demorar,DOM,demeurer,"Spons, l. 68",,</l>,
329,74,1,cosel,cosel,–,kOseʎ,c.o.s.e.l,k/O\.'s/e\ʎ,k-.o].-n.s-.é[.-lj-(o[),pro,69,NOUN,NOMcom,smr,consélh,DOM,conseil,"Spons, l. 69",,,<lb/><l n=&quot;69&quot;>
330,74,2,queret,queret,–,kErɛT,qu.e.r.e.t,k/E\.'r/ɛ\T,kw-.e].-rr-.è[.-t-(e[)(-s-),pro,69,VERB,VERcjg,imp---5,quèrre,DOM,quérir,"Spons, l. 69",,,
331,74,3,no,no,+,nO,n.o,n/O\,,pro,69,ADV,ADVneg,---,nóN,DOM,ne,"Spons, l. 69",,,
332,74,4,u,u,+,u,u,/\u,,pro,69,PRON,PRCper,3sma,lo3,DOM,le,"Spons, l. 69",,,
333,74,5,uos,vos,–,vOS,v.o.s,v/O\S,,pro,69,PRON,PRCper,5pfr,vós,DOM,vous,"Spons, l. 69",,,
334,74,6,poem,poem,–,pOEm,p.o.e.m,p/O\.'/E\m,p-.o[(-t-).é[.-m-(o[)(-s-),pro,69,VERB,VERcjg,indpst4,podér,DOM,pouvoir2,"Spons, l. 69",,,
335,74,7,doner,doner,–,dOnɛr,d.o.n.e.r,d/O\.'n/ɛ\r,d-.o[.-n-.à[.-r-(e[),pro,69,VERB,VERinf,---,donar,DOM,donner,"Spons, l. 69",,</l>,
336,75,1,queret,queret,–,kErɛT,qu.e.r.e.t,k/E\.'r/ɛ\T,kw-.e].-rr-.è[.-t-(e[)(-s-),pro,70,VERB,VERcjg,imp---5,quèrre,DOM,quérir,"Spons, l. 70",,,<l n=&quot;70&quot;>
337,75,2,lo,lo,_,LO,l.o,L/(O)\,,pro,70,PRON,PRCper,3sma,lo3,DOM,le,"Spons, l. 70",,,
338,75,3,deu,deu,–,dɛu,d.e.u,d/ɛ\u,,pro,70,PROPN,NOMpro,smr,dèu,DOM,Dieu,"Spons, l. 70",,,
339,75,4,chi,chi,_,ki,c.h.i,k/<i>\,,pro,70,PRON,PRNrel,smn,qui,DOM,qui,"Spons, l. 70",,,
340,75,5,uos,vos,–|,vOS,v.o.s,v/O\S,,pro,70,PRON,PRCper,5pfr,vós,DOM,vous,"Spons, l. 70",,,
341,75,6,pot,pot,–,pɔT,p.o.t,p/ɔ\T,p-.ò].-tw-(i[)(-t-),pro,70,VERB,VERcjg,indpst3,podér,DOM,pouvoir2,"Spons, l. 70",,,<lb/>
342,75,7,coseler,coseler,_,kOsEʎɛr,c.o.s.e.l.e.r,k/O\.s/E\.'ʎ/ɛ\r,k-.o](-n).s-.e[.-lj-.à[.-r-(e[),pro,70,VERB,VERinf,---,conselhar,DOM,conseiller2,"Spons, l. 70",,</l></lg>,
343,76,1,Alet,alet,–,AlɛT,a.l.e.t,/A\.'l/ɛ\T,,pro,71,VERB,VERcjg,imp---5,aller,DMF,aller,"Spons, l. 71",,,<lg type=&quot;stanza&quot; met=&quot;decasyllable&quot; rhyme=&quot;aaaa&quot;><l n=&quot;71&quot;>
344,76,2,areir,areir,–,ArEir,a.r.e.i.r,/A\.'r/E\ir,a](-d).r-.è[.-t-.-r-(o[),pro,71,ADV,ADVgen,---,aréire,DOM,arrière,"Spons, l. 71",,,
345,76,3,a,a,+,A,a,/A\,,pro,71,ADP,PRE,---,a2,DOM,à,"Spons, l. 71",,,
346,76,4,uostras,vostras,_,vɔStrAS,v.o.s.t.r.a.s,'v/ɔ\S.tr/A\S,,pro,71,DET,DETpos,5pfr,vòstre,DOM,votre,"Spons, l. 71",,,
347,76,5,sinc,sinc,–,SiNK,s.i.n.c,S/i\NK,,pro,71,NUM,DETcar,pfr,cinc,DOM,cinq,"Spons, l. 71",,,
348,76,6,seros,seros,–,SEroS,s.e.r.o.s,S/E\.'r/o\S,s-.o[.-r-.ó[(-r-)(e[).-s-,pro,71,NOUN,NOMcom,pfr,serór,DOM,soeur,"Spons, l. 71",,</l>,
349,77,1,e,e,+,E,e,/E\,,pro,72,CCONJ,CONcoo,---,e,DOM,et,"Spons, l. 72",,,<l n=&quot;72&quot;> 
350,77,2,pre_iat,preiat,_,prEiAT,p.r.e.i.a.t,pr/E\i.'/A\T,p-.r-.e[.-k-.à[.-t-(e[)(-s-),pro,72,VERB,VERcjg,imp---5,pregar,DOM,prier,"Spons, l. 72",,,
351,77,3,las,las,_,LAS,l.a.s,L/A\S,,pro,72,PRON,PRCper,6pfr,las4,DOM,le,"Spons, l. 72",,,
352,77,4,p[er],per,_,pEr,p.e.r,p/E\r,,pro,72,ADP,PRE,---,pér,DOM,par,"Spons, l. 72",,,
353,77,5,deu,deu,–|,dɛu,d.e.u,d/ɛ\u,,pro,72,PROPN,NOMpro,smr,dèu,DOM,Dieu,"Spons, l. 72",,,
354,77,6,lo,lo,+,LO,l.o,L/(O)\,,pro,72,DET,DETdef,smr,lo2,DOM,le,"Spons, l. 72",,,<lb/>
355,77,7,glorios,glorios,–,gLOrioS,g.l.o.r.i.o.s,gL/O\.r/i\.'/o\S,,pro,72,ADJ,ADJqua,smr,gloriós,DOM,glorieux,"Spons, l. 72",,</l>,
356,78,1,de,de,+,QV,d.e,Q/V\,,lat,73,ADP,PRE,---,de,wiktionary,de,"Spons, l. 73",,,<l n=&quot;73&quot;> 
357,78,2,oleo,oleo,–,VLVV,o.l.e.o,/V\.L/V\.'/V\,,lat,73,NOUN,NOMcom,smr,oleum,wiktionary,huile,"Spons, l. 73",,,
358,78,3,fasen,fasen,–,fAsEn,f.a.s.e.n,'f/A\.s/E\n,f-.à].-kj-.a].-n(-t),pro,73,VERB,VERcjg,subpst6,faire,DOM,faire,"Spons, l. 73",,,
359,78,4,socors,socors,–,SOkorS,s.o.c.o.r.s,S/O\.'k/o\rS,s-.o].-kk-.ó].-r.s-(o[),pro,73,NOUN,NOMcom,smr,secórs,DOM,secours,"Spons, l. 73",,,
360,78,5,a,a,+,A,a,/A\,,pro,73,ADP,PRE,---,a2,DOM,à,"Spons, l. 73",,,
361,78,6,uos,vos,–,voS,v.o.s,v/o\S,,pro,73,PRON,PRNper,5pfr,vós,DOM,vous,"Spons, l. 73",,</l>,
362,79,1,fai_tes,faites,–,fAitES,f.a.i.t.e.s,'f/A\i.t/E\S,f-.à[.-k(i[).t-.e[.-s-,pro,74,VERB,VERcjg,imp---5,faire,DOM,faire,"Spons, l. 74",,,<l n=&quot;74&quot;> 
363,79,2,o,o,+,O,o,/O\,,pro,74,PRON,PRCdem,snr,ó2,DOM,---,"Spons, l. 74",,,
364,79,3,tost,tost,–,tɔST,t.o.s.t,t/ɔ\ST,,pro,74,ADV,ADVgen,---,tòst,DOM,tôt,"Spons, l. 74",,,
365,79,4,q[ue],que,_,kE,qu.e,k/(E)\,,pro,74,SCONJ,CONsub,---,que2,DOM,que,"Spons, l. 74",,,
366,79,5,ia,ja,_,ʤA,j.a,ʤ/A\,,pro,74,ADV,ADVgen,---,ja,DOM,jà,"Spons, l. 74",,,
367,79,6,uenra,venra,–,vENrA,v.e.n.r.a,v/E\N.'r/A\,,pro,74,VERB,VERcjg,indfut3,venir,DOM,venir,"Spons, l. 74",,,
368,79,7,l,l,+,L,l,L/\,,pro,74,DET,DETdef,smn,lo2,DOM,le,"Spons, l. 74",,,
369,79,8,espos,espos,–|,ESpoS,e.s.p.o.s,/E\S.'p/o\S,0.s.p-.ó](-n).s-(o[),pro,74,NOUN,NOMcom,smn,espós,DOM,époux,"Spons, l. 74",,</l></lg></sp>,
370,80,1,A,a,_,V,a,/V\,,lat,75,,---,---,---,---,---,"Spons, l. 75",,,<pb n=&quot;55v&quot; facs=&quot;https://gallica.bnf.fr/ark:/12148/btv1b6000946s/f118.item&quot;/><lb/><sp><speaker><supplied reason=&quot;missing&quot;>fatue</supplied></speaker><lg type=&quot;stanza&quot; met=&quot;decasyllable&quot; rhyme=&quot;aaaab&quot;><l xml:lang=&quot;lat&quot; n=&quot;75&quot;> 
371,80,2,misere,misere,–,NVQVRV,m.i.s.e.r.e,'N/V\.Q/V\.'R/V\,,lat,75,,---,---,---,---,---,"Spons, l. 75",,,
372,80,3,nos,nos,_,NVQ,n.o.s,N/V\Q,,lat,75,,---,---,---,---,---,"Spons, l. 75",,,
373,80,4,ad,ad,_,VQ,a.d,/V\Q,,lat,75,,---,---,---,---,---,"Spons, l. 75",,,
374,80,5,quid,quid,–,QRVQ,q.u.i.d,QR/V\Q,,lat,75,,---,---,---,---,---,"Spons, l. 75",,,
375,80,6,uenimus,venimus,–,QVNVNVQ,v.e.n.i.m.u.s,'Q/V\.N/V\.'N/V\Q,,lat,75,,---,---,---,---,---,"Spons, l. 75",,</l>,
376,81,1,nil,nil,_,NVL,n.i.l,N/V\L,,lat,76,,---,---,---,---,---,"Spons, l. 76",,,<l xml:lang=&quot;lat&quot; n=&quot;76&quot;> 
377,81,2,est,est,–,VQQ,e.s.t,/V\QQ,,lat,76,,---,---,---,---,---,"Spons, l. 76",,,
378,81,3,enim,enim,–,VNVN,e.n.i.m,'/V\.N/V\N,,lat,76,,---,---,---,---,---,"Spons, l. 76",,,
379,81,4,illut,illut,–,VLLVQ,i.l.l.u.t,'/V\L.L/V\Q,,lat,76,,---,---,---,---,---,"Spons, l. 76",,,
380,81,5,quod,quod,–,QRVQ,q.u.o.d,QR/V\Q,,lat,76,,---,---,---,---,---,"Spons, l. 76",,,
381,81,6,querim[us],querimus,–|,QRVRVNVQ,q.u.e.r.i.m.u.s,'QR/V\.R/V\.'N/V\Q,,lat,76,,---,---,---,---,---,"Spons, l. 76",,</l>,
382,82,1,fa_tatum,fatatum,–,QVQVQVN,f.a.t.a.t.u.m,Q/V\.'Q/V\.Q/V\N,,lat,77,,---,---,---,---,---,"Spons, l. 77",,,<lb/><l xml:lang=&quot;lat&quot; n=&quot;77&quot;> 
383,82,2,est,est,–,VQQ,e.s.t,/V\QQ,,lat,77,,---,---,---,---,---,"Spons, l. 77",,,
384,82,3,[et],et,+,VQ,e.t,/V\Q,,lat,77,,---,---,---,---,---,"Spons, l. 77",,,
385,82,4,nos,nos,–,NVQ,n.o.s,N/V\Q,,lat,77,,---,---,---,---,---,"Spons, l. 77",,,
386,82,5,uidebimus,videbimus,–,QVQVQVNVQ,v.i.d.e.b.i.m.u.s,Q/V\.'Q/V\.Q/V\.'N/V\Q,,lat,77,,---,---,---,---,---,"Spons, l. 77",,</l>,
387,83,1,ad,ad,_,VQ,a.d,/V\Q,,lat,78,,---,---,---,---,---,"Spons, l. 78",,,<l xml:lang=&quot;lat&quot; n=&quot;78&quot;> 
388,83,2,nuptias,nuptias,–,NVQQVVQ,n.u.p.t.i.a.s,'N/V\Q.Q/V\.'/V\Q,,lat,78,,---,---,---,---,---,"Spons, l. 78",,,
389,83,3,numquam,numquam,–,NVNQRVN,n.u.m.q.u.a.m,'N/V\N.QR/V\N,,lat,78,,---,---,---,---,---,"Spons, l. 78",,,
390,83,4,intrabim[us],intrabimus,_,VNQRVQVNVQ,i.n.t.r.a.b.i.m.u.s,/V\N.'QR/V\.Q/V\.'N/V\Q,,lat,78,,---,---,---,---,---,"Spons, l. 78",,</l>,
391,84,1,Dol[=Dolentas],dolentas,–|,dOlENtAS,d.o.l.e.n.t.a.s,d/O\.'l/E\N.t/A\S,d-.o[.-l-.è].-n.t-.a[.-s-,pro,79,ADJ,ADJqua,pfn,dolén,DOM,dolent,"Spons, l. 79",,<supplied reason=&quot;missing&quot;>chaitivas trop i avem dormit</supplied></l></lg>,<l n=&quot;79&quot;>
392,85,1,M[odo],modo,_,,,,,lat,---,,---,---,---,---,---,"Spons, f. 55v, rubric",,,<lb/><stage type=&quot;entrance&quot;><p><s xml:lang=&quot;lat&quot;>
393,85,2,ueniat,veniat,_,,,,,lat,---,,---,---,---,---,---,"Spons, f. 55v, rubric",,,
394,85,3,spo[n]sus,sponsus,_,,,,,lat,---,,---,---,---,---,---,"Spons, f. 55v, rubric",,</s></p></stage>,
395,86,1,Avdi,audi,–,VQV,au.d.i,'/V\.Q/V\,,lat,80,,---,---,---,---,---,"Spons, l. 80",,,<lg xml:lang=&quot;lat&quot; type=&quot;stanza&quot; met=&quot;decasyllable&quot; rhyme=&quot;aaa&quot;><l n=&quot;80&quot;>
396,86,2,sponse,sponse,–,QQVNQV,s.p.o.n.s.e,'QQ/V\N.Q/V\,,lat,80,,---,---,---,---,---,"Spons, l. 80",,,
397,86,3,uo_ces,voces,–,QVQVQ,v.o.c.e.s,'Q/V\.Q/V\Q,,lat,80,,---,---,---,---,---,"Spons, l. 80",,,
398,86,4,plan_gentium,plangentium,–,QLVNQVNQVVN,p.l.a.n.g.e.n.t.i.u.m,QL/V\N.'Q/V\N.Q/V\.'/V\N,,lat,80,,---,---,---,---,---,"Spons, l. 80",,</l>,
399,87,1,ap[er]_ire,aperire,–,VQVRVRV,a.p.e.r.i.r.e,/V\.Q/V\.'R/V\.R/V\,,lat,81,,---,---,---,---,---,"Spons, l. 81",,,<l n=&quot;81&quot;>
400,87,2,fac,fac,_,QVQ,f.a.c,Q/V\Q,,lat,81,,---,---,---,---,---,"Spons, l. 81",,,
401,87,3,nobis,nobis,–,NVQVQ,n.o.b.i.s,'N/V\.Q/V\Q,,lat,81,,---,---,---,---,---,"Spons, l. 81",,,
402,87,4,ostium,ostium,–,VQQVVN,o.s.t.i.u.m,'/V\Q.Q/V\.'/V\N,,lat,81,,---,---,---,---,---,"Spons, l. 81",,</l>,
403,88,1,cum,cum,–|,QVN,c.u.m,Q/V\N,,lat,82,,---,---,---,---,---,"Spons, l. 82",,,<l n=&quot;82&quot;>
404,88,2,sotiis,sotiis,–,QVQVVQ,s.o.t.i.i.s,'Q/V\.Q/V\.'/V\Q,,lat,82,,---,---,---,---,---,"Spons, l. 82",,,<lb/>
405,88,3,prebe,prebe,–,QRVQV,p.r.e.b.e,'QR/V\.Q/V\,,lat,82,,---,---,---,---,---,"Spons, l. 82",,,
406,88,4,remedi_um,remedium,–,RVNVQVVN,r.e.m.e.d.i.u.m,R/V\.'N/V\.Q/V\.'/V\N,,lat,82,,---,---,---,---,---,"Spons, l. 82",,</l></lg></sp>,
407,89,1,M[odo],modo,_,,,,,lat,---,,---,---,---,---,---,"Spons, f. 55v, rubric",,,<sp><speaker>
408,89,2,veniat,veniat,.,,,,,lat,---,,---,---,---,---,---,"Spons, f. 55v, rubric",,,
409,89,3,SPO[N]S[US],sponsus,.,,,,,lat,---,,---,---,---,---,---,"Spons, f. 55v, rubric",,,
410,89,4,CHR[ISTU]S,christus,.,,,,,lat,---,,---,---,---,---,---,"Spons, f. 55v, rubric",,</speaker>,
411,90,1,A_men,amen,_,VNVN,a.m.e.n,'/V\.N/V\N,,lat,83,,---,---,---,---,---,"Spons, l. 83",,,<lg xml:lang=&quot;lat&quot; type=&quot;couplet&quot; met=&quot;4+4+7pp&quot; rhyme=&quot;aa&quot;><l n=&quot;83&quot;>
412,90,2,dico,dico,_,QVQV,d.i.c.o,'Q/V\.Q/V\,,lat,83,,---,---,---,---,---,"Spons, l. 83",,,
413,90,3,uos,vos,–,QVQ,v.o.s,Q/V\Q,,lat,83,,---,---,---,---,---,"Spons, l. 83",,,
414,90,4,ignos–|co,ignosco,–,VQNVQQV,i.g.n.o.s.c.o,/V\Q.'N/V\Q.Q/V\,,lat,83,,---,---,---,---,---,"Spons, l. 83",,,
415,90,5,nam,nam,–,NVN,n.a.m,N/V\N,,lat,83,,---,---,---,---,---,"Spons, l. 83",,,<lb/>
416,90,6,caretis,caretis,–,QVRVQVQ,c.a.r.e.t.i.s,Q/V\.'R/V\.Q/V\Q,,lat,83,,---,---,---,---,---,"Spons, l. 83",,,
417,90,7,lumine,lumine,–,LVNVNV,l.u.m.i.n.e,'L/V\.N/V\.'N/V\,,lat,83,,---,---,---,---,---,"Spons, l. 83",,</l>,
418,91,1,quod,quod,–,QRVQ,q.u.o.d,QR/V\Q,,lat,84,,---,---,---,---,---,"Spons, l. 84",,,<l n=&quot;84&quot;>
419,91,2,q[u]i,qui,_,QRV,q.u.i,QR/V\,,lat,84,,---,---,---,---,---,"Spons, l. 84",,,
420,91,3,p[er]gunt[=perdunt],perdunt,–,QVRQVNQ,p.e.r.d.u.n.t,'Q/V\R.Q/V\NQ,,lat,84,,---,---,---,---,---,"Spons, l. 84",,,
421,91,4,p[ro]_cul,procul,–,QRVQVL,p.r.o.c.u.l,'QR/V\.Q/V\L,,lat,84,,---,---,---,---,---,"Spons, l. 84",,,
422,91,5,p[er]gunt,pergunt,–,QVRQVNQ,p.e.r.g.u.n.t,'Q/V\R.Q/V\NQ,,lat,84,,---,---,---,---,---,"Spons, l. 84",,,
423,91,6,huius,huius,_,QVRVQ,h.u.i.u.s,'Q/V\.R/V\Q,,lat,84,,---,---,---,---,---,"Spons, l. 84",,,
424,91,7,au–|le,aule,–,VLV,au.l.e,'/V\.L/V\,,lat,84,,---,---,---,---,---,"Spons, l. 84",,,
425,91,8,lumine[=limine],limine,–,LVNVNV,l.i.m.i.n.e,'L/V\.N/V\.'N/V\,,lat,84,,---,---,---,---,---,"Spons, l. 84",,</l></lg>,<lb/>
426,92,1,Al[et],alet,–,AlɛT,a.l.e.t,/A\.'l/ɛ\T,,pro,85,VERB,VERcjg,imp---5,aller,DMF,aller,"Spons, l. 85",,,<lg type=&quot;stanza&quot; met=&quot;decasyllable&quot; rhyme=&quot;aaa&quot;><l n=&quot;85&quot;>
427,92,2,chaitiuas,chaitivas,–,ċAitivAS,ch.a.i.t.i.v.a.s,ċ/A\i.'t/i\.v/A\S,k-.a].-p.t-.ì[.-w-.a[.-s-,pro,85,ADJ,ADJqua,pfn,caitiu,DOM,chétif,"Spons, l. 85",,,
428,92,3,al[et],alet,–,AlɛT,a.l.e.t,/A\.'l/ɛ\T,,pro,85,VERB,VERcjg,imp---5,aller,DMF,aller,"Spons, l. 85",,,
429,92,4,malaureas,malaureas,–,mAlAyrɛAS,m.a.l.a.u.r.e.a.s,m/A\.l/A\./y\.'r/ɛ\./A\S,,pro,85,ADJ,ADJqua,pfn,malaürat,DOM,malheuré,"Spons, l. 85",,</l>,
430,93,1,a,a,+,A,a,/A\,,pro,86,ADP,PRE,---,a2,DOM,à,"Spons, l. 86",,,<l n=&quot;86&quot;>
431,93,2,tot,tot,_,toT,t.o.t,t/o\T,,pro,86,DET,DETdef,pmr,tót,DOM,tout,"Spons, l. 86",,,
432,93,3,iors,jors,–,ʤorS,j.o.r.s,ʤ/o\rS,dj-.ó].-r(n-)(o[).-s-,pro,86,NOUN,NOMcom,pmr,jórn,DOM,jour,"Spons, l. 86",,,
433,93,4,mais,mais,–,mAiS,m.a.i.s,m/A\iS,,pro,86,ADV,ADVgen,---,mais,DOM,mais,"Spons, l. 86",,,
434,93,5,uos,vos,–|,vOS,v.o.s,v/O\S,,pro,86,PRON,PRCper,5pfr,vós,DOM,vous,"Spons, l. 86",,,
435,93,6,so,so,_,So,s.o,S/o\,s-.ò](-n)(-t),pro,86,AUX,VERcjg,indpst6,èser,DOM,être,"Spons, l. 86",,,<lb/>
436,93,7,penas,penas,–,pEnAS,p.e.n.a.s,'p/E\.n/A\S,p-.é[.-n-.a[.-s-,pro,86,NOUN,NOMcom,pfn,péna,DOM,peine,"Spons, l. 86",,,
437,93,8,liureas,liureas,–,LiurɛAS,l.i.u.r.e.a.s,L/i\u.'r/ɛ\./A\S,l-.i[.-b-(e[).-r-.à[(-t-).a[.-s-,pro,86,VERB,VERppe,pfn,liurar2,DOM,livrer,"Spons, l. 86",,</l>,
438,94,1,en,en,+,EN,e.n,/E\N,,pro,87,ADP,PRE,---,én,DOM,en,"Spons, l. 87",,,<l n=&quot;87&quot;>
439,94,2,efern,efern,–,Efɛrn,e.f.e.r.n,/E\.'f/ɛ\rn,e](-n).f-.è].-r.n-(o[),pro,87,NOUN,NOMcom,smr,enfèrn,DOM,enfer,"Spons, l. 87",,,
440,94,3,ora,ora,_,orA,o.r.a,'/o\.r/(A)\,,pro,87,ADV,ADVgen,---,óra,DOM,or2,"Spons, l. 87",,,
441,94,4,ser[et],seret,–,SEreT,s.e.r.e.t,S/E\.'r/e\T,,pro,87,AUX,VERcjg,indfut5,èser,DOM,être,"Spons, l. 87",,,
442,94,5,menei_a_s,meneias,–,mEnɛAS,m.e.n.ei.a.s,m/E\.'n/ɛ\./A\S,m-.e[.-n-.à[(-t-).a[.-s-,pro,87,VERB,VERppe,pfn,menar,DOM,mener,"Spons, l. 87",,</l></lg></sp>,
443,95,1,M[odo],modo,_,,,,,lat,---,,---,---,---,---,---,"Spons, f. 55v, rubric",,,<stage type=&quot;exit&quot;><p><s xml:lang=&quot;lat&quot;>
444,95,2,accipiant,accipiant,–,,,,,lat,---,,---,---,---,---,---,"Spons, f. 55v, rubric",,,
445,95,3,eas,eas,_,,,,,lat,---,,---,---,---,---,---,"Spons, f. 55v, rubric",,,
446,95,4,demones,demones,–|,,,,,lat,---,,---,---,---,---,---,"Spons, f. 55v, rubric",,,
447,95,5,[et],et,+,,,,,lat,---,,---,---,---,---,---,"Spons, f. 55v, rubric",,,<lb/>
448,95,6,p[re]cipite[n]t[ur],precipitentur,_,,,,,lat,---,,---,---,---,---,---,"Spons, f. 55v, rubric",,,
449,95,7,in,in,_,,,,,lat,---,,---,---,---,---,---,"Spons, f. 55v, rubric",,,
450,95,8,i[n]fernu[m],infernum,|,,,,,lat,---,,---,---,---,---,---,"Spons, f. 55v, rubric",,</s></p></stage></body></text>,
