wd_id,line_id,line_wd,textlineid,ref,dipl,word,phon,map,wd_div,lang,pos,pos_syn,morph,lemma,lemma_src,lemma_dmf,phil_note,tei_right,tei_left
600,107,1,106,"AlexAlb, final letter (f. 116r)",V,V,,,|,fro,---,---,,---,---,,,</l></lg></body></text>,<lg><l n=&quot;106&quot;>
20,4,1,3,"AlexAlb, l. 3",est,est,,,_,lat,ETR,ETR,---,---,---,,,,<l xml:lang=&quot;lat&quot; n=&quot;3&quot;><q>
21,4,2,3,"AlexAlb, l. 3",uanitatu[m],vanitatum,,,+,lat,ETR,ETR,---,---,---,,,,
22,4,3,3,"AlexAlb, l. 3",uanitas,vanitas,,,.|,lat,ETR,ETR,---,---,---,,,</q></l>,
23,5,1,4,"AlexAlb, l. 4",[et],et,,,_,lat,ETR,ETR,---,---,---,,,,<l xml:lang=&quot;lat&quot; n=&quot;4&quot;><q>
24,5,2,4,"AlexAlb, l. 4",uniuersa,universa,,,_,lat,ETR,ETR,---,---,---,,,,
25,5,3,4,"AlexAlb, l. 4",uanitas,vanitas,,,.,lat,ETR,ETR,---,---,---,,,</q></l>,
3,1,3,---,"AlexAlb, l. 1 (f. 115r)",a,a,A,a,+,fro,PRE,PRE,---,à,DMF,à,,,
9,2,3,1,"AlexAlb, l. 1 (f. 115v)",a,a,A,a,+,fro,PRE,PRE,---,à,DMF,à,,,
171,33,3,32,"AlexAlb, l. 32",a,a,A,a,+,fro,PRE,PRE,---,à,DMF,à,,,
201,38,4,37,"AlexAlb, l. 37",a,a,A,a,+,fro,PRE,PRE,---,à,DMF,à,,,
206,39,2,38,"AlexAlb, l. 38",a,a,A,a,+,fro,PRE,PRE,---,à,DMF,à,,,
228,42,3,41,"AlexAlb, l. 41",a,a,A,a,+,fro,PRE,PRE,---,à,DMF,à,,,
241,44,2,43,"AlexAlb, l. 43",ad,ad,Að,a.d,+,fro,PRE,PRE,---,à,DMF,à,,,
437,79,1,78,"AlexAlb, l. 78",a,a,A,a,_,fro,PRE,PRE,---,à,DMF,à,,,<l n=&quot;78&quot;>
441,79,5,78,"AlexAlb, l. 78",ad,ad,Að,a.d,_,fro,PRE,PRE,---,à,DMF,à,,,
516,93,3,92,"AlexAlb, l. 92",a,a,A,a,+,fro,PRE,PRE,---,à,DMF,à,,,
519,93,6,92,"AlexAlb, l. 92",a,a,A,a,+,fro,PRE,PRE,---,à,DMF,à,,,
563,100,7,99,"AlexAlb, l. 99",a,a,A,a,+,fro,PRE,PRE,---,à,DMF,à,,,
587,104,5,103,"AlexAlb, l. 103",ad,ad,Að,a.d,+,fro,PRE,PRE,---,à,DMF,à,,,
462,83,4,82,"AlexAlb, l. 82",affactaz,affactaz,AfAktAÇ,a.ff.a.c.t.a.z,.,fro,VERppe,VERppe,pmr,affaiter,DMF,affaiter,,</l>,
390,70,5,69,"AlexAlb, l. 69",aformad,aformad,AformAð,a.f.o.r.m.a.d,.|,fro,VERppe,VERppe,smr,aformer,TL,,,</l>,
521,94,1,93,"AlexAlb, l. 93",agayt,agayt,AgAiT,a.g.a.y.t,_,fro,NOMcom,NOMcom,smr,aguet,DMF,aguet,,,<l n=&quot;93&quot;>
428,77,1,76,"AlexAlb, l. 76",eylay,eylay,EilAi,e.y.l.a.y,_,fro,ADVgen,ADVgen,---,ailai,DOM,,lemma_AlexAlbZ:401,,<l n=&quot;76&quot;>
305,56,6,55,"AlexAlb, l. 55",an_ceys,anceys,ANʦEiS,a.n.c.e.y.s,.,fro,ADVgen,ADVgen,---,ainçois,DMF,ainçois,,</l>,
163,32,2,31,"AlexAlb, l. 31",anz,anz,ANÇ,a.n.z,_,fro,ADVgen,ADVgen,---,ains,DMF,ains,,,
184,35,5,34,"AlexAlb, l. 34",ainz,ainz,AiNÇ,a.i.n.z,_,fro,ADVgen,ADVgen,---,ains,DMF,ains,,,
234,43,2,42,"AlexAlb, l. 42",hanc,hanc,ANK,ha.n.c,|,fro,ADVgen,ADVgen,---,ains,DMF,ains,,,
448,81,1,80,"AlexAlb, l. 80",aysi,aysi,Aisi,a.y.s.i,+,fro,ADVgen,ADVgen,---,ainsi,DMF,ainsi,,,<l n=&quot;80&quot;>
134,25,6,24,"AlexAlb, l. 24",aleuament,alevament,AlEvAmENT,a.l.e.v.a.m.e.n.t,.,fro,NOMcom,NOMcom,smr,alevamén,DOM,,,</l>,
94,18,2,17,"AlexAlb, l. 17",alexander,alexander,AlEKSANdEr,a.l.e.x..a.n.d.e.r,_,lat,NOMcom,NOMcom,smn,Alexander,wiktionary,,,,
141,27,3,26,"AlexAlb, l. 26",alexandre,alexandre,AlEKSANdrə,a.l.e.x..a.n.d.r.e,|,fro,NOMpro,NOMpro,smr,Alexandre,wikipedia.fr,,,,
227,42,2,41,"AlexAlb, l. 41",alexandre,alexandre,AlEKSANdrə,a.l.e.x..a.n.d.r.e,_,fro,NOMpro,NOMpro,smr,Alexandre,wiktionary,,,,
248,46,2,45,"AlexAlb, l. 45",alexandre,alexandre,AlEKSANdrə,a.l.e.x..a.n.d.r.e,_,fro,NOMpro,NOMpro,smr,Alexandre,wiktionary,,,,
251,47,2,46,"AlexAlb, l. 46",alexander,alexander,AlEKSANdEr,a.l.e.x..a.n.d.e.r,_,fro,NOMpro,NOMpro,smn,Alexandre,wiktionary,,,,
415,75,2,74,"AlexAlb, l. 74",uay,vay,vAi,v.a.y,_,fro,VERcjg,VERcjg,indpst3,aller,DMF,aller,,,
386,70,1,69,"AlexAlb, l. 69",ample,ample,ANpLə,a.m.p.l.e,_,fro,ADJqua,ADJqua,smr,ample,DMF,ample,,,<l n=&quot;69&quot;>
200,38,3,37,"AlexAlb, l. 37",amint,amint,AmiNT,a.m.i.n.t,_,fro,NOMpro,NOMpro,smr,Amyntas,wikipedia.fr,,,,
420,75,7,74,"AlexAlb, l. 74",an,an,An,a.n,_,fro,NOMcom,NOMcom,smr,an,DMF,an,,,
64,12,8,11,"AlexAlb, l. 11",antic,antic,ANtik,a.n.t.i.c,.,fro,ADJqua,ADJqua,smr,antif,DMF,antif,,</l>,
39,8,4,7,"AlexAlb, l. 7",antiquitas,antiquitas,ANtikitAS,a.n.t.i.qu.i.t.a.s,.,lat,NOMcom,NOMcom,sfn,antiquitas,wiktionary,,,</l>,
413,74,5,73,"AlexAlb, l. 73",apensad,apensad,ApENSAð,a.p.e.n.s.a.d,.,fro,VERppe,VERppe,smr,apenser,DMF,apenser,,</l>,
186,36,1,35,"AlexAlb, l. 35",echel,echel,Ekel,e.ch.e.l,_,fro,PRNdem,PRNdem,smn,aquél,DOM,,lemma_AlexAlbZ:400,,<l n=&quot;35&quot;>
465,84,3,83,"AlexAlb, l. 83",arz,arz,ArÇ,a.r.z,_,fro,NOMcom,NOMcom,pfr,art,DMF,art,,,
144,28,2,27,"AlexAlb, l. 27",alquant,alquant,ALkANT,a.l.qu.a.n.t,|,fro,PRNind,PRNind,pmn,auquant,DMF,auquant,,,
313,58,2,57,"AlexAlb, l. 57",altre,altre,ALtrə,a.l.t.r.e,_,fro,ADJind,ADJind,smn,autre,DMF,autre,,,
423,76,2,75,"AlexAlb, l. 75",altre,altre,ALtrə,a.l.t.r.e,|,fro,ADJind,ADJind,smn,autre,DMF,autre,,,
356,64,3,63,"AlexAlb, l. 63",altre,altre,ALtrə,a.l.t.r.e,_,fro,PRNind,PRNind,smr,autre,DMF,autre,,,
527,95,3,94,"AlexAlb, l. 94",altre,altre,ALtrə,a.l.t.r.e,_,fro,PRNind,PRNind,smn,autre,DMF,autre,,,
400,72,4,71,"AlexAlb, l. 71",aual,aval,AvAl,a.v.a.l,_,fro,ADVgen,ADVgen,---,aval,DMF,aval,,,
408,73,6,72,"AlexAlb, l. 72",auigurad,avigurad,AvigyrAð,a.v.i.g.u.r.a.d,.,fro,VERppe,VERppe,smr,avigorer,DMF,avigorer,,</l>,
125,24,4,23,"AlexAlb, l. 23",ab,ab,AP,a.b,|,fro,VERcjg,VERcjg,indpsp0,avoir,DMF,avoir,morph_AlexAlbZ:405,,
137,26,3,25,"AlexAlb, l. 25",ey,ey,Ei,e.y,|,fro,VERcjg,VERcjg,indpst1,avoir,DMF,avoir,,,
176,34,2,33,"AlexAlb, l. 33",ab,ab,AP,a.b,_,fro,VERcjg,VERcjg,indpsp3,avoir,DMF,avoir,,,
210,39,6,38,"AlexAlb, l. 38",ab,ab,AP,a.b,_,fro,VERcjg,VERcjg,indpsp3,avoir,DMF,avoir,,,
307,57,2,56,"AlexAlb, l. 56",ab,ab,AP,a.b,_,fro,VERcjg,VERcjg,indpsp3,avoir,DMF,avoir,,,
334,61,2,60,"AlexAlb, l. 60",ab,ab,AP,a.b,_,fro,VERcjg,VERcjg,indpsp3,avoir,DMF,avoir,,,
349,63,4,62,"AlexAlb, l. 62",ab,ab,AP,a.b,_,fro,VERcjg,VERcjg,indpsp3,avoir,DMF,avoir,,,
372,67,2,66,"AlexAlb, l. 66",ab,ab,AP,a.b,_,fro,VERcjg,VERcjg,indpsp3,avoir,DMF,avoir,,,
460,83,2,82,"AlexAlb, l. 82",ab,ab,AP,a.b,_,fro,VERcjg,VERcjg,indpsp3,avoir,DMF,avoir,,,
595,106,2,105,"AlexAlb, l. 105",ad,ad,Að,a.d,_,fro,VERcjg,VERcjg,indpst0,avoir,DMF,avoir,,,
204,38,7,37,"AlexAlb, l. 37",baron,baron,bArOn,b.a.r.o.n,.,fro,NOMcom,NOMcom,smr,baron,DMF,baron,,</l>,
370,66,5,65,"AlexAlb, l. 65",baron,baron,bArOn,b.a.r.o.n,.,fro,NOMcom,NOMcom,smr,baron,DMF,baron,,</l></lg>,
74,14,3,13,"AlexAlb, l. 13",batalle,batalle,bAtAʎə,b.a.t.a.ll.e,|,fro,NOMcom,NOMcom,sfr,bataille,DMF,bataille,,,
366,66,1,65,"AlexAlb, l. 65",beyn,beyn,bEin,b.e.y.n,_,fro,ADVgen,ADVgen,---,bien,DMF,bien,,,<l n=&quot;65&quot;>
375,67,5,66,"AlexAlb, l. 66",beyn,beyn,bEin,b.e.y.n,_,fro,ADVgen,ADVgen,---,bien,DMF,bien,,,
401,72,5,71,"AlexAlb, l. 71",beyn,beyn,bEin,b.e.y.n,_,fro,ADVgen,ADVgen,---,bien,DMF,bien,,,
461,83,3,82,"AlexAlb, l. 82",beyn,beyn,bEin,b.e.y.n,_,fro,ADVgen,ADVgen,---,bien,DMF,bien,,,
466,84,4,83,"AlexAlb, l. 83",beyn,beyn,bEin,b.e.y.n,_,fro,ADVgen,ADVgen,---,bien,DMF,bien,,,
471,85,4,84,"AlexAlb, l. 84",beyn,beyn,bEin,b.e.y.n,_,fro,ADVgen,ADVgen,---,bien,DMF,bien,,,
494,89,5,88,"AlexAlb, l. 88",beyn,beyn,bEin,b.e.y.n,_,fro,ADVgen,ADVgen,---,bien,DMF,bien,,,
479,86,6,85,"AlexAlb, l. 85",bontaz,bontaz,bONtAÇ,b.o.n.t.a.z,.,fro,NOMcom,NOMcom,sfr,bonté,DMF,bonté,,</l>,
407,73,5,72,"AlexAlb, l. 72",braz,braz,brAÇ,b.r.a.z,|,fro,NOMcom,NOMcom,smr,bras,DMF,bras,,,
392,71,2,70,"AlexAlb, l. 70",bu,bu,by,b.u,_,fro,NOMcom,NOMcom,smr,bu,DMF,bu,,,
281,53,1,52,"AlexAlb, l. 52",ianget,janget,ʤANʤèT,j.a.n.g.e.t,|,fro,VERcjg,VERcjg,indpsp3,changer,DMF,changer,,,<l n=&quot;52&quot;>
586,104,4,103,"AlexAlb, l. 103",cant,cant,kANT,c.a.n.t,_,fro,NOMcom,NOMcom,smr,chant,DMF,chant,,,
432,77,5,76,"AlexAlb, l. 76",caualleyr,cavalleyr,kAvAlEir,c.a.v.a.ll.e.y.r,.,fro,NOMcom,NOMcom,smr,chevalier,DMF,chevalier,,</l>,
379,68,3,67,"AlexAlb, l. 67",cabeyl,cabeyl,kAbeʎ,c.a.b.e.yl,_,fro,NOMcom,NOMcom,smr,cheveu,DMF,cheveu,,,
556,99,7,98,"AlexAlb, l. 98",cabir,cabir,ċAbir,c.a.b.i.r,.,fro,VERinf,VERinf,---,chevir,DMF,chevir,,</l>,
225,41,6,40,"AlexAlb, l. 40",iausir,jausir,ʤAuzir,j.a.u.s.i.r,.,fro,VERinf,VERinf,---,choisir,DMF,choisir,,</l>,
544,97,7,96,"AlexAlb, l. 96",iausir,jausir,ʤAuzir,j.a.u.s.i.r,.,fro,VERinf,VERinf,---,choisir,DMF,choisir,,</l>,
223,41,4,40,"AlexAlb, l. 40",cel,cel,ʦèl,c.e.l,_,fro,NOMcom,NOMcom,smr,ciel,DMF,ciel,,,
283,53,3,52,"AlexAlb, l. 52",cels,cels,ʦèLS,c.e.l.s,_,fro,NOMcom,NOMcom,smn,ciel,DMF,ciel,,,
597,106,4,105,"AlexAlb, l. 105",cel,cel,ʦèl,c.e.l,_,fro,NOMcom,NOMcom,smr,ciel,DMF,ciel,,,
130,25,2,24,"AlexAlb, l. 24",chest,chest,XeST,ch.e.s.t,_,fro,PRNdem,PRNdem,smr,cist,DMF,cist,,,
371,67,1,66,"AlexAlb, l. 66",Clar,clar,kLAr,c.l.a.r,_,fro,ADJqua,ADJqua,smr,clair,DMF,clair,,,<lg n=&quot;10&quot; type=&quot;laisse&quot; met=&quot;octosyllable&quot;><l n=&quot;66&quot;>
575,102,5,101,"AlexAlb, l. 101",clar,clar,kLAr,c.l.a.r,|,fro,ADJqua,ADVgen,---,clair,DMF,clair,,,
274,51,5,50,"AlexAlb, l. 50",claritaz,claritaz,kLAritAÇ,c.l.a.r.i.t.a.z,.|,fro,NOMcom,NOMcom,pfr,clarité,DMF,clarité,,</l>,
19,3,7,2,"AlexAlb, l. 2",clas,clas,kLAS,c.l.a.s,.,fro,NOMcom,NOMcom,smr,clas,DMF,clas,lemma_MölkHoltus1999:605,</l>,
383,69,3,68,"AlexAlb, l. 68",collet,collet,koLlèT,c.o.l.l.e.t,_,fro,NOMcom,NOMcom,smr,collet,DMF,collet,,,
385,69,5,68,"AlexAlb, l. 68",colorad,colorad,kolorAð,c.o.l.o.r.a.d,.,fro,VERppe,VERppe,smr,colorer,DMF,colorer,,</l>,
343,62,4,61,"AlexAlb, l. 61",coma,coma,kOmə,c.o.m.a,_,fro,NOMcom,NOMcom,sfr,come,DMF,come,,,
93,18,1,17,"AlexAlb, l. 17",cu[m],cum,kOm,c.u.m,_,fro,CONsub,CONsub,---,comme,DMF,comme,,,<l n=&quot;17&quot;>
328,60,4,59,"AlexAlb, l. 59",cu[m],cum,kOm,c.u.m,_,fro,CONsub,CONsub,---,comme,DMF,comme,,,
337,61,5,60,"AlexAlb, l. 60",cu[m],cum,kOm,c.u.m,_,fro,CONsub,CONsub,---,comme,DMF,comme,,,
342,62,3,61,"AlexAlb, l. 61",cu[m],cum,kOm,c.u.m,_,fro,CONsub,CONsub,---,comme,DMF,comme,,,
351,63,6,62,"AlexAlb, l. 62",cu[m],cum,kOm,c.u.m,_,fro,CONsub,CONsub,---,comme,DMF,comme,,,
358,64,5,63,"AlexAlb, l. 63",cu[m],cum,kOm,c.u.m,_,fro,CONsub,CONsub,---,comme,DMF,comme,,,
453,82,1,81,"AlexAlb, l. 81",cu[m],cum,kOm,c.u.m,_,fro,CONsub,CONsub,---,comme,DMF,comme,,,<l n=&quot;81&quot;>
594,106,1,105,"AlexAlb, l. 105",cu[m],cum,kOm,c.u.m,+,fro,CONsub,CONsub,---,comme,DMF,comme,,,<l n=&quot;105&quot;>
87,16,4,15,"AlexAlb, l. 15",cun|quesist,cunquesist,kONkEziST,c.u.n.qu.e.s.i.s.t,.,fro,VERcjg,VERcjg,subipf3,conquérir,DMF,conquérir,,</l>,
476,86,3,85,"AlexAlb, l. 85",conseyl,conseyl,kONSEʎ,c.o.n.s.e.yl,_,fro,NOMcom,NOMcom,smr,conseil,DMF,conseil,,,
450,81,3,80,"AlexAlb, l. 80",conten,conten,kONtEn,c.o.n.t.e.n,_,fro,VERcjg,VERcjg,indpst3,contenir,DMF,contenir,,,
135,26,1,25,"AlexAlb, l. 25",contar,contar,kONtAr,c.o.n.t.a.r,_,fro,VERinf,VERinf,---,conter,DMF,conter,,,<l n=&quot;25&quot;>
569,101,5,100,"AlexAlb, l. 100",corda,corda,kòrdə,c.o.r.d.a,_,fro,NOMcom,NOMcom,sfr,corde,DMF,corde,,,
581,103,5,102,"AlexAlb, l. 102",corda,corda,kòrdə,c.o.r.d.a,_,fro,NOMcom,NOMcom,sfr,corde,DMF,corde,,,
398,72,2,71,"AlexAlb, l. 71",corps,corps,kòrPS,c.o.r.p.s,_,fro,NOMcom,NOMcom,smr,corps,DMF,corps,,,
434,78,2,77,"AlexAlb, l. 77",corps,corps,kòrPS,c.o.r.p.s,_,fro,NOMcom,NOMcom,smr,corps,DMF,corps,,,
417,75,4,74,"AlexAlb, l. 74",cort,cort,korT,c.o.r.t,_,fro,VERcjg,VERcjg,indpst3,courir,DMF,courir,,,
531,95,7,94,"AlexAlb, l. 94",cubrir,cubrir,kobrir,c.u.b.r.i.r,.,fro,VERinf,VERinf,---,couvrir,DMF,couvrir,,</l>,
341,62,2,61,"AlexAlb, l. 61",cresp,cresp,kreSP,c.r.e.s.p,.,fro,ADJqua,ADJqua,smr,crespe,DMF,crespe,,,
158,31,3,30,"AlexAlb, l. 30",credreyz,credreyz,krEðrEiÇ,c.r.e.d.r.e.y.z,|,fro,VERcjg,VERcjg,con---5,croire,DMF,croire,,,
260,49,1,48,"AlexAlb, l. 48",crollet,crollet,kroLlèT,c.r.o.l.l.e.t,_,fro,VERcjg,VERcjg,indpsp3,crouler,DMF,crouler,,,<l n=&quot;48&quot;>
236,43,4,42,"AlexAlb, l. 42",degnet,degnet,dEɲèT,d.e.gn.e.t,_,fro,VERcjg,VERcjg,indpsp3,daigner,DMF,daigner,,,
444,80,2,79,"AlexAlb, l. 79",deyne,deyne,dEñə,d.e.yn.e,_,fro,VERcjg,VERcjg,indpst3,daigner,DMF,daigner,,,
245,45,2,44,"AlexAlb, l. 44",donna,donna,dONnə,d.o.n.n.a,|,fro,NOMcom,NOMcom,sfr,dame,DMF,dame,,,
14,3,2,2,"AlexAlb, l. 2",de,de,dE,d.e,+,fro,PRE,PRE,---,de,DMF,de,,,
57,12,1,11,"AlexAlb, l. 11",de,de,dE,d.e,+,fro,PRE,PRE,---,de,DMF,de,,,<l n=&quot;11&quot;>
62,12,6,11,"AlexAlb, l. 11",de,de,dE,d.e,+,fro,PRE,PRE,---,de,DMF,de,,,
99,19,3,18,"AlexAlb, l. 18",de,de,dE,d.e,+,fro,PRE,PRE,---,de,DMF,de,,,
109,21,2,20,"AlexAlb, l. 20",de,de,dE,d.e,_,fro,PRE,PRE,---,de,DMF,de,,,
129,25,1,24,"AlexAlb, l. 24",de,de,dE,d.e,+,fro,PRE,PRE,---,de,DMF,de,,,<l n=&quot;24&quot;>
139,27,1,26,"AlexAlb, l. 26",de,de,dE,d.e,+,fro,PRE,PRE,---,de,DMF,de,,,<l n=&quot;26&quot;>
151,29,6,28,"AlexAlb, l. 28",d,d,d,d,+,fro,PRE,PRE,---,de,DMF,de,,,
160,31,5,30,"AlexAlb, l. 30",de,de,dE,d.e,_,fro,PRE,PRE,---,de,DMF,de,,,
165,32,4,31,"AlexAlb, l. 31",de,de,dE,d.e,+,fro,PRE,PRE,---,de,DMF,de,,,
167,32,6,31,"AlexAlb, l. 31",d,d,T,d,+,fro,PRE,PRE,---,de,DMF,de,,,
194,37,4,36,"AlexAlb, l. 36",de,de,dE,d.e,+,fro,PRE,PRE,---,de,DMF,de,,,
231,42,6,41,"AlexAlb, l. 41",d,d,d,d,+,fro,PRE,PRE,---,de,DMF,de,,,
237,43,5,42,"AlexAlb, l. 42",d,d,d,d,+,fro,PRE,PRE,---,de,DMF,de,,,
263,49,4,48,"AlexAlb, l. 48",de,de,dE,d.e,+,fro,PRE,PRE,---,de,DMF,de,,,
309,57,4,56,"AlexAlb, l. 56",de,de,dE,d.e,_,fro,PRE,PRE,---,de,DMF,de,,,
315,58,4,57,"AlexAlb, l. 57",de,de,dE,d.e,_,fro,PRE,PRE,---,de,DMF,de,,,
338,61,6,60,"AlexAlb, l. 60",de,de,dE,d.e,+,fro,PRE,PRE,---,de,DMF,de,,,
344,62,5,61,"AlexAlb, l. 61",de,de,dE,d.e,_,fro,PRE,PRE,---,de,DMF,de,,,
352,63,7,62,"AlexAlb, l. 62",de,de,dE,d.e,_,fro,PRE,PRE,---,de,DMF,de,,,
359,64,6,63,"AlexAlb, l. 63",de,de,dE,d.e,_,fro,PRE,PRE,---,de,DMF,de,,,
361,65,1,64,"AlexAlb, l. 64",de,de,dE,d.e,_,fro,PRE,PRE,---,de,DMF,de,,,<l n=&quot;64&quot;>
369,66,4,65,"AlexAlb, l. 65",de,de,dE,d.e,_,fro,PRE,PRE,---,de,DMF,de,,,
399,72,3,71,"AlexAlb, l. 71",d,d,d,d,+,fro,PRE,PRE,---,de,DMF,de,,,
418,75,5,74,"AlexAlb, l. 74",de,de,dE,d.e,_,fro,PRE,PRE,---,de,DMF,de,,,
425,76,4,75,"AlexAlb, l. 75",de,de,dE,d.e,+,fro,PRE,PRE,---,de,DMF,de,,,
463,84,1,83,"AlexAlb, l. 83",de,de,dE,d.e,|,fro,PRE,PRE,---,de,DMF,de,,,<l n=&quot;83&quot;>
472,85,5,84,"AlexAlb, l. 84",de,de,dE,d.e,+,fro,PRE,PRE,---,de,DMF,de,,,
475,86,2,85,"AlexAlb, l. 85",de,de,dE,d.e,_,fro,PRE,PRE,---,de,DMF,de,,,
478,86,5,85,"AlexAlb, l. 85",de,de,dE,d.e,|,fro,PRE,PRE,---,de,DMF,de,,,
480,87,1,86,"AlexAlb, l. 86",de,de,dE,d.e,_,fro,PRE,PRE,---,de,DMF,de,,,<l n=&quot;86&quot;>
483,87,4,86,"AlexAlb, l. 86",d,d,d,d,+,fro,PRE,PRE,---,de,DMF,de,,,
485,88,1,87,"AlexAlb, l. 87",de,de,dE,d.e,+,fro,PRE,PRE,---,de,DMF,de,,,<l n=&quot;87&quot;>
497,90,1,89,"AlexAlb, l. 89",de,de,dE,d.e,+,fro,PRE,PRE,---,de,DMF,de,,,<l n=&quot;89&quot;>
501,90,5,89,"AlexAlb, l. 89",de,de,dE,d.e,_,fro,PRE,PRE,---,de,DMF,de,,,
529,95,5,94,"AlexAlb, l. 94",d,d,d,d,+,fro,PRE,PRE,---,de,DMF,de,,,
533,96,2,95,"AlexAlb, l. 95",de,de,dE,d.e,+,fro,PRE,PRE,---,de,DMF,de,,,
539,97,2,96,"AlexAlb, l. 96",de,de,dE,d.e,_,fro,PRE,PRE,---,de,DMF,de,,,
560,100,4,99,"AlexAlb, l. 99",de,de,dE,d.e,+,fro,PRE,PRE,---,de,DMF,de,,,
596,106,3,105,"AlexAlb, l. 105",de,de,dE,d.e,_,fro,PRE,PRE,---,de,DMF,de,,,
396,71,6,70,"AlexAlb, l. 70",delcad,delcad,dELkAð,d.e.l.c.a.d,.,fro,ADJqua,ADJqua,smr,délié,DMF,délié,,</l>,
591,105,3,104,"AlexAlb, l. 104",des,des,dES,d.e.s,+,fro,PRE,PRE,---,dès,DMF,dès,,,
310,57,5,56,"AlexAlb, l. 56",dies,dies,diES,d.i.e.s,_,fro,NOMcom,NOMcom,pmr,di,DMF,di,,,
473,85,6,84,"AlexAlb, l. 84",dignitaz,dignitaz,diɲitAÇ,d.i.gn.i.t.a.z,.,fro,NOMcom,NOMcom,sfr,dignité,DMF,dignité,,</l>,
1,1,1,---,"AlexAlb, l. 1 (f. 115r)",Dit,dit,diT,d.i.t,_,fro,VERcjg,VERcjg,indpst3,dire,DMF,dire,,,<text><body xml:lang=&quot;fro&quot;><pb facs=&quot;http://mss.bmlonline.it/s.aspx?Id=AWOItZ95I1A4r7GxMMFZ&amp;c=Q.%20Curtius#/oro/237&quot; n=&quot;115r&quot;/><cb n=&quot;b&quot;/><lg><l n=&quot;1 (f. 115r)&quot;>
7,2,1,1,"AlexAlb, l. 1 (f. 115v)",Dit,dit,diT,d.i.t,_,fro,VERcjg,VERcjg,indpst3,dire,DMF,dire,,,<pb facs=&quot;http://mss.bmlonline.it/s.aspx?Id=AWOItZ95I1A4r7GxMMFZ&amp;c=Q.%20Curtius#/oro/238&quot; n=&quot;115v&quot;/><cb n=&quot;a&quot;/><lg n=&quot;1&quot; type=&quot;laisse&quot; met=&quot;octosyllable&quot;><l n=&quot;1 (f. 115v)&quot;>
143,28,1,27,"AlexAlb, l. 27",Dicunt,dicunt,dikONT,d.i.c.u.n.t,_,fro,VERcjg,VERcjg,indpst6,dire,DMF,dire,,,<lg n=&quot;4&quot; type=&quot;laisse&quot; met=&quot;octosyllable&quot;><l n=&quot;27&quot;>
219,40,7,39,"AlexAlb, l. 39",dir,dir,dir,d.i.r,.|,fro,VERinf,VERinf,---,dire,DMF,dire,,</l>,
56,11,6,10,"AlexAlb, l. 10",dit,dit,diT,d.i.t,.,fro,VERppe,VERppe,snn,dire,DMF,dire,,</l>,
564,100,8,99,"AlexAlb, l. 99",discernir,discernir,diʦErnir,d.i.sc.e.r.n.i.r,.,fro,VERinf,VERinf,---,discernir,TL,,,</l></lg>,
131,25,3,24,"AlexAlb, l. 24",du[n],dun,dOn,d.u.n,|,fro,PRNrel,PRNrel,---,dont,DMF,dont,,,
216,40,4,39,"AlexAlb, l. 39",dun,dun,dOn,d.u.n,_,fro,PRNrel,PRNrel,---,dont,DMF,dont,,,
247,46,1,45,"AlexAlb, l. 45",dun,dun,dOn,d.u.n,_,fro,PRNrel,PRNrel,---,dont,DMF,dont,,,<l n=&quot;45&quot;>
353,63,8,62,"AlexAlb, l. 62",dracon,dracon,drAkOn,d.r.a.c.o.n,.,fro,NOMcom,NOMcom,smr,dragon,DMF,dragon,,</l>,
559,100,3,99,"AlexAlb, l. 99",dreyt,dreyt,drEiT,d.r.e.y.t,|,fro,NOMcom,NOMcom,smr,droit,DMF,droit,,,
90,17,3,16,"AlexAlb, l. 16",duc,duc,dyk,d.u.c,_,fro,NOMcom,NOMcom,smr,duc,DMF,duc,,,
470,85,3,84,"AlexAlb, l. 84",duystrent,duystrent,dyiStrENT,d.u.y.s.t.r.e.n.t,_,fro,VERcjg,VERcjg,indpsp6,duire,DMF,duire,,,
528,95,4,94,"AlexAlb, l. 94",doyst,doyst,dOiST,d.o.y.s.t,_,fro,VERcjg,VERcjg,indpsp3,duire,DMF,duire,,,
568,101,4,100,"AlexAlb, l. 100",duyst,duyst,dyiST,d.u.y.s.t,_,fro,VERcjg,VERcjg,indpsp3,duire,DMF,duire,,,
50,10,6,9,"AlexAlb, l. 9",escrit,escrit,ESkriT,e.s.c.r.i.t,.,fro,VERppe,VERppe,smr,écrire,DMF,écrire,,</l>,
530,95,6,94,"AlexAlb, l. 94",escud,escud,ESkyð,e.s.c.u.d,_,fro,NOMcom,NOMcom,smr,écu,DMF,écu,,,
442,79,6,78,"AlexAlb, l. 78",escueyr,escueyr,ESkyEir,e.s.c.u.e.y.r,.,fro,NOMcom,NOMcom,smr,écuyer,DMF,écuyer,,</l>,
168,32,7,31,"AlexAlb, l. 31",enperatour,enperatour,ENpErAtour,e.n.p.e.r.a.t.o.u.r,.,fro,NOMcom,NOMcom,smr,empereur,DMF,empereur,,</l>,
242,44,3,43,"AlexAlb, l. 43",en|peradur,enperadur,ENpErAðor,e.n.p.e.r.a.d.u.r,_,fro,NOMcom,NOMcom,smr,empereur,DMF,empereur,,,
458,82,6,81,"AlexAlb, l. 81",empeyr,empeyr,ENpEir,e.m.p.e.y.r,.,fro,NOMcom,NOMcom,smr,empire,DMF,empire,,</l></lg>,
45,10,1,9,"AlexAlb, l. 9",En,en,En,e.n,_,fro,PRE,PRE,---,en,DMF,en,,,<lg n=&quot;2&quot; type=&quot;laisse&quot; met=&quot;octosyllable&quot;><l n=&quot;9&quot;>
196,37,6,36,"AlexAlb, l. 36",en,en,En,e.n,_,fro,PRE,PRE,---,en,DMF,en,,,
290,54,5,53,"AlexAlb, l. 53",en,en,En,e.n,+,fro,PRE,PRE,---,en,DMF,en,,,
293,55,1,54,"AlexAlb, l. 54",En,en,En,e.n,+,fro,PRE,PRE,---,en,DMF,en,,,<lg n=&quot;8&quot; type=&quot;laisse&quot; met=&quot;octosyllable&quot;><l n=&quot;54&quot;>
364,65,4,64,"AlexAlb, l. 64",en,en,En,e.n,|,fro,PRE,PRE,---,en,DMF,en,,,
451,81,4,80,"AlexAlb, l. 80",en,en,En,e.n,|,fro,PRE,PRE,---,en,DMF,en,,,
506,91,4,90,"AlexAlb, l. 90",en,en,En,e.n,_,fro,PRE,PRE,---,en,DMF,en,,,
509,92,2,91,"AlexAlb, l. 91",en,en,En,e.n,|,fro,PRE,PRE,---,en,DMF,en,,,
512,92,5,91,"AlexAlb, l. 91",en,en,En,e.n,_,fro,PRE,PRE,---,en,DMF,en,,,
542,97,5,96,"AlexAlb, l. 96",en,en,En,e.n,+,fro,PRE,PRE,---,en,DMF,en,,,
578,103,2,102,"AlexAlb, l. 102",en,en,En,e.n,+,fro,PRE,PRE,---,en,DMF,en,,,
34,7,3,6,"AlexAlb, l. 6",en,en,En,e.n,_,fro,PRCadv,PRCadv,---,en2,DMF,en2,,,
157,31,2,30,"AlexAlb, l. 30",en,en,En,e.n,+,fro,PRCadv,PRCadv,---,en2,DMF,en2,,,
152,29,7,28,"AlexAlb, l. 28",encantatour,encantatour,ENkANtAtour,e.n.c.a.n.t.a.t.o.u.r,.,fro,NOMcom,NOMcom,smr,enchanteur,DMF,enchanteur,,</l>,
522,94,2,93,"AlexAlb, l. 93",en_cu[n]tre,encuntre,ENkONtrə,e.n.c.u.n.t.r.e,_,fro,PRE,PRE,---,encontre,DMF,encontre,,,
304,56,5,55,"AlexAlb, l. 55",emfes,emfes,ENfəS,e.m.f.e.s,_,fro,NOMcom,NOMcom,smn,enfant,DMF,enfant,,,
314,58,3,57,"AlexAlb, l. 57",emfes,emfes,ENfəS,e.m.f.e.s,_,fro,NOMcom,NOMcom,smn,enfant,DMF,enfant,,,
424,76,3,75,"AlexAlb, l. 75",emfes,emfes,ENfəS,e.m.f.e.s,_,fro,NOMcom,NOMcom,smn,enfant,DMF,enfant,,,
402,72,6,71,"AlexAlb, l. 71",enforcad,enforcad,ENforʦAð,e.n.f.o.r.c.a.d,.,fro,VERppe,VERppe,smr,enforcer,DMF,enforcer,,</l>,
257,48,3,47,"AlexAlb, l. 47",en_signes,ensignes,ENSiɲəS,e.n.s.i.gn.e.s,_,fro,NOMcom,NOMcom,pfr,enseigne,DMF,enseigne,,,
493,89,4,88,"AlexAlb, l. 88",enseyned,enseyned,ENSEñèT,e.n.s.e.yn.e.d,|,fro,VERcjg,VERcjg,indpsp3,enseigner,DMF,enseigner,,,
467,84,5,83,"AlexAlb, l. 83",enseynaz,enseynaz,ENSEñAÇ,e.n.s.e.yn.a.z,.,fro,VERppe,VERppe,pmr,enseigner,DMF,enseigner,,</l>,
598,106,5,105,"AlexAlb, l. 105",entrobe,entrobe,ENtrobə,e.n.t.r.o.b.e,_,fro,PRE,PRE,---,entroca,DOM,,word_MölkHoltus1999:616-617 word_AlexAlbZ:410-411,,
197,37,7,36,"AlexAlb, l. 36",aueyron,aveyron,AvEirOn,a.v.e.y.r.o.n,.,fro,NOMcom,NOMcom,smr,environ,DMF,environ,,</l>,
365,65,5,64,"AlexAlb, l. 64",auiron,aviron,AvirOn,a.v.i.r.o.n,.,fro,NOMcom,NOMcom,smr,environ,DMF,environ,,</l>,
535,96,4,95,"AlexAlb, l. 95",espaa,espaa,ESpAə,e.s.p.a.a,_,fro,NOMcom,NOMcom,sfr,épée,DMF,épée,,,
232,42,7,41,"AlexAlb, l. 41",epir,epir,Epir,e.p.i.r,.,fro,NOMpro,NOMpro,sfr,Épire,wiktionary,,,</l>,
513,92,6,91,"AlexAlb, l. 91",ermin,ermin,Ermin,e.r.m.i.n,.,fro,NOMcom,NOMcom,smr,ermin,DMF,ermin,,</l>,
238,43,6,42,"AlexAlb, l. 42",estor,estor,EStor,e.s.t.o.r,_,fro,NOMcom,NOMcom,smr,estour,DMF,estour,,,
487,88,3,87,"AlexAlb, l. 87",estorn,estorn,EStorn,e.s.t.o.r.n,_,fro,NOMcom,NOMcom,smr,estour,DMF,estour,,,
77,14,6,13,"AlexAlb, l. 13",estric,estric,EStrik,e.s.t.r.i.c,.,fro,NOMcom,NOMcom,smr,estrif,DMF,estrif,,</l>,
145,28,3,27,"AlexAlb, l. 27",estrobat_our,estrobatour,EStròbAtour,e.s.t.r.o.b.a.t.o.u.r,.,fro,NOMcom,NOMcom,pmn,estrobatór,DOM,,,</l>,
75,14,4,13,"AlexAlb, l. 13",[et],et,E,e.t,_,fro,CONcoo,CONcoo,---,et,DMF,et,,,
105,20,4,19,"AlexAlb, l. 19",[et],et,E,e.t,_,fro,CONcoo,CONcoo,---,et,DMF,et,,,
108,21,1,20,"AlexAlb, l. 20",[et],et,E,e.t,_,fro,CONcoo,CONcoo,---,et,DMF,et,,,<l n=&quot;20&quot;>
115,22,4,21,"AlexAlb, l. 21",[et],et,E,e.t,_,fro,CONcoo,CONcoo,---,et,DMF,et,,,
117,23,1,22,"AlexAlb, l. 22",[et],et,E,e.t,_,fro,CONcoo,CONcoo,---,et,DMF,et,,,<l n=&quot;22&quot;>
169,33,1,32,"AlexAlb, l. 32",[et],et,E,e.t,_,fro,CONcoo,CONcoo,---,et,DMF,et,,,<l n=&quot;32&quot;>
191,37,1,36,"AlexAlb, l. 36",e,e,E,e,+,fro,CONcoo,CONcoo,---,et,DMF,et,,,<l n=&quot;36&quot;>
213,40,1,39,"AlexAlb, l. 39",Et,et,E,e.t,+,fro,CONcoo,CONcoo,---,et,DMF,et,,,<lg n=&quot;6&quot; type=&quot;laisse&quot; met=&quot;octosyllable&quot;><l n=&quot;39&quot;>
268,50,3,49,"AlexAlb, l. 49",[et],et,E,e.t,_,fro,CONcoo,CONcoo,---,et,DMF,et,,,
354,64,1,63,"AlexAlb, l. 63",[et],et,E,e.t,_,fro,CONcoo,CONcoo,---,et,DMF,et,,,<l n=&quot;63&quot;>
384,69,4,68,"AlexAlb, l. 68",[et],et,E,e.t,_,fro,CONcoo,CONcoo,---,et,DMF,et,,,
389,70,4,69,"AlexAlb, l. 69",[et],et,E,e.t,_,fro,CONcoo,CONcoo,---,et,DMF,et,,,
405,73,3,72,"AlexAlb, l. 72",e,e,E,e,+,fro,CONcoo,CONcoo,---,et,DMF,et,,,
412,74,4,73,"AlexAlb, l. 73",[et],et,E,e.t,_,fro,CONcoo,CONcoo,---,et,DMF,et,,,
416,75,3,74,"AlexAlb, l. 74",[et],et,E,e.t,_,fro,CONcoo,CONcoo,---,et,DMF,et,,,
474,86,1,85,"AlexAlb, l. 85",[et],et,E,e.t,_,fro,CONcoo,CONcoo,---,et,DMF,et,,,<l n=&quot;85&quot;>
477,86,4,85,"AlexAlb, l. 85",[et],et,E,e.t,_,fro,CONcoo,CONcoo,---,et,DMF,et,,,
482,87,3,86,"AlexAlb, l. 86",[et],et,Eð,e.t,_,fro,CONcoo,CONcoo,---,et,DMF,et,,,
488,88,4,87,"AlexAlb, l. 87",[et],et,E,e.t,_,fro,CONcoo,CONcoo,---,et,DMF,et,,,
500,90,4,89,"AlexAlb, l. 89",[et],et,E,e.t,_,fro,CONcoo,CONcoo,---,et,DMF,et,,,
503,91,1,90,"AlexAlb, l. 90",[et],et,E,e.t,_,fro,CONcoo,CONcoo,---,et,DMF,et,,,<l n=&quot;90&quot;>
508,92,1,91,"AlexAlb, l. 91",[et],et,E,e.t,_,fro,CONcoo,CONcoo,---,et,DMF,et,,,<l n=&quot;91&quot;>
511,92,4,91,"AlexAlb, l. 91",[et],et,E,e.t,_,fro,CONcoo,CONcoo,---,et,DMF,et,,,
514,93,1,92,"AlexAlb, l. 92",[et],et,E,e.t,_,fro,CONcoo,CONcoo,---,et,DMF,et,,,<l n=&quot;92&quot;>
518,93,5,92,"AlexAlb, l. 92",[et],et,E,e.t,_,fro,CONcoo,CONcoo,---,et,DMF,et,,,
525,95,1,94,"AlexAlb, l. 94",Et,et,E,e.t,_,fro,CONcoo,CONcoo,---,et,DMF,et,,,<lg n=&quot;14&quot; type=&quot;laisse&quot; met=&quot;octosyllable&quot;><l n=&quot;94&quot;>
532,96,1,95,"AlexAlb, l. 95",[et],et,Eð,e.t,_,fro,CONcoo,CONcoo,---,et,DMF,et,,,<l n=&quot;95&quot;>
538,97,1,96,"AlexAlb, l. 96",[et],et,E,e.t,_,fro,CONcoo,CONcoo,---,et,DMF,et,,,<l n=&quot;96&quot;>
545,98,1,97,"AlexAlb, l. 97",[et],et,E,e.t,_,fro,CONcoo,CONcoo,---,et,DMF,et,,,<l n=&quot;97&quot;>
554,99,5,98,"AlexAlb, l. 98",[et],et,Eð,e.t,_,fro,CONcoo,CONcoo,---,et,DMF,et,,,
557,100,1,99,"AlexAlb, l. 99",e,e,E,e,+,fro,CONcoo,CONcoo,---,et,DMF,et,,,<l n=&quot;99&quot;>
571,102,1,101,"AlexAlb, l. 101",[et],et,E,e.t,_,fro,CONcoo,CONcoo,---,et,DMF,et,,,<l n=&quot;101&quot;>
573,102,3,101,"AlexAlb, l. 101",[et],et,E,e.t,_,fro,CONcoo,CONcoo,---,et,DMF,et,,,
577,103,1,102,"AlexAlb, l. 102",[et],et,E,e.t,_,fro,CONcoo,CONcoo,---,et,DMF,et,,,<l n=&quot;102&quot;>
43,9,4,8,"AlexAlb, l. 8",sie,sie,Siə,,|,fro,VERcjg,VERcjg,subpst3,être,DMF,être,,,
55,11,5,10,"AlexAlb, l. 10",fu,fu,fy,f.u,_,fro,VERcjg,VERcjg,indpsp3,être,DMF,être,,,
98,19,2,18,"AlexAlb, l. 18",fud,fud,fyð,f.u.d,_,fro,VERcjg,VERcjg,indpsp3,être,DMF,être,,,
103,20,2,19,"AlexAlb, l. 19",furent,furent,fyrENT,f.u.r.e.n.t,_,fro,VERcjg,VERcjg,indpsp6,être,DMF,être,,,
113,22,2,21,"AlexAlb, l. 21",furent,furent,fyrENT,f.u.r.e.n.t,|,fro,VERcjg,VERcjg,indpsp6,être,DMF,être,,,
149,29,4,28,"AlexAlb, l. 28",fud,fud,fyð,f.u.d,_,fro,VERcjg,VERcjg,indpsp3,être,DMF,être,,,
164,32,3,31,"AlexAlb, l. 31",fud,fud,fyð,f.u.d,_,fro,VERcjg,VERcjg,indpsp3,être,DMF,être,,,
199,38,2,37,"AlexAlb, l. 37",fud,fud,fyð,f.u.d,_,fro,VERcjg,VERcjg,indpsp3,être,DMF,être,,,
253,47,4,46,"AlexAlb, l. 46",fud,fud,fyð,f.u.d,_,fro,VERcjg,VERcjg,indpsp3,être,DMF,être,,,
258,48,4,47,"AlexAlb, l. 47",fud,fud,fyð,f.u.d,_,fro,VERcjg,VERcjg,indpsp3,être,DMF,être,,,
267,50,2,49,"AlexAlb, l. 49",fud,fud,fyð,f.u.d,|,fro,VERcjg,VERcjg,indpsp3,être,DMF,être,,,
278,52,4,51,"AlexAlb, l. 51",fud,fud,fyð,f.u.d,_,fro,VERcjg,VERcjg,indpsp3,être,DMF,être,,,
288,54,3,53,"AlexAlb, l. 53",est,est,èST,e.s.t,_,fro,VERcjg,VERcjg,indpst3,être,DMF,être,,,
296,55,4,54,"AlexAlb, l. 54",fud,fud,fyð,f.u.d,_,fro,VERcjg,VERcjg,indpsp3,être,DMF,être,,,<pb facs=&quot;http://mss.bmlonline.it/s.aspx?Id=AWOItZ95I1A4r7GxMMFZ&amp;c=Q.%20Curtius#/oro/239&quot; n=&quot;116r&quot;/>
302,56,3,55,"AlexAlb, l. 55",fud,fud,fyð,f.u.d,_,fro,VERcjg,VERcjg,indpsp3,être,DMF,être,,,
331,60,7,59,"AlexAlb, l. 59",est,est,EST,e.s.t,_,fro,VERcjg,VERcjg,indpst3,être,DMF,être,,,
118,23,2,22,"AlexAlb, l. 22",exaltat,exaltat,EKSALtAð,e.x..a.l.t.a.t,_,fro,VERppe,VERppe,pmn,exalter,DMF,exalter,,,
547,98,3,97,"AlexAlb, l. 97",fayllenti,fayllenti,fAʎENÇi,f.a.yll.e.n.t.i,_,fro,NOMcom,NOMcom,sfr,faillance,DMF,faillance,,,
29,6,4,5,"AlexAlb, l. 5",fay,fay,fAi,f.a.y,_,fro,VERcjg,VERcjg,indpst3,faire,DMF,faire,,,
38,8,3,7,"AlexAlb, l. 7",faz,faz,fAÇ,f.a.z,_,fro,VERcjg,VERcjg,subpst3,faire,DMF,faire,,,
80,15,3,14,"AlexAlb, l. 14",fesist,fesist,fEziST,f.e.s.i.s.t,_,fro,VERcjg,VERcjg,subipf3,faire,DMF,faire,,,
96,18,4,17,"AlexAlb, l. 17",fist,fist,fiST,f.i.s.t,.|,fro,VERcjg,VERcjg,indpsp3,faire,DMF,faire,,</l>,
132,25,4,24,"AlexAlb, l. 24",faz,faz,fAÇ,f.a.z,_,fro,VERcjg,VERcjg,indpst1,faire,DMF,faire,,,
327,60,3,59,"AlexAlb, l. 59",fay,fay,fAi,f.a.y,|,fro,VERcjg,VERcjg,indpst3,faire,DMF,faire,,,
445,80,3,79,"AlexAlb, l. 79",fayr,fayr,fAir,f.a.y.r,_,fro,VERinf,VERinf,---,faire,DMF,faire,,,
486,88,2,87,"AlexAlb, l. 87",fayr,fayr,fAir,f.a.y.r,_,fro,VERinf,VERinf,---,faire,DMF,faire,,,
505,91,3,90,"AlexAlb, l. 90",fayr,fayr,fAir,f.a.y.r,_,fro,VERinf,VERinf,---,faire,DMF,faire,,,
515,93,2,92,"AlexAlb, l. 92",fayr,fayr,fAir,f.a.y.r,_,fro,VERinf,VERinf,---,faire,DMF,faire,,,
360,64,7,63,"AlexAlb, l. 63",falcon,falcon,fALkOn,f.a.l.c.o.n,.,fro,NOMcom,NOMcom,smr,faucon,DMF,faucon,,</l>,
154,30,2,29,"AlexAlb, l. 29",fellon,fellon,fElOn,f.e.ll.o.n,|,fro,ADJqua,ADJqua,pmn,felon,DMF,felon,,,
537,96,6,95,"AlexAlb, l. 95",ferir,ferir,fErir,f.e.r.i.r,.,fro,VERinf,VERinf,---,férir,DMF,férir,,</l>,
549,98,5,97,"AlexAlb, l. 97",ferir,ferir,fErir,f.e.r.i.r,.,fro,VERinf,VERinf,---,férir,DMF,férir,,</l>,
409,74,1,73,"AlexAlb, l. 73",fer,fer,fèr,f.e.r,_,fro,ADJqua,ADJqua,smr,fier,DMF,fier,,,<l n=&quot;73&quot;>
363,65,3,64,"AlexAlb, l. 64",figura,figura,figyrə,f.i.g.u.r.a,_,fro,NOMcom,NOMcom,sfr,figure,DMF,figure,,,
376,67,6,66,"AlexAlb, l. 66",figurad,figurad,figyrAð,f.i.g.u.r.a.d,.,fro,VERppe,VERppe,smr,figurer,DMF,figurer,,</l>,
150,29,5,28,"AlexAlb, l. 28",filz,filz,fiLÇ,f.i.l.z,|,fro,NOMcom,NOMcom,smn,fils,DMF,fils,,,
170,33,2,32,"AlexAlb, l. 32",filz,filz,fiLÇ,f.i.l.z,_,fro,NOMcom,NOMcom,smn,fils,DMF,fils,,,
198,38,1,37,"AlexAlb, l. 37",fils,fils,fiLS,f.i.l.s,_,fro,NOMcom,NOMcom,smn,fils,DMF,fils,,,<l n=&quot;37&quot;>
368,66,3,65,"AlexAlb, l. 65",fil,fil,fiʎ,f.i.l,_,fro,NOMcom,NOMcom,smr,fils,DMF,fils,,,
295,55,3,54,"AlexAlb, l. 54",forma,forma,fOrmə,f.o.r.m.a,|,fro,NOMcom,NOMcom,sfr,forme,DMF,forme,,,
104,20,3,19,"AlexAlb, l. 19",fort,fort,fòrT,f.o.r.t,_,fro,ADJqua,ADJqua,pmn,fort,DMF,fort,,,
289,54,4,53,"AlexAlb, l. 53",forz,forz,fòrÇ,f.o.r.z,|,fro,ADJqua,ADJqua,smn,fort,DMF,fort,,,
438,79,2,78,"AlexAlb, l. 78",fol,fol,fòl,f.o.l,_,fro,ADJqua,ADJqua,smr,fou,DMF,fou,,,
431,77,4,76,"AlexAlb, l. 76",franc,franc,frANk,f.r.a.n.c,_,fro,ADJqua,ADJqua,smr,franc2,DMF,franc2,,,
239,43,7,42,"AlexAlb, l. 42",fugir,fugir,fyʤir,f.u.g.i.r,.,fro,VERinf,VERinf,---,fuir,DMF,fuir,,</l>,
121,23,5,22,"AlexAlb, l. 22",gent,gent,ʤENT,g.e.n.t,.,fro,NOMcom,NOMcom,sfr,gent,DMF,gent,,</l>,
224,41,5,40,"AlexAlb, l. 40",genzor,genzor,ʤENÇor,g.e.n.z.o.r,_,fro,ADJqua,ADJqua,sfr,gent2,DMF,gent2,,,
246,45,3,44,"AlexAlb, l. 44",gentil,gentil,ʤENtil,g.e.n.t.i.l,.,fro,ADJqua,ADJqua,sfr,gentil,DMF,gentil,,</l>,
249,46,3,45,"AlexAlb, l. 45",genuit,genuit,ʤEnyiT,g.e.n.u.i.t,;|,lat,VERcjg,VERcjg,indpsp3,gigno,wiktionary,,,</l></lg>,
350,63,5,62,"AlexAlb, l. 62",glauc,glauc,gLAuk,g.l.a.u.c,_,fro,ADJqua,ADJqua,smr,glauque,DMF,glauque,,,
100,19,4,18,"AlexAlb, l. 18",grecia,grecia,grEʦiA,g.r.e.c.i.a,_,lat,NOMcom,NOMcom,sfr,Graecia,wiktionary,,,,
256,48,2,47,"AlexAlb, l. 47",granz,granz,grANÇ,g.r.a.n.z,_,fro,ADJqua,ADJqua,pfr,grand,DMF,grand,,,
536,96,5,95,"AlexAlb, l. 95",grant,grant,grANT,g.r.a.n.t,_,fro,ADJqua,ADVgen,---,grand,DMF,grand,,,
498,90,2,89,"AlexAlb, l. 89",grec,grec,grèk,g.r.e.c,_,fro,ADJqua,ADJqua,smr,grec,DMF,grec,,,
188,36,3,35,"AlexAlb, l. 35",gretia,gretia,grEʦiA,g.r.e.t.i.a,_,fro,NOMcom,NOMcom,sfr,Grèce,wiktionary,,,,
548,98,4,97,"AlexAlb, l. 97",altet,altet,ALtXð,a.l.t.e.t,_,fro,NOMcom,NOMcom,sfr,hauté,DMF,hauté,,,
510,92,3,91,"AlexAlb, l. 91",ebrey,ebrey,EbrEi,e.b.r.e.y,_,fro,NOMcom,NOMcom,smr,hébreu,DMF,hébreu,,,
66,13,2,12,"AlexAlb, l. 12",hom,hom,hOm,h.o.m,_,fro,NOMcom,NOMcom,smn,homme,DMF,homme,,,
185,35,6,34,"AlexAlb, l. 34",hom,hom,hOm,h.o.m,.,fro,NOMcom,NOMcom,smn,homme,DMF,homme,,</l>,
439,79,3,78,"AlexAlb, l. 78",omen,omen,OmEn,o.m.e.n,_,fro,NOMcom,NOMcom,smr,homme,DMF,homme,,,
484,87,5,86,"AlexAlb, l. 86",onestaz,onestaz,OnEStAÇ,o.n.e.s.t.a.z,.,fro,NOMcom,NOMcom,sfr,honnesté,DMF,honnesté,,</l>,
31,6,6,5,"AlexAlb, l. 5",enfir_mitas,enfirmitas,ENfirmitAS,e.n.f.i.r.m.i.t.a.s,.|,lat,NOMcom,NOMcom,sfn,infirmitas,wiktionary,,,</l>,
456,82,4,81,"AlexAlb, l. 81",ia,ja,ʤA,j.a,_,fro,ADVgen,ADVgen,---,jà,DMF,jà,,,
541,97,4,96,"AlexAlb, l. 96",lanci,lanci,LANʦi,l.a.n.c.i,_,fro,NOMcom,NOMcom,sfr,lance,DMF,lance,,,
502,90,6,89,"AlexAlb, l. 89",latin,latin,LAtin,l.a.t.i.n,.,fro,ADJqua,ADJqua,smr,latin,DMF,latin,,</l>,
4,1,4,---,"AlexAlb, l. 1 (f. 115r)",l,l,l,l,_,fro,DETdef,DETdef,smr,le,DMF,le,,,
10,2,4,1,"AlexAlb, l. 1 (f. 115v)",l,l,l,l,_,fro,DETdef,DETdef,smr,le,DMF,le,,,
18,3,6,2,"AlexAlb, l. 2",lo,lo,Lo,l.o,+,fro,DETdef,DETdef,smr,le,DMF,le,,,
58,12,2,11,"AlexAlb, l. 11",l,l,l,l,_,fro,DETdef,DETdef,smr,le,DMF,le,,,
63,12,7,11,"AlexAlb, l. 11",l,l,l,l,_,fro,DETdef,DETdef,smr,le,DMF,le,,,
133,25,5,24,"AlexAlb, l. 24",l,l,l,l,+,fro,DETdef,DETdef,smr,le,DMF,le,,,
140,27,2,26,"AlexAlb, l. 26",l,l,l,l,_,fro,DETdef,DETdef,smr,le,DMF,le,,,
147,29,2,28,"AlexAlb, l. 28",l,l,l,l,_,fro,DETdef,DETdef,smn,le,DMF,le,,,
172,33,4,32,"AlexAlb, l. 32",l,l,l,l,_,fro,DETdef,DETdef,smr,le,DMF,le,,,
189,36,4,35,"AlexAlb, l. 35",la,la,LA,l.a,+,fro,DETdef,DETdef,sfr,le,DMF,le,,,
192,37,2,36,"AlexAlb, l. 36",ls,ls,LS,l.s,_,fro,DETdef,DETdef,pmr,le,DMF,le,,,
202,38,5,37,"AlexAlb, l. 37",l,l,l,l,+,fro,DETdef,DETdef,smr,le,DMF,le,,,
207,39,3,38,"AlexAlb, l. 38",l,l,l,l,_,fro,DETdef,DETdef,smr,le,DMF,le,,,
229,42,4,41,"AlexAlb, l. 41",l,l,l,l,_,fro,DETdef,DETdef,smr,le,DMF,le,,,
261,49,2,48,"AlexAlb, l. 48",la,la,LA,l.a,+,fro,DETdef,DETdef,sfn,le,DMF,le,,,
270,51,1,50,"AlexAlb, l. 50",lo,lo,Lo,l.o,_,fro,DETdef,DETdef,smn,le,DMF,le,,,<l n=&quot;50&quot;>
282,53,2,52,"AlexAlb, l. 52",lo,lo,Lo,l.o,_,fro,DETdef,DETdef,smn,le,DMF,le,,,
298,55,6,54,"AlexAlb, l. 54",lo,lo,Lo,l.o,_,fro,DETdef,DETdef,smn,le,DMF,le,,,
335,61,3,60,"AlexAlb, l. 60",lo,lo,Lo,l.o,_,fro,DETdef,DETdef,smr,le,DMF,le,,,
346,63,1,62,"AlexAlb, l. 62",l,l,L,l,+,fro,DETdef,DETdef,smr,le,DMF,le,,,<l n=&quot;62&quot;>
355,64,2,63,"AlexAlb, l. 63",l,l,L,l,+,fro,DETdef,DETdef,smr,le,DMF,le,,,
362,65,2,64,"AlexAlb, l. 64",la,la,LA,l.a,_,fro,DETdef,DETdef,sfr,le,DMF,le,,,
373,67,3,66,"AlexAlb, l. 66",lo,lo,Lo,l.o,_,fro,DETdef,DETdef,smr,le,DMF,le,,,
378,68,2,67,"AlexAlb, l. 67",lo,lo,Lo,l.o,|,fro,DETdef,DETdef,smr,le,DMF,le,,,
382,69,2,68,"AlexAlb, l. 68",lo,lo,Lo,l.o,_,fro,DETdef,DETdef,smr,le,DMF,le,,,
387,70,2,69,"AlexAlb, l. 69",lo,lo,Lo,l.o,+,fro,DETdef,DETdef,smr,le,DMF,le,,,
391,71,1,70,"AlexAlb, l. 70",lo,lo,Lo,l.o,+,fro,DETdef,DETdef,smr,le,DMF,le,,,<l n=&quot;70&quot;>
397,72,1,71,"AlexAlb, l. 71",lo,lo,Lo,l.o,_,fro,DETdef,DETdef,smr,le,DMF,le,,,<l n=&quot;71&quot;>
403,73,1,72,"AlexAlb, l. 72",lo,lo,Lo,l.o,_,fro,DETdef,DETdef,smr,le,DMF,le,,,<l n=&quot;72&quot;>
406,73,4,72,"AlexAlb, l. 72",l,l,l,l,_,fro,DETdef,DETdef,smr,le,DMF,le,,,
410,74,2,73,"AlexAlb, l. 73",lo,lo,Lo,l.o,+,fro,DETdef,DETdef,smr,le,DMF,le,,,
419,75,6,74,"AlexAlb, l. 74",l,l,L,l,+,fro,DETdef,DETdef,smr,le,DMF,le,,,
426,76,5,75,"AlexAlb, l. 75",l,l,L,l,+,fro,DETdef,DETdef,smr,le,DMF,le,,,
457,82,5,81,"AlexAlb, l. 81",l,l,L,l,+,fro,DETdef,DETdef,smr,le,DMF,le,,,
490,89,1,88,"AlexAlb, l. 88",L,l,L,l,+,fro,DETdef,DETdef,smn,le,DMF,le,,,<lg n=&quot;13&quot; type=&quot;laisse&quot; met=&quot;octosyllable&quot;><l n=&quot;88&quot;>
526,95,2,94,"AlexAlb, l. 94",l,l,L,l,+,fro,DETdef,DETdef,smn,le,DMF,le,,,
550,99,1,98,"AlexAlb, l. 98",li,li,Li,l.i,+,fro,DETdef,DETdef,smn,le,DMF,le,,,<l n=&quot;98&quot;>
558,100,2,99,"AlexAlb, l. 99",l,l,L,l,_,fro,DETdef,DETdef,smr,le,DMF,le,,,
561,100,5,99,"AlexAlb, l. 99",l,l,L,l,_,fro,DETdef,DETdef,smr,le,DMF,le,,,
565,101,1,100,"AlexAlb, l. 100",Li,li,Li,l.i,+,fro,DETdef,DETdef,smn,le,DMF,le,,,<lg n=&quot;15&quot; type=&quot;laisse&quot; met=&quot;octosyllable&quot;><l n=&quot;100&quot;>
589,105,1,104,"AlexAlb, l. 104",li,li,Li,l.i,_,fro,DETdef,DETdef,smn,le,DMF,le,,,<l n=&quot;104&quot;>
48,10,4,9,"AlexAlb, l. 9",l,l,l,l,+,fro,PRCper,PRCper,smr,le,DMF,le,,,
319,59,2,58,"AlexAlb, l. 58",l,l,l,l,_,fro,PRCper,PRCper,3smr,le,DMF,le,,,
469,85,2,84,"AlexAlb, l. 84",l,l,L,l,_,fro,PRCper,PRCper,3smr,le,DMF,le,,,
492,89,3,88,"AlexAlb, l. 88",l,l,L,l,+,fro,PRCper,PRCper,3smr,le,DMF,le,,,
567,101,3,100,"AlexAlb, l. 100",lo,lo,Lo,l.o,_,fro,PRCper,PRCper,3sma,le,DMF,le,,,
504,91,2,90,"AlexAlb, l. 90",lettra,lettra,LEtrə,l.e.tt.r.a,_,fro,NOMcom,NOMcom,sfr,lettre,DMF,lettre,,,
161,31,6,30,"AlexAlb, l. 30",lour,lour,Lour,l.o.u.r,.,fro,PRNpos,PRNpos,6pmr,leur,DMF,leur,,</l>,
588,104,6,103,"AlexAlb, l. 103",leuar,levar,LEvAr,l.e.v.a.r,.,fro,VERinf,VERinf,---,lever,DMF,lever,,</l>,
265,49,6,48,"AlexAlb, l. 48",laz,laz,LAÇ,l.a.z,_,fro,NOMcom,NOMcom,pmr,lez,DMF,lez,,</l>,
27,6,2,5,"AlexAlb, l. 5",lou,lou,LXu,l.o.u,_,fro,NOMcom,NOMcom,smr,lieu,DMF,lieu,lemma_AlexAlbZ:414 lemma_MölkHoltus1999:605-609,,
166,32,5,31,"AlexAlb, l. 31",ling,ling,Liɲ,l.i.ng,|,fro,NOMcom,NOMcom,smr,lin2,DMF,lin2,,,
329,60,5,59,"AlexAlb, l. 59",leu,leu,LEu,l.e.u,_,fro,NOMcom,NOMcom,smn,lion,DMF,lion,,,
345,62,6,61,"AlexAlb, l. 61",leon,leon,LEOn,l.e.o.n,.|,fro,NOMcom,NOMcom,smr,lion,DMF,lion,,</l>,
553,99,4,98,"AlexAlb, l. 98",leyre,leyre,LEirə,l.e.y.r.e,_,fro,VERinf,VERinf,---,lire,DMF,lire,,,
16,3,4,2,"AlexAlb, l. 2",libre,libre,Librə,l.i.b.r.e,_,fro,NOMcom,NOMcom,smr,livre,DMF,livre,,,
552,99,3,98,"AlexAlb, l. 98",ley,ley,LEi,l.e.y,_,fro,NOMcom,NOMcom,sfr,loi,DMF,loi,,,
543,97,6,96,"AlexAlb, l. 96",loyn,loyn,LOñ,l.o.yn,|,fro,ADVgen,ADVgen,---,loin,DMF,loin,,,
155,30,3,29,"AlexAlb, l. 29",losengetour,losengetour,LOzENʤEtour,l.o.s.e.n.g.e.t.o.u.r,.,fro,NOMcom,NOMcom,pmn,losengeur,DMF,losengeur,,</l>,
574,102,4,101,"AlexAlb, l. 101",leyra,leyra,LEirə,l.e.y.r.a,_,fro,NOMcom,NOMcom,sfr,lyre,DMF,lyre,,,
174,33,6,32,"AlexAlb, l. 32",macedonor,macedonor,mAʦEdOnor,m.a.c.e.d.o.n.o.r,;|,fro,ADJqua,ADJqua,smr,macédoneur,---,,,</l></lg>,
95,18,3,17,"AlexAlb, l. 17",magnus,magnus,mAɲyS,m.a.gn.u.s,_,lat,ADJqua,ADJqua,smn,magnus,wiktionary,,,,
306,57,1,56,"AlexAlb, l. 56",mays,mays,mAiS,m.a.y.s,_,fro,ADVgen,ADVgen,---,mais,DMF,mais,,,<l n=&quot;56&quot;>
122,24,1,23,"AlexAlb, l. 23",mais,mais,mAiS,m.a.i.s,_,fro,CONcoo,CONcoo,---,mais,DMF,mais,,,<l n=&quot;23&quot;>
452,81,5,80,"AlexAlb, l. 80",magesteyr,magesteyr,mAʤEStEir,m.a.g.e.s.t.e.y.r,.,fro,NOMcom,NOMcom,smr,maistire,DMF,maistire,lemma_AlexAlbZ:397,</l>,
459,83,1,82,"AlexAlb, l. 82",Magestres,magestres,mAʤEStrəS,m.a.g.e.s.t.r.e.s,_,fro,NOMcom,NOMcom,pmr,maître,DMF,maître,,,<lg n=&quot;12&quot; type=&quot;laisse&quot; met=&quot;octosyllable&quot;><l n=&quot;82&quot;>
156,31,1,30,"AlexAlb, l. 30",mal,mal,mAl,m.a.l,_,fro,ADVgen,ADVgen,---,mal3,DMF,mal3,,,<l n=&quot;30&quot;>
142,27,4,26,"AlexAlb, l. 26",mandament,mandament,mANdAmENT,m.a.n.d.a.m.e.n.t,;,fro,NOMcom,NOMcom,smr,mandement,DMF,mandement,,</l></lg>,<cb n=&quot;b&quot;/>
111,21,4,20,"AlexAlb, l. 20",manent,manent,mAnENT,m.a.n.e.n.t,.,fro,VERppa,VERppa,pmn,manoir2,DMF,manoir2,,</l>,
81,15,4,14,"AlexAlb, l. 14",mat,mat,mAT,m.a.t,|,fro,ADJqua,ADJqua,smr,mat,DMF,mat,,,
520,93,7,92,"AlexAlb, l. 92",matin,matin,mAtin,m.a.t.i.n,.,fro,NOMcom,NOMcom,smr,matin,DMF,matin,,</l>,
28,6,3,5,"AlexAlb, l. 5",me,me,mE,m.e,_,fro,PRCper,PRCper,1smr,me,DMF,me,,,
496,89,7,88,"AlexAlb, l. 88",mischin,mischin,miSkin,m.i.s.ch.i.n,.,fro,NOMcom,NOMcom,smr,méchin,DMF,méchin,,</l>,
180,35,1,34,"AlexAlb, l. 34",meyllor,meyllor,mEʎor,m.e.yll.o.r,|,fro,ADJqua,ADJqua,smr,meilleur,DMF,meilleur,,,<l n=&quot;34&quot;>
585,104,3,103,"AlexAlb, l. 103",medips,medips,mEðiPS,m.e.d.i.p.s,_,fro,ADJind,ADJind,smr,même,DMF,même,,,
83,15,6,14,"AlexAlb, l. 14",men_dic,mendic,mENdik,m.e.n.d.i.c,.,fro,ADJqua,ADJqua,smr,mendi,DMF,mendi,,</l>,
153,30,1,29,"AlexAlb, l. 29",mentent,mentent,mENtENT,m.e.n.t.e.n.t,_,fro,VERcjg,VERcjg,indpst6,mentir,DMF,mentir,,,<l n=&quot;29&quot;>
195,37,5,36,"AlexAlb, l. 36",mar,mar,mAr,m.a.r,|,fro,NOMcom,NOMcom,sfr,mer,DMF,mer,,,
599,106,6,105,"AlexAlb, l. 105",mar,mar,mAr,m.a.r,.,fro,NOMcom,NOMcom,sfr,mer,DMF,mer,,</l></lg>,
593,105,5,104,"AlexAlb, l. 104",misurar,misurar,mizyrAr,m.i.s.u.r.a.r,.,fro,VERinf,VERinf,---,mesurer,DMF,mesurer,,</l>,
323,59,6,58,"AlexAlb, l. 58",mi_cha,micha,miXə,m.i.ch.a,_,fro,ADVgen,ADVgen,---,mie3,DMF,mie3,,,
414,75,1,74,"AlexAlb, l. 74",Mels,mels,mèLS,m.e.l.s,_,fro,ADVgen,ADVgen,---,mieulx,DMF,mieulx,,,<l n=&quot;74&quot;>
215,40,3,39,"AlexAlb, l. 39",moylier,moylier,moʎiEr,m.o.yl.i.e.r,_,fro,NOMcom,NOMcom,sfn,moillier,DMF,moillier,,,
317,58,6,57,"AlexAlb, l. 57",meys,meys,mEiS,m.e.y.s,.,fro,NOMcom,NOMcom,pmr,mois,DMF,mois,,</l>,
30,6,5,5,"AlexAlb, l. 5",m,m,m,m,+,fro,DETpos,DETpos,1sfn,mon,DMF,mon,,,
259,48,5,47,"AlexAlb, l. 47",mostraz,mostraz,moStrAÇ,m.o.s.t.r.a.z,.|,fro,VERppe,VERppe,smn,montrer,DMF,montrer,,</l>,
106,20,5,19,"AlexAlb, l. 19",mul,mul,mol,m.u.l,_,fro,ADVgen,ADVgen,---,moult,DMF,moult,,,
17,3,5,2,"AlexAlb, l. 2",mot,mot,moT,m.o.t,|,fro,VERcjg,VERcjg,indpst3,mouvoir,DMF,mouvoir,morph_AlexAlbZ:414,,
254,47,5,46,"AlexAlb, l. 46",naz,naz,nAÇ,n.a.z,.|,fro,VERppe,VERppe,smn,naître,DMF,naître,,</l>,
292,54,7,53,"AlexAlb, l. 53",naz,naz,nAÇ,n.a.z,;,fro,VERppe,VERppe,smn,naître,DMF,naître,,</l></lg>,
297,55,5,54,"AlexAlb, l. 54",naz,naz,nAÇ,n.a.z,_,fro,VERppe,VERppe,smn,naître,DMF,naître,,,
303,56,4,55,"AlexAlb, l. 55",naz,naz,nAÇ,n.a.z,_,fro,VERppe,VERppe,smn,naître,DMF,naître,,,
101,19,5,18,"AlexAlb, l. 18",natiz,natiz,nAtiÇ,n.a.t.i.z,;|,fro,ADJqua,ADJqua,smn,natif,DMF,natif,,</l></lg>,
42,9,3,8,"AlexAlb, l. 8",non,non,nOn,n.o.n,+,fro,ADVneg,ADVneg,---,ne,DMF,ne,,,
47,10,3,9,"AlexAlb, l. 9",no,no,no,n.o,+,fro,ADVneg,ADVneg,---,ne,DMF,ne,,,
54,11,4,10,"AlexAlb, l. 10",non,non,nOn,n.o.n,_,fro,ADVneg,ADVneg,---,ne,DMF,ne,,,
123,24,2,23,"AlexAlb, l. 23",non,non,nOn,n.o.n,_,fro,ADVneg,ADVneg,---,ne,DMF,ne,,,
182,35,3,34,"AlexAlb, l. 34",non,non,nOn,n.o.n,+,fro,ADVneg,ADVneg,---,ne,DMF,ne,,,
235,43,3,42,"AlexAlb, l. 42",no,no,no,n.o,_,fro,ADVneg,ADVneg,---,ne,DMF,ne,,,
277,52,3,51,"AlexAlb, l. 51",no,no,no,n.o,_,fro,ADVneg,ADVneg,---,ne,DMF,ne,,,
300,56,1,55,"AlexAlb, l. 55",non,non,nOn,n.o.n,_,fro,ADVneg,ADVneg,---,ne,DMF,ne,,,<l n=&quot;55&quot;>
443,80,1,79,"AlexAlb, l. 79",no,no,no,n.o,_,fro,ADVneg,ADVneg,---,ne,DMF,ne,,,<l n=&quot;79&quot;>
51,11,1,10,"AlexAlb, l. 10",ne,ne,nE,n.e,_,fro,CONcoo,CONcoo,---,ne2,DMF,ne2,,,<l n=&quot;10&quot;>
61,12,5,11,"AlexAlb, l. 11",ne,ne,nE,n.e,_,fro,CONcoo,CONcoo,---,ne2,DMF,ne2,,,
82,15,5,14,"AlexAlb, l. 14",ne,ne,nE,n.e,_,fro,CONcoo,CONcoo,---,ne2,DMF,ne2,,,
84,16,1,15,"AlexAlb, l. 15",ne,ne,nE,n.e,_,fro,CONcoo,CONcoo,---,ne2,DMF,ne2,,,<l n=&quot;15&quot;>
88,17,1,16,"AlexAlb, l. 16",ne,ne,nE,n.e,_,fro,CONcoo,CONcoo,---,ne2,DMF,ne2,,,<l n=&quot;16&quot;>
240,44,1,43,"AlexAlb, l. 43",ne,ne,nE,n.e,_,fro,CONcoo,CONcoo,---,ne2,DMF,ne2,,,<l n=&quot;43&quot;>
440,79,4,78,"AlexAlb, l. 78",ne,ne,nE,n.e,_,fro,CONcoo,CONcoo,---,ne2,DMF,ne2,,,
159,31,4,30,"AlexAlb, l. 30",nec_un,necun,nEkyn,n.e.c.u.n,_,fro,PRNind,PRNind,smr,nesun,DMF,nesun,,,
91,17,4,16,"AlexAlb, l. 16",nobli,nobli,nòbLi,n.o.b.l.i,_,fro,ADJqua,ADJqua,smr,noble,DMF,noble,,,
357,64,4,63,"AlexAlb, l. 63",neyr,neyr,nEir,n.e.y.r,_,fro,ADJqua,ADJqua,smr,noir,DMF,noir,,,
179,34,5,33,"AlexAlb, l. 33",non,non,nOn,n.o.n,.,fro,NOMcom,NOMcom,smr,nom,DMF,nom,,</l>,
394,71,4,70,"AlexAlb, l. 70",non,non,nOn,n.o.n,_,fro,ADVneg,ADVneg,---,non,DMF,non,,,
37,8,2,7,"AlexAlb, l. 7",nos,nos,noS,n.o.s,|,fro,PRCper,PRCper,4pmr,nous,DMF,nous,,,
60,12,4,11,"AlexAlb, l. 11",nouel,novel,novèl,n.o.v.e.l,|,fro,ADJqua,ADJqua,smr,nouveau,DMF,nouveau,,,
65,13,1,12,"AlexAlb, l. 12",nuls,nuls,nyLS,n.u.l.s,_,fro,DETind,DETind,smn,nul,DMF,nul,,,<l n=&quot;12&quot;>
429,77,2,76,"AlexAlb, l. 76",o,o,o,o,_,fro,PRCdem,PRCdem,snr,o2,DOM,,,,
280,52,6,51,"AlexAlb, l. 51",obscuraz,obscuraz,oPSkyrAÇ,o.b.s.c.u.r.a.z,.,fro,VERppe,VERppe,smn,obscurer,DMF,obscurer,,</l>,
92,17,5,16,"AlexAlb, l. 16",occi|sist,occisist,OʦiziST,o.cc.i.s.i.s.t,.,fro,VERcjg,VERcjg,subipf3,occire,DMF,occire,,</l>,
348,63,3,62,"AlexAlb, l. 62",uyl,uyl,oʎ,u.yl,_,fro,NOMcom,NOMcom,smr,oeil,DMF,oeil,,,
244,45,1,44,"AlexAlb, l. 44",olimpias,olimpias,oliNpiAS,o.l.i.m.p.i.a.s,_,fro,NOMpro,NOMpro,sfr,Olympias,wikipedia.fr,,,,<l n=&quot;44&quot;>
35,7,4,6,"AlexAlb, l. 6",otiositas,otiositas,otiozitAS,o.t.i.o.s.i.t.a.s,.,lat,NOMcom,NOMcom,sfn,otiositas,wiktionary,,,</l>,
52,11,2,10,"AlexAlb, l. 10",p[er],per,pEr,p.e.r,_,fro,PRE,PRE,---,par,DMF,par,,,
73,14,2,13,"AlexAlb, l. 13",p[er],per,pEr,p.e.r,_,fro,PRE,PRE,---,par,DMF,par,,,
76,14,5,13,"AlexAlb, l. 13",p[er],per,pEr,p.e.r,_,fro,PRE,PRE,---,par,DMF,par,,,
255,48,1,47,"AlexAlb, l. 47",p[er],per,pEr,p.e.r,_,fro,PRE,PRE,---,par,DMF,par,,,<l n=&quot;47&quot;>
583,104,1,103,"AlexAlb, l. 103",p[er],per,pEr,p.e.r,_,fro,PRE,PRE,---,par,DMF,par,,,<l n=&quot;103&quot;>
46,10,2,9,"AlexAlb, l. 9",par_gamen,pargamen,pArgAmEn,p.a.r.g.a.m.e.n,|,fro,NOMcom,NOMcom,smr,parchemin,DMF,parchemin,,,
507,91,5,90,"AlexAlb, l. 90",pargamin,pargamin,pArgAmin,p.a.r.g.a.m.i.n,.,fro,NOMcom,NOMcom,smr,parchemin,DMF,parchemin,,</l>,
53,11,3,10,"AlexAlb, l. 10",parabla,parabla,pArAbLə,p.a.r.a.b.l.a,|,fro,NOMcom,NOMcom,sfr,parole,DMF,parole,,,
495,89,6,88,"AlexAlb, l. 88",paru,parv,pArF,p.a.r.v,_,fro,ADJqua,ADJqua,smr,parve,DMF,parve,,,
6,1,6,---,"AlexAlb, l. 1 (f. 115r)",pas,pas,pAS,p.a.s,.|,fro,NOMcom,NOMcom,smr,pas2,DMF,pas2,,</l></lg>,
12,2,6,1,"AlexAlb, l. 1 (f. 115v)",pas,pas,pAS,p.a.s,.|,fro,NOMcom,NOMcom,smr,pas2,DMF,pas2,,</l>,
110,21,3,20,"AlexAlb, l. 20",pecunia,pecunia,pEkoniA,p.e.c.u.n.i.a,_,lat,NOMcom,NOMcom,sfr,pecunia,wiktionary,,,,
275,52,1,51,"AlexAlb, l. 51",p[er],per,pEr,p.e.r,_,fro,PRE,PRE,---,per,DMF,per,,,<l n=&quot;51&quot;>
272,51,3,50,"AlexAlb, l. 50",p[er]det,perdet,pErdèT,p.e.r.d.e.t,_,fro,VERcjg,VERcjg,indpsp3,perdre,DMF,perdre,,,
178,34,4,33,"AlexAlb, l. 33",pare,pare,pArə,p.a.r.e,+,fro,NOMcom,NOMcom,smn,père,DMF,père,,,
324,59,7,58,"AlexAlb, l. 58",peys,peys,pEiS,p.e.y.s,.,fro,VERcjg,VERcjg,subpst3,peser,DMF,peser,,</l>,
276,52,2,51,"AlexAlb, l. 51",pauc,pauc,pAuk,p.a.u.c,_,fro,PRNind,PRNind,,peu,DMF,peu,,,
175,34,1,33,"AlexAlb, l. 33",Philippus,philippus,filipys,ph.i.l.i.pp.u.s,_,lat,NOMpro,NOMpro,smn,Philippus,wiktionary,,,,<lg n=&quot;5&quot; type=&quot;laisse&quot; met=&quot;octosyllable&quot;><l n=&quot;33&quot;>
388,70,3,69,"AlexAlb, l. 69",peyz,peyz,pEiÇ,p.e.y.z,_,fro,NOMcom,NOMcom,smr,pis,DMF,pis,,,
555,99,6,98,"AlexAlb, l. 98",playt,playt,pLAiT,p.l.a.y.t,_,fro,NOMcom,NOMcom,smr,plaid,DMF,plaid,,,
381,69,1,68,"AlexAlb, l. 68",plen,plen,pLEn,p.l.e.n,_,fro,ADJqua,ADJqua,smr,plein,DMF,plein,,,<l n=&quot;68&quot;>
138,26,4,25,"AlexAlb, l. 25",pleneyrament,pleneyrament,pLEnEirAmENT,p.l.e.n.e.y.r.a.m.e.n.t,.,fro,ADVgen,ADVgen,---,plénièrement,DMF,plénièrement,,</l>,
127,24,6,23,"AlexAlb, l. 23",plus,plus,pLyS,p.l.u.s,_,fro,ADVgen,ADVgen,---,plus,DMF,plus,,,
336,61,4,60,"AlexAlb, l. 60",peyl,peyl,pEil,p.e.y.l,_,fro,NOMcom,NOMcom,smr,poil,DMF,poil,,,
404,73,2,72,"AlexAlb, l. 72",poyn,poyn,pOɲ,p.o.yn,_,fro,NOMcom,NOMcom,smr,poing,DMF,poing,,,
339,61,7,60,"AlexAlb, l. 60",peysson,peysson,pEisOn,p.e.y.ss.o.n,.,fro,NOMcom,NOMcom,smr,poisson,DMF,poisson,,</l>,
193,37,3,36,"AlexAlb, l. 36",por_z,porz,pòrÇ,p.o.r.z,_,fro,NOMcom,NOMcom,pmr,port,DMF,port,,,
221,41,2,40,"AlexAlb, l. 40",pot,pot,pòT,p.o.t,_,fro,VERcjg,VERcjg,indpsp3,pouvoir2,DMF,pouvoir2,,,
107,20,6,19,"AlexAlb, l. 19",podent,podent,poðENT,p.o.d.e.n.t,.|,fro,VERppa,VERppa,pmn,pouvoir2,DMF,pouvoir2,,</l>,
5,1,5,---,"AlexAlb, l. 1 (f. 115r)",primyer,primyer,primiEr,p.r.i.m.y.e.r,_,fro,ADJord,ADJord,smr,premier,DMF,premier,,,
11,2,5,1,"AlexAlb, l. 1 (f. 115v)",primier,primier,primiEr,p.r.i.m.i.e.r,_,fro,ADJord,ADJord,smr,premier,DMF,premier,,,
421,75,8,74,"AlexAlb, l. 74",primyer,primyer,primiEr,p.r.i.m.y.e.r,.,fro,ADJord,ADJord,smr,premier,DMF,premier,,</l>,
214,40,2,39,"AlexAlb, l. 39",prist,prist,priST,p.r.i.s.t,_,fro,VERcjg,VERcjg,indpsp3,prendre,DMF,prendre,,,
332,60,8,59,"AlexAlb, l. 59",preys,preys,prEiS,p.r.e.y.s,.,fro,VERppe,VERppe,smn,prendre,DMF,prendre,,</l></lg>,
435,78,3,77,"AlexAlb, l. 77",p[re]sente,presente,prEzENtə,p.r.e.s.e.n.t.e,_,fro,VERcjg,VERcjg,indpst3,présenter,DMF,présenter,,,
489,88,5,87,"AlexAlb, l. 87",prodeltaz,prodeltaz,prodELtAÇ,p.r.o.d.e.l.t.a.z,.,fro,NOMcom,NOMcom,sfr,prodeltat,DOM,prodeltat,,</l></lg>,
116,22,5,21,"AlexAlb, l. 21",prudent,prudent,prydENT,p.r.u.d.e.n.t,.,fro,ADJqua,ADJqua,pmn,prudent,DMF,prudent,,</l>,
26,6,1,5,"AlexAlb, l. 5",poyst,poyst,poiST,p.o.y.s.t,|,fro,ADVgen,ADVgen,---,puis,DMF,puis,,,<l n=&quot;5&quot;>
285,53,5,52,"AlexAlb, l. 52",qualitaz,qualitaz,kAlitAÇ,qu.a.l.i.t.a.z,.,fro,NOMcom,NOMcom,pfr,qualité,DMF,qualité,,</l>,
13,3,1,2,"AlexAlb, l. 2",quant,quant,kANT,qu.a.n.t,_,fro,CONsub,CONsub,---,quand,DMF,quand,,,<l n=&quot;2&quot;>
252,47,3,46,"AlexAlb, l. 46",quant,quant,kANT,qu.a.n.t,_,fro,CONsub,CONsub,---,quand,DMF,quand,,,
566,101,2,100,"AlexAlb, l. 100",quarz,quarz,kArÇ,qu.a.r.z,_,fro,PRNord,PRNord,smn,quart,DMF,quart,,,
316,58,5,57,"AlexAlb, l. 57",quatro,quatro,kAtro,qu.a.t.r.o,_,fro,DETcar,DETcar,pmr,quatre,DMF,quatre,,,
40,9,1,8,"AlexAlb, l. 8",que,que,kE,qu.e,_,fro,CONsub,CONsub,---,que,DMF,que,,,<l n=&quot;8&quot;>
146,29,1,28,"AlexAlb, l. 28",que,que,kE,qu.e,+,fro,CONsub,CONsub,---,que,DMF,que,,,<l n=&quot;28&quot;>
162,32,1,31,"AlexAlb, l. 31",qu,qu,k,qu,+,fro,CONsub,CONsub,---,que,DMF,que,,,<l n=&quot;31&quot;>
286,54,1,53,"AlexAlb, l. 53",que,que,kE,qu.e,+,fro,CONsub,CONsub,---,que,DMF,que,,,<l n=&quot;53&quot;>
312,58,1,57,"AlexAlb, l. 57",que,que,kE,qu.e,_,fro,CONsub,CONsub,---,que,DMF,que,,,<l n=&quot;57&quot;>
422,76,1,75,"AlexAlb, l. 75",que,que,kE,qu.e,_,fro,CONsub,CONsub,---,que,DMF,que,,,<l n=&quot;75&quot;>
220,41,1,40,"AlexAlb, l. 40",qual,qual,kAl,qu.a.l,_,fro,PRNrel,PRNrel,sfr,quel,DMF,quel,,,<l n=&quot;40&quot;>
72,14,1,13,"AlexAlb, l. 13",chi,chi,ki,ch.i,_,fro,PRNrel,PRNrel,smn,qui,DMF,qui,,,<l n=&quot;13&quot;>
97,19,1,18,"AlexAlb, l. 18",qui,qui,ki,qu.i,_,fro,PRNrel,PRNrel,smn,qui,DMF,qui,,,<l n=&quot;18&quot;>
205,39,1,38,"AlexAlb, l. 38",qui,qui,ki,qu.i,_,fro,PRNrel,PRNrel,smn,qui,DMF,qui,,,<l n=&quot;38&quot;>
233,43,1,42,"AlexAlb, l. 42",qui,qui,ki,qu.i,+,fro,PRNrel,PRNrel,smn,qui,DMF,qui,,,<l n=&quot;42&quot;>
322,59,5,58,"AlexAlb, l. 58",chi,chi,ki,ch.i,_,fro,PRNrel,PRNrel,smn,qui,DMF,qui,,,
330,60,6,59,"AlexAlb, l. 59",qui,qui,ki,qu.i,_,fro,PRNrel,PRNrel,smn,qui,DMF,qui,,,
468,85,1,84,"AlexAlb, l. 84",qui,qui,ki,qu.i,+,fro,PRNrel,PRNrel,pmn,qui,DMF,qui,,,<l n=&quot;84&quot;>
590,105,2,104,"AlexAlb, l. 104",quinz,quinz,kiNÇ,qu.i.n.z,|,fro,PRNord,PRNord,smn,quint,DMF,quint,,,
380,68,4,67,"AlexAlb, l. 67",recercelad,recercelad,rEʦErÇElAð,r.e.c.e.r.c.e.l.a.d,.,fro,VERppe,VERppe,smr,recercler,DMF,recercler,,</l>,
326,60,2,59,"AlexAlb, l. 59",regart,regart,rEgArT,r.e.g.a.r.t,_,fro,NOMcom,NOMcom,smr,regard,DMF,regard,,,
446,80,4,79,"AlexAlb, l. 79",regart,regart,rEgArT,r.e.g.a.r.t,_,fro,NOMcom,NOMcom,smr,regard,DMF,regard,,,
190,36,5,35,"AlexAlb, l. 35",region,region,rEʤiOn,r.e.g.i.o.n,.,fro,NOMcom,NOMcom,sfr,région,DMF,région,,</l>,
367,66,2,65,"AlexAlb, l. 65",resemplet,resemplet,rEzENpLèT,r.e.s.e.m.p.l.e.t,_,fro,VERcjg,VERcjg,indpsp3,resembler,DMF,resembler,,,
71,13,7,12,"AlexAlb, l. 12",ric,ric,rik,r.i.c,.,fro,ADJqua,ADJqua,smr,riche,DMF,riche,,</l>,
321,59,4,58,"AlexAlb, l. 58",res,res,rèS,r.e.s,_,fro,PRNind,PRNind,smn,rien,DMF,rien,,,
69,13,5,12,"AlexAlb, l. 12",rey,rey,rEi,r.e.y,_,fro,NOMcom,NOMcom,smr,roi,DMF,roi,,,
79,15,2,14,"AlexAlb, l. 14",rey,rey,rEi,r.e.y,_,fro,NOMcom,NOMcom,smr,roi,DMF,roi,,,
102,20,1,19,"AlexAlb, l. 19",Rey,rey,rEi,r.e.y,_,fro,NOMcom,NOMcom,pmn,roi,DMF,roi,,,<lg n=&quot;3&quot; type=&quot;laisse&quot; met=&quot;octosyllable&quot;><l n=&quot;19&quot;>
112,22,1,21,"AlexAlb, l. 21",rey,rey,rEi,r.e.y,_,fro,NOMcom,NOMcom,pmn,roi,DMF,roi,,,<l n=&quot;21&quot;>
148,29,3,28,"AlexAlb, l. 28",reys,reys,rEiS,r.e.y.s,_,fro,NOMcom,NOMcom,smn,roi,DMF,roi,,,
173,33,5,32,"AlexAlb, l. 32",rey,rey,rEi,r.e.y,_,fro,NOMcom,NOMcom,smr,roi,DMF,roi,,,
203,38,6,37,"AlexAlb, l. 37",rey,rey,rEi,r.e.y,|,fro,NOMcom,NOMcom,smr,roi,DMF,roi,,,
208,39,4,38,"AlexAlb, l. 38",rey,rey,rEi,r.e.y,_,fro,NOMcom,NOMcom,smr,roi,DMF,roi,,,
230,42,5,41,"AlexAlb, l. 41",rey,rey,rEi,r.e.y,_,fro,NOMcom,NOMcom,smr,roi,DMF,roi,,,
250,47,1,46,"AlexAlb, l. 46",Reys,reys,rEiS,r.e.y.s,_,fro,NOMcom,NOMcom,smn,roi,DMF,roi,,,<lg n=&quot;7&quot; type=&quot;laisse&quot; met=&quot;octosyllable&quot;><l n=&quot;46&quot;>
287,54,2,53,"AlexAlb, l. 53",reys,reys,rEiS,r.e.y.s,_,fro,NOMcom,NOMcom,smn,roi,DMF,roi,,,
299,55,7,54,"AlexAlb, l. 54",reys,reys,rEiS,r.e.y.s,.,fro,NOMcom,NOMcom,smn,roi,DMF,roi,,</l>,
572,102,2,101,"AlexAlb, l. 101",rotta,rotta,rotə,r.o.tt.a,_,fro,NOMcom,NOMcom,sfr,rote2,DMF,,,,
114,22,3,21,"AlexAlb, l. 21",sapi,sapi,SApi,s.a.p.i,_,fro,ADJqua,ADJqua,pmn,sage,DMF,sage,,,
2,1,2,---,"AlexAlb, l. 1 (f. 115r)",salomon,salomon,SAlomOn,s.a.l.o.m.o.n,_,fro,NOMpro,NOMpro,smn,Salomon,DMF,Salomon,,,
8,2,2,1,"AlexAlb, l. 1 (f. 115v)",salomon,salomon,SAlomOn,s.a.l.o.m.o.n,_,fro,NOMpro,NOMpro,smn,Salomon,DMF,Salomon,,,
447,80,5,79,"AlexAlb, l. 79",semgleyr,semgleyr,SENgLEir,s.e.m.g.l.e.y.r,.,fro,ADJqua,ADJqua,smr,sanglier,DMF,sanglier,lemma_AlexAlbZ:397,</l>,
546,98,2,97,"AlexAlb, l. 97",senz,senz,SENÇ,s.e.n.z,_,fro,PRE,PRE,---,sans,DMF,sans,,,
481,87,2,86,"AlexAlb, l. 86",sapientia,sapientia,SApiENʦiA,s.a.p.i.e.n.t.i.a,_,fro,NOMcom,NOMcom,sfr,sapience,DMF,sapience,lang_AlexAlbZ:392,,
218,40,6,39,"AlexAlb, l. 39",say,say,SAi,s.a.y,_,fro,VERcjg,VERcjg,indpst1,savoir,DMF,savoir,,,
33,7,2,6,"AlexAlb, l. 6",s,s,S,s,+,fro,PRCper,PRCper,sfr,se,DMF,se,,,
449,81,2,80,"AlexAlb, l. 80",s,s,S,s,+,fro,PRCper,PRCper,3smr,se,DMF,se,,,
427,76,6,75,"AlexAlb, l. 75",soyientreyr,soyientreyr,SOiiENtrEir,s.o.y.i.e.n.t.r.e.y.r,.,fro,ADJord,ADJord,smr,sĕcŭndus,FEW,,lemma_MölkHoltus1999:614,</l>,
499,90,3,89,"AlexAlb, l. 89",ser_mon,sermon,SErmOn,s.e.r.m.o.n,_,fro,NOMcom,NOMcom,smr,sermon,DMF,sermon,,,
243,44,4,43,"AlexAlb, l. 43",seruir,servir,SErvir,s.e.r.v.i.r,.,fro,VERinf,VERinf,---,servir,DMF,servir,,</l>,
318,59,1,58,"AlexAlb, l. 58",si,si,Si,s.i,+,fro,CONsub,CONsub,---,si3,DMF,si3,,,<l n=&quot;58&quot;>
226,42,1,41,"AlexAlb, l. 41",sor,sor,SXr,s.o.r,|,fro,NOMcom,NOMcom,sfr,soeur,DMF,soeur,,,<l n=&quot;41&quot;>
584,104,2,103,"AlexAlb, l. 103",se,se,SE,s.e,+,fro,PRNper,PRNper,3smr,soi,DMF,soi,,,
517,93,4,92,"AlexAlb, l. 92",seyr,seyr,SEir,s.e.y.r,_,fro,NOMcom,NOMcom,smr,soir,DMF,soir,,,
271,51,2,50,"AlexAlb, l. 50",sol,sol,Sol,s.o.l,_,fro,NOMcom,NOMcom,smn,sol2,TL,,morph_AlexAlbZ:410,,
284,53,4,52,"AlexAlb, l. 52",sas,sas,SAS,s.a.s,_,fro,DETdef,DETdef,pfr,son4,DMF,son4,,,
15,3,3,2,"AlexAlb, l. 2",son,son,SOn,s.o.n,+,fro,DETpos,DETpos,3smr,son4,DMF,son4,,,
177,34,3,33,"AlexAlb, l. 33",ses,ses,SES,s.e.s,_,fro,DETpos,DETpos,3smn,son4,DMF,son4,,,
273,51,4,50,"AlexAlb, l. 50",sas,sas,SAS,s.a.s,_,fro,DETpos,DETpos,3pfr,son4,DMF,son4,,,
433,78,1,77,"AlexAlb, l. 77",son,son,SOn,s.o.n,+,fro,DETpos,DETpos,3smr,son4,DMF,son4,,,<l n=&quot;77&quot;>
523,94,3,93,"AlexAlb, l. 93",son,son,SOn,s.o.n,_,fro,DETpos,DETpos,3smr,son4,DMF,son4,,,
534,96,3,95,"AlexAlb, l. 95",s_s,ss,s,ss,+,fro,DETpos,DETpos,3sfr,son4,DMF,son4,,,
540,97,3,96,"AlexAlb, l. 96",sa,sa,SA,s.a,_,fro,DETpos,DETpos,3sfr,son4,DMF,son4,,,
576,102,6,101,"AlexAlb, l. 101",sonar,sonar,SonAr,s.o.n.a.r,.,fro,VERinf,VERinf,---,sonner,DMF,sonner,,</l>,
333,61,1,60,"AlexAlb, l. 60",Saur,saur,SAur,s.a.u.r,+,fro,ADJqua,ADJqua,smr,sor,DMF,sor,lemma_MölkHoltus1999:613,,<lg n=&quot;9&quot; type=&quot;laisse&quot; met=&quot;octosyllable&quot;><l n=&quot;60&quot;>
377,68,1,67,"AlexAlb, l. 67",saur,saur,SAur,s.a.u.r,+,fro,ADJqua,ADJqua,smr,sor,DMF,sor,,,<l n=&quot;67&quot;>
36,8,1,7,"AlexAlb, l. 7",solaz,solaz,SolAÇ,s.o.l.a.z,_,fro,NOMcom,NOMcom,smr,soulas,DMF,soulas,,,<l n=&quot;7&quot;>
222,41,3,40,"AlexAlb, l. 40",sub,sub,SoP,s.u.b,_,fro,PRE,PRE,---,sous,DMF,sous,,,
393,71,3,70,"AlexAlb, l. 70",subtil,subtil,SyPtil,s.u.b.t.i.l,_,fro,ADJqua,ADJqua,smr,subtil,DMF,subtil,,,
119,23,3,22,"AlexAlb, l. 22",sur,sur,Syr,s.u.r,|,fro,PRE,PRE,---,sur,DMF,sur,,,
411,74,3,73,"AlexAlb, l. 73",talent,talent,tAlENT,t.a.l.e.n.t,_,fro,NOMcom,NOMcom,smr,talent,DMF,talent,,,
212,39,8,38,"AlexAlb, l. 38",tenzon,tenzon,tENÇOn,t.e.n.z.o.n,;|,fro,NOMcom,NOMcom,sfr,tançon,DMF,tançon,,</l></lg>,
70,13,6,12,"AlexAlb, l. 12",tan,tan,tAn,t.a.n,_,fro,ADVgen,ADVgen,---,tant,DMF,tant,,,
78,15,1,14,"AlexAlb, l. 14",tant,tant,tANT,t.a.n.t,_,fro,DETind,DETind,smr,tant,DMF,tant,,,<l n=&quot;14&quot;>
85,16,2,15,"AlexAlb, l. 15",tanta,tanta,tANtə,t.a.n.t.a,_,fro,DETind,DETind,sfr,tant,DMF,tant,,,
89,17,2,16,"AlexAlb, l. 16",tan,tan,tAn,t.a.n,_,fro,DETind,DETind,smr,tant,DMF,tant,,,
294,55,2,54,"AlexAlb, l. 54",tal,tal,tAl,t.a.l,_,fro,ADJind,ADJind,sfr,tel,DMF,tel,,,
211,39,7,38,"AlexAlb, l. 38",tal,tal,tAl,t.a.l,_,fro,DETind,DETind,sfr,tel,DMF,tel,,,
325,60,1,59,"AlexAlb, l. 59",tal,tal,tAl,t.a.l,_,fro,DETind,DETind,smr,tel,DMF,tel,,,<l n=&quot;59&quot;>
269,50,4,49,"AlexAlb, l. 49",te[m]pestaz,tempestaz,tENpEStAÇ,t.e.m.p.e.s.t.a.z,.,fro,NOMcom,NOMcom,pfn,tempête,DMF,tempête,,</l>,
582,103,6,102,"AlexAlb, l. 102",temprar,temprar,tENprAr,t.e.m.p.r.a.r,.,fro,VERinf,VERinf,---,temprer,DMF,temprer,,</l>,
59,12,3,11,"AlexAlb, l. 11",temps,temps,tENPS,t.e.m.p.s,_,fro,NOMcom,NOMcom,smr,temps,DMF,temps,,,
187,36,2,35,"AlexAlb, l. 35",ten,ten,tEn,t.e.n,|,fro,VERcjg,VERcjg,indpsp3,tenir,DMF,tenir,,,
455,82,3,81,"AlexAlb, l. 81",teyne,teyne,tEñə,t.e.yn.e,_,fro,VERcjg,VERcjg,subpst3,tenir,DMF,tenir,,,
86,16,3,15,"AlexAlb, l. 15",terra,terra,tèrrə,t.e.r.r.a,_,fro,NOMcom,NOMcom,sfr,terre,DMF,terre,,,
262,49,3,48,"AlexAlb, l. 48",t[er]ra,terra,tèrrə,t.e.r.r.a,_,fro,NOMcom,NOMcom,sfn,terre,DMF,terre,,,
291,54,6,53,"AlexAlb, l. 53",terra,terra,tèrrə,t.e.r.r.a,_,fro,NOMcom,NOMcom,sfr,terre,DMF,terre,,,
592,105,4,104,"AlexAlb, l. 104",terra,terra,tErrə,t.e.r.r.a,_,fro,NOMcom,NOMcom,sfr,terre,DMF,terre,,,
551,99,2,98,"AlexAlb, l. 98",terz,terz,tèrÇ,t.e.r.z,_,fro,PRNord,PRNord,smn,tiers,DMF,tiers,,,
32,7,1,6,"AlexAlb, l. 6",toylle,toylle,tXʎə,t.o.yll.e,_,fro,VERcjg,VERcjg,subpst3,tolir,DMF,tolir,,,<l n=&quot;6&quot;>
580,103,4,102,"AlexAlb, l. 102",tons,tons,tONS,t.o.n.s,_,fro,NOMcom,NOMcom,pmr,ton,DMF,ton,,,
266,50,1,49,"AlexAlb, l. 49",toneyres,toneyres,tOnEirəS,t.o.n.e.y.r.e.s,_,fro,NOMcom,NOMcom,smn,tonnerre,DMF,tonnerre,,,<l n=&quot;49&quot;>
562,100,6,99,"AlexAlb, l. 99",tort,tort,tòrT,t.o.r.t,_,fro,NOMcom,NOMcom,smr,tort,DMF,tort,,,
320,59,3,58,"AlexAlb, l. 58",to_ca,toca,tokə,t.o.c.a,_,fro,VERcjg,VERcjg,indpst3,toucher,DMF,toucher,,,
570,101,6,100,"AlexAlb, l. 100",toccar,toccar,toċAr,t.o.cc.a.r,.,fro,VERinf,VERinf,---,toucher,DMF,toucher,,</l>,
279,52,5,51,"AlexAlb, l. 51",toz,toz,toÇ,t.o.z,_,fro,ADVgen,ADVgen,---,tout,DMF,tout,,,
340,62,1,61,"AlexAlb, l. 61",tot,tot,toT,t.o.t,+,fro,ADVgen,ADVgen,---,tout,DMF,tout,dipl_MölkHoltus1999:589,,<l n=&quot;61&quot;>
120,23,4,22,"AlexAlb, l. 22",tota,tota,totə,t.o.t.a,_,fro,DETind,DETind,sfr,tout,DMF,tout,,,
264,49,5,48,"AlexAlb, l. 48",toz,toz,toÇ,t.o.z,_,fro,DETind,DETind,pmr,tout,DMF,tout,,,
464,84,2,83,"AlexAlb, l. 83",totas,totas,totAS,t.o.t.a.s,_,fro,DETind,DETind,pfr,tout,DMF,tout,,,
579,103,3,102,"AlexAlb, l. 102",toz,toz,toÇ,t.o.z,_,fro,DETind,DETind,pmr,tout,DMF,tout,,,
41,9,2,8,"AlexAlb, l. 8",tot,tot,toT,t.o.t,_,fro,PRNind,PRNind,snn,tout,DMF,tout,,,
454,82,2,81,"AlexAlb, l. 81",trestot,trestot,trEStoT,t.r.e.s.t.o.t,_,fro,ADVgen,ADVgen,---,trèstout,DMF,trèstout,,,
311,57,6,56,"AlexAlb, l. 56",treys,treys,trEiS,t.r.e.y.s,.|,fro,ADJcar,ADJcar,pmr,trois,DMF,trois,,</l>,
395,71,5,70,"AlexAlb, l. 70",trob,trob,tròP,t.r.o.b,_,fro,ADVgen,ADVgen,---,trop,DMF,trop,,,
347,63,2,62,"AlexAlb, l. 62",un,un,yn,u.n,_,fro,ADJind,ADJind,smr,un,DMF,un,,,
68,13,4,12,"AlexAlb, l. 12",un,un,yn,u.n,_,fro,DETndf,DETndf,smr,un,DMF,un,,,
126,24,5,23,"AlexAlb, l. 23",un,un,yn,u.n,_,fro,DETndf,DETndf,smr,un,DMF,un,,,
491,89,2,88,"AlexAlb, l. 88",uns,uns,yNS,u.n.s,_,fro,PRNind,PRNind,smn,un,DMF,un,,,
128,24,7,23,"AlexAlb, l. 23",ualent,valent,vAlENT,v.a.l.e.n.t,.,fro,VERppa,VERppa,smr,valoir,DMF,valoir,,</l>,
44,9,5,8,"AlexAlb, l. 8",uanitas,vanitas,vAnitAS,v.a.n.i.t.a.s,.,lat,NOMcom,NOMcom,sfn,vanitas,wiktionary,,,</l></lg>,
181,35,2,34,"AlexAlb, l. 34",uasal,vasal,vAsAl,v.a.s.a.l,_,fro,NOMcom,NOMcom,smr,vassal,DMF,vassal,,,
308,57,3,56,"AlexAlb, l. 56",uirtud,virtud,virtyð,v.i.r.t.u.d,_,fro,NOMcom,NOMcom,sfr,vertu,DMF,vertu,,,
49,10,5,9,"AlexAlb, l. 9",uid,vid,viT,v.i.d,_,fro,VERcjg,VERcjg,indpsp3,voir,DMF,voir,,,
67,13,3,12,"AlexAlb, l. 12",uidist,vidist,viðiST,v.i.d.i.s.t,|,fro,VERcjg,VERcjg,subipf3,voir,DMF,voir,,,
183,35,4,34,"AlexAlb, l. 34",uid,vid,viT,v.i.d,_,fro,VERcjg,VERcjg,indpsp3,voir,DMF,voir,,,
430,77,3,76,"AlexAlb, l. 76",uey,vey,vEi,v.e.y,_,fro,VERcjg,VERcjg,indpst3,voir,DMF,voir,,,
524,94,4,93,"AlexAlb, l. 93",uicin,vicin,viʦin,v.i.c.i.n,.|,fro,NOMcom,NOMcom,smr,voisin,DMF,voisin,,</l></lg>,
436,78,4,77,"AlexAlb, l. 77",uolun|teyr,volunteyr,volONtEir,v.o.l.u.n.t.e.y.r,.,fro,ADVgen,ADVgen,---,volontiers,DMF,volontiers,,</l>,
374,67,4,66,"AlexAlb, l. 66",uult,vult,voLT,v.u.l.t,_,fro,NOMcom,NOMcom,smr,voult,DMF,voult,,,
136,26,2,25,"AlexAlb, l. 25",uos,vos,voS,v.o.s,_,fro,PRCper,PRCper,5pmr,vous,DMF,vous,,,
217,40,5,39,"AlexAlb, l. 39",uos,vos,voS,v.o.s,_,fro,PRCper,PRCper,5pmr,vous,DMF,vous,,,
209,39,5,38,"AlexAlb, l. 38",xerse[n],xersen,SErSEn,x.e.r.s.e.n,_,lat,NOMpro,NOMpro,smr,Xerxes,wiktionary,,,,
124,24,3,23,"AlexAlb, l. 23",i,i,i,i,+,fro,PRCadv,PRCadv,---,y2,DMF,y2,,,
301,56,2,55,"AlexAlb, l. 55",i,i,i,i,+,fro,PRCadv,PRCadv,---,y2,DMF,y2,,,
