wd_id,line_id,line_wd,textlineid,ref,dipl,word,wd_div,lang,pos,pos_syn,morph,lemma,lemma_src,lemma_dmf,phil_note,tei_right,tei_left
1,1,1,1,"CantQuSol, l. 1",Quant,quant,_,fro,,CONsub,,quand,,,,,"<text><body xml:lang=&quot;fro&quot;><pb n=&quot;92v&quot; facs=&quot;https://gallica.bnf.fr/ark:/12148/btv1b8427444b/f192.item&quot;/><lb n=&quot;3&quot;/><lg n=&quot;1&quot; type=&quot;stanza&quot; met=&quot;decasyllable,tetrasyllable&quot; rhyme=&quot;aab&quot;><l n=&quot;1&quot;>"
2,1,2,1,"CantQuSol, l. 1",li,li,+,fro,,DETdef,smn,le,,,,,
3,1,3,1,"CantQuSol, l. 1",solleiz,solleiz,_,fro,,NOMcom,smn,soleil,,,,,
4,1,4,1,"CantQuSol, l. 1",conu[er]set,converset,_,fro,,VERcjg,indpst3,converser,,,,,
5,1,5,1,"CantQuSol, l. 1",en,en,+,fro,,PRE,,en,,,,,
6,1,6,1,"CantQuSol, l. 1",leon,leon,|,fro,,NOMcom,smr,lion,,,,</l>,
7,2,1,2,"CantQuSol, l. 2",en,en,+,fro,,PRE,,en,,,,,<l n=&quot;2&quot;>
8,2,2,2,"CantQuSol, l. 2",icel,icel,+,fro,,DETdem,smr,cil,,,,,
9,2,3,2,"CantQuSol, l. 2",tens,tens,_,fro,,NOMcom,smr,temps,,,,,
10,2,4,2,"CantQuSol, l. 2",qu,qu,+,fro,,PRNrel,smn,que,,,,,
11,2,5,2,"CantQuSol, l. 2",est,est,_,fro,,VERcjg,indpst3,être,,,,,
12,2,6,2,"CantQuSol, l. 2",ort[us],ortus,_,lat,,NOMcom,smn,hortus,wiktionary,,,,
13,2,7,2,"CantQuSol, l. 2",pliadon,pliadon,|,fro,,NOMcom,sfr,Pléiade,wikipedia.fr,,,</l>,
14,3,1,3,"CantQuSol, l. 3",perunt,perunt,_,fro,,,,,,,,,<l n=&quot;3&quot;>
15,3,2,3,"CantQuSol, l. 3",matin,matin,;,fro,,NOMcom,,matin,,,,</l></lg>,
16,4,1,4,"CantQuSol, l. 4",Vne,une,|,fro,,DETndf,sfr,un,,,,,"<lg n=&quot;2&quot; type=&quot;stanza&quot; met=&quot;decasyllable,tetrasyllable&quot; rhyme=&quot;aab&quot;><l n=&quot;4&quot;>"
17,4,2,4,"CantQuSol, l. 4",pulcellet,pulcellet,_,fro,,NOMcom,sfr,pucelle,,,,,
18,4,3,4,"CantQuSol, l. 4",odit,odit,_,fro,,VERcjg,indpsp1,ouïr,,,,,
19,4,4,4,"CantQuSol, l. 4",molt,molt,_,fro,,ADVgen,,moult,,,,,
20,4,5,4,"CantQuSol, l. 4",gent,gent,_,fro,ADJqua,ADVgen,,gent2,,,,,
21,4,6,4,"CantQuSol, l. 4",plo|rer,plorer,_,fro,,VERinf,,pleurer,,,,</l>,
22,5,1,5,"CantQuSol, l. 5",[et],et,_,fro,,CONcoo,,et,,,,,<l n=&quot;5&quot;>
23,5,2,5,"CantQuSol, l. 5",son,son,_,fro,,DETpos,3smr,son4,,,,,
24,5,3,5,"CantQuSol, l. 5",ami,ami,_,fro,,NOMcom,smr,ami,,,,,
25,5,4,5,"CantQuSol, l. 5",dolcement,dolcement,_,fro,,ADVgen,,doucement,,,,,
26,5,5,5,"CantQuSol, l. 5",regre|ter,regreter,_,fro,,VERinf,,regretter,,,,</l>,
27,6,1,6,"CantQuSol, l. 6",[et],et,_,fro,,CONcoo,,et,,,,,<l n=&quot;6&quot;>
28,6,2,6,"CantQuSol, l. 6",i[=io],jo,_,fro,,PRNper,1smn,je,,,,,
29,6,3,6,"CantQuSol, l. 6",lli,lli,_,fro,,PRCper,3sfi,le,,,,,
30,6,4,6,"CantQuSol, l. 6",dis,dis,;,fro,,VERcjg,indpsp1,dire,,,,</l></lg>,
31,7,1,7,"CantQuSol, l. 7",Gentilz,gentilz,+,fro,,,,,,,,,"<lg n=&quot;3&quot; type=&quot;stanza&quot; met=&quot;decasyllable,tetrasyllable&quot; rhyme=&quot;aab&quot;><l n=&quot;7&quot;>"
32,7,2,7,"CantQuSol, l. 7",pucellet,pucellet,|,fro,,,,,,,,,
33,7,3,7,"CantQuSol, l. 7",molt,molt,_,fro,,,,,,,,,
34,7,4,7,"CantQuSol, l. 7",t,t,+,fro,,,,,,,,,
35,7,5,7,"CantQuSol, l. 7",ai,ai,_,fro,,,,,,,,,
36,7,6,7,"CantQuSol, l. 7",odit,odit,_,fro,,,,,,,,,
37,7,7,7,"CantQuSol, l. 7",plorer,plorer,_,fro,,,,,,,,</l>,
38,8,1,8,"CantQuSol, l. 8",e,e,_,fro,,,,,,,,,<l n=&quot;8&quot;>
39,8,2,8,"CantQuSol, l. 8",tum,tum,_,fro,,,,,,,,,
40,8,3,8,"CantQuSol, l. 8",ami,ami,|,fro,,,,,,,,,
41,8,4,8,"CantQuSol, l. 8",dolcement,dolcement,|,fro,,,,,,,,,
42,8,5,8,"CantQuSol, l. 8",regreter,regreter,|,fro,,,,,,,,</l>,
43,9,1,9,"CantQuSol, l. 9",[et],et,_,fro,,,,,,,,,<l n=&quot;9&quot;>
44,9,2,9,"CantQuSol, l. 9",chi,chi,_,fro,,,,,,,,,
45,9,3,9,"CantQuSol, l. 9",est,est,_,fro,,,,,,,,,
46,9,4,9,"CantQuSol, l. 9",illi,illi,;|,fro,,,,,,,,</l></lg>,
47,10,1,10,"CantQuSol, l. 10",rget,…rget,_,fro,,,,,,,,,"<lg n=&quot;4&quot; type=&quot;stanza&quot; met=&quot;decasyllable,tetrasyllable&quot; rhyme=&quot;aab&quot;><l n=&quot;10&quot;><gap reason=""damage""/>"
48,10,2,10,"CantQuSol, l. 10",fud,fud,+,fro,,,,,,,,,
49,10,3,10,"CantQuSol, l. 10",de,de,+,fro,,,,,,,,,
50,10,4,10,"CantQuSol, l. 10",bon,bon,|,fro,,,,,,,,,
51,10,5,10,"CantQuSol, l. 10",ient,…ient,_,fro,,,,,,,,</l>,"<gap reason=""damage""/>"
52,11,1,11,"CantQuSol, l. 11",si,si,+,fro,,,,,,,,,<l n=&quot;11&quot;>
53,11,2,11,"CantQuSol, l. 11",respon,respon,|,fro,,,,,,,,,
54,11,3,11,"CantQuSol, l. 11",lt,…lt,_,fro,,,,,,,,,"<gap reason=""damage""/>"
55,11,4,11,"CantQuSol, l. 11",auenable,avenable,|,fro,,,,,,,,</l>,
56,12,1,12,"CantQuSol, l. 12",so,so,+,fro,,,,,,,,,<l n=&quot;12&quot;>
57,12,2,12,"CantQuSol, l. 12",son,son,_,fro,,,,,,,,,
58,12,3,12,"CantQuSol, l. 12",ami,ami,;|,fro,,,,,,,,</l></lg>,
59,13,1,13,"CantQuSol, l. 13",Li,li,+,fro,,,,,,,,,"<lg n=&quot;5&quot; type=&quot;stanza&quot; met=&quot;decasyllable,tetrasyllable&quot; rhyme=&quot;aab&quot;><l n=&quot;13&quot;>"
60,13,2,13,"CantQuSol, l. 13",miens,miens,|,fro,,,,,,,,,
61,13,3,13,"CantQuSol, l. 13",amis,amis,_,fro,,,,,,,,,
62,13,4,13,"CantQuSol, l. 13",il,il,_,fro,,,,,,,,,
63,13,5,13,"CantQuSol, l. 13",est,est,_,fro,,,,,,,,,
64,13,6,13,"CantQuSol, l. 13",de,de,+,fro,,,,,,,,,
65,13,7,13,"CantQuSol, l. 13",tel,tel,_,fro,,,,,,,,,
66,13,8,13,"CantQuSol, l. 13",paraget,paraget,_,fro,,,,,,,,</l>,
67,14,1,14,"CantQuSol, l. 14",que,que,_,fro,,,,,,,,,<l n=&quot;14&quot;>
68,14,2,14,"CantQuSol, l. 14",neuls,neuls,+,fro,,,,,,,,,
69,14,3,14,"CantQuSol, l. 14",on,on,|,fro,,,,,,,,,
70,14,4,14,"CantQuSol, l. 14",n,n,+,fro,,,,,,,,,
71,14,5,14,"CantQuSol, l. 14",en,en,+,fro,,,,,,,,,
72,14,6,14,"CantQuSol, l. 14",seit,seit,_,fro,,,,,,,,,
73,14,7,14,"CantQuSol, l. 14",conter,conter,_,fro,,,,,,,,,
74,14,8,14,"CantQuSol, l. 14",lignaget,lignaget,_,fro,,,,,,,,</l>,
75,15,1,15,"CantQuSol, l. 15",de,de,+,fro,,,,,,,,,<l n=&quot;15&quot;>
76,15,2,15,"CantQuSol, l. 15",l,l,+,fro,,,,,,,,,
77,15,3,15,"CantQuSol, l. 15",une,une,|,fro,,,,,,,,,
78,15,4,15,"CantQuSol, l. 15",part,part,;,fro,,,,,,,,</l></lg>,
79,16,1,16,"CantQuSol, l. 16",Il,il,_,fro,,,,,,,,,"<lg n=&quot;6&quot; type=&quot;stanza&quot; met=&quot;decasyllable,tetrasyllable&quot; rhyme=&quot;aab&quot;><l n=&quot;16&quot;>"
80,16,2,16,"CantQuSol, l. 16",est,est,_,fro,,,,,,,,,
81,16,3,16,"CantQuSol, l. 16",plus,plus,_,fro,,,,,,,,,
82,16,4,16,"CantQuSol, l. 16",gensz,gensz,_,fro,,,,,,,,,
83,16,5,16,"CantQuSol, l. 16",que,que,_,fro,,,,,,,,,
84,16,6,16,"CantQuSol, l. 16",solleiz,solleiz,|,fro,,,,,,,,,
85,16,7,16,"CantQuSol, l. 16",enn,enn,+,fro,,,,,,,,,
86,16,8,16,"CantQuSol, l. 16",ested,ested,_,fro,,,,,,,,</l>,
87,17,1,17,"CantQuSol, l. 17",uers,vers,_,fro,,,,,,,,,<l n=&quot;17&quot;>
88,17,2,17,"CantQuSol, l. 17",lui,lui,_,fro,,,,,,,,,
89,17,3,17,"CantQuSol, l. 17",ne,ne,_,fro,,,,,,,,,
90,17,4,17,"CantQuSol, l. 17",pued,pued,_,fro,,,,,,,,,
91,17,5,17,"CantQuSol, l. 17",tenir,tenir,|,fro,,,,,,,,,
92,17,6,17,"CantQuSol, l. 17",nulle,nulle,_,fro,,,,,,,,,
93,17,7,17,"CantQuSol, l. 17",clartez,clartez,_,fro,,,,,,,,</l>,
94,18,1,18,"CantQuSol, l. 18",tant,tant,_,fro,,,,,,,,,<l n=&quot;18&quot;>
95,18,2,18,"CantQuSol, l. 18",par,par,_,fro,,,,,,,,,
96,18,3,18,"CantQuSol, l. 18",est,est,_,fro,,,,,,,,,
97,18,4,18,"CantQuSol, l. 18",belsz,belsz,;|,fro,,,,,,,,</l></lg>,
98,19,1,19,"CantQuSol, l. 19",Blans,blans,_,fro,,,,,,,,,"<lg n=&quot;7&quot; type=&quot;stanza&quot; met=&quot;decasyllable,tetrasyllable&quot; rhyme=&quot;aab&quot;><l n=&quot;19&quot;>"
99,19,2,19,"CantQuSol, l. 19",[est],est,_,fro,,,,,,,,,
100,19,3,19,"CantQuSol, l. 19",[et],et,_,fro,,,,,,,,,
101,19,4,19,"CantQuSol, l. 19",roges,roges,_,fro,,,,,,,,,
102,19,5,19,"CantQuSol, l. 19",plus,plus,_,fro,,,,,,,,,
103,19,6,19,"CantQuSol, l. 19",que,que,_,fro,,,,,,,,,
104,19,7,19,"CantQuSol, l. 19",io,jo,_,fro,,,,,,,,,
105,19,8,19,"CantQuSol, l. 19",ne,ne,+,fro,,,,,,,,,
106,19,9,19,"CantQuSol, l. 19",l,l,+,fro,,,,,,,,,
107,19,10,19,"CantQuSol, l. 19",saí,sai,|,fro,,,,,,,,</l>,
108,20,1,20,"CantQuSol, l. 20",diret,diret,_,fro,,,,,,,,,<l n=&quot;20&quot;>
109,20,2,20,"CantQuSol, l. 20",li,li,_,fro,,,,,,,,,
110,20,3,20,"CantQuSol, l. 20",suensz,suensz,_,fro,,,,,,,,,
111,20,4,20,"CantQuSol, l. 20",senblansz,senblansz,_,fro,,,,,,,,,
112,20,5,20,"CantQuSol, l. 20",n,n,+,fro,,,,,,,,,
113,20,6,20,"CantQuSol, l. 20",en,en,+,fro,,,,,,,,,
114,20,7,20,"CantQuSol, l. 20",est,est,|,fro,,,,,,,,,
115,20,8,20,"CantQuSol, l. 20",entreiz,entreiz,_,fro,,,,,,,,,
116,20,9,20,"CantQuSol, l. 20",cent,cent,_,fro,,,,,,,,,
117,20,10,20,"CantQuSol, l. 20",miliet,miliet,_,fro,,,,,,,,</l>,
118,21,1,21,"CantQuSol, l. 21",ne,ne,+,fro,,,,,,,,,<l n=&quot;21&quot;>
119,21,2,21,"CantQuSol, l. 21",ia,ja,+,fro,,,,,,,,,
120,21,3,21,"CantQuSol, l. 21",n,n,+,fro,,,,,,,,,
121,21,4,21,"CantQuSol, l. 21",en,en,+,fro,,,,,,,,,
122,21,5,21,"CantQuSol, l. 21",i,i,|,fro,,,,,,,,,
123,21,6,21,"CantQuSol, l. 21",ert,ert,;,fro,,,,,,,,</l></lg>,
124,22,1,22,"CantQuSol, l. 22",Il,il,_,fro,,,,,,,,,"<lg n=&quot;8&quot; type=&quot;stanza&quot; met=&quot;decasyllable,tetrasyllable&quot; rhyme=&quot;aab&quot;><l n=&quot;22&quot;>"
125,22,2,22,"CantQuSol, l. 22",dist,dist,_,fro,,,,,,,,,
126,22,3,22,"CantQuSol, l. 22",de,de,+,fro,,,,,,,,,
127,22,4,22,"CantQuSol, l. 22",mei,mei,_,fro,,,,,,,,,
128,22,5,22,"CantQuSol, l. 22",que,que,_,fro,,,,,,,,,
129,22,6,22,"CantQuSol, l. 22",io,jo,_,fro,,,,,,,,,
130,22,7,22,"CantQuSol, l. 22",eret,eret,|,fro,,,,,,,,,
131,22,8,22,"CantQuSol, l. 22",molt,molt,_,fro,,,,,,,,,
132,22,9,22,"CantQuSol, l. 22",bellet,bellet,_,fro,,,,,,,,</l>,
133,23,1,23,"CantQuSol, l. 23",si,si,+,fro,,,,,,,,,<l n=&quot;23&quot;>
134,23,2,23,"CantQuSol, l. 23",m,m,+,fro,,,,,,,,,
135,23,3,23,"CantQuSol, l. 23",ai_met,aimet,_,fro,,,,,,,,,
136,23,4,23,"CantQuSol, l. 23",tant,tant,|,fro,,,,,,,,,
137,23,5,23,"CantQuSol, l. 23",toz,toz,_,fro,,,,,,,,,
138,23,6,23,"CantQuSol, l. 23",temps,temps,_,fro,,,,,,,,,
139,23,7,23,"CantQuSol, l. 23",li,li,+,fro,,,,,,,,,
140,23,8,23,"CantQuSol, l. 23",soi,soi,_,fro,,,,,,,,,
141,23,9,23,"CantQuSol, l. 23",nouelet,novelet,_,fro,,,,,,,,</l>,
142,24,1,24,"CantQuSol, l. 24",soe,soe,+,fro,,,,,,,,,<l n=&quot;24&quot;>
143,24,2,24,"CantQuSol, l. 24",mer|cid,mercid,;,fro,,,,,,,,</l></lg>,
144,25,1,25,"CantQuSol, l. 25",Dolćór,dolcor,_,fro,,,,,,,,,"<lg n=&quot;9&quot; type=&quot;stanza&quot; met=&quot;decasyllable,tetrasyllable&quot; rhyme=&quot;aab&quot;><l n=&quot;25&quot;>"
145,25,2,25,"CantQuSol, l. 25",de,de,+,fro,,,,,,,,,
146,25,3,25,"CantQuSol, l. 25",mel,mel,_,fro,,,,,,,,,
147,25,4,25,"CantQuSol, l. 25",apeleid,apeleid,_,fro,,,,,,,,,
148,25,5,25,"CantQuSol, l. 25",mes,mes,|,fro,,,,,,,,,
149,25,6,25,"CantQuSol, l. 25",leures,leures,_,fro,,,,,,,,</l>,
150,26,1,26,"CantQuSol, l. 26",de,de,+,fro,,,,,,,,,<l n=&quot;26&quot;>
151,26,2,26,"CantQuSol, l. 26",soiz,soiz,_,fro,,,,,,,,,
152,26,3,26,"CantQuSol, l. 26",ma,ma,+,fro,,,,,,,,,
153,26,4,26,"CantQuSol, l. 26",languet,languet,_,fro,,,,,,,,,
154,26,5,26,"CantQuSol, l. 26",est,est,|,fro,,,,,,,,,
155,26,6,26,"CantQuSol, l. 26",li,li,+,fro,,,,,,,,,
156,26,7,26,"CantQuSol, l. 26",laiz,laiz,_,fro,,,,,,,,,
157,26,8,26,"CantQuSol, l. 26",[et],et,_,fro,,,,,,,,,
158,26,9,26,"CantQuSol, l. 26",les,les,_,fro,,,,,,,,,
159,26,10,26,"CantQuSol, l. 26",réés,rees,_,fro,,,,,,,,</l>,
160,27,1,27,"CantQuSol, l. 27",[et],et,_,fro,,,,,,,,,<l n=&quot;27&quot;>
161,27,2,27,"CantQuSol, l. 27",io,jo,_,fro,,,,,,,,,
162,27,3,27,"CantQuSol, l. 27",sai,sai,_,fro,,,,,,,,,
163,27,4,27,"CantQuSol, l. 27",beem,beem,;|,fro,,,,,,,,</l></lg>,
164,28,1,28,"CantQuSol, l. 28",Nuls,nuls,+,fro,,,,,,,,,"<lg n=&quot;10&quot; type=&quot;stanza&quot; met=&quot;decasyllable,tetrasyllable&quot; rhyme=&quot;aab&quot;><l n=&quot;28&quot;>"
165,28,2,28,"CantQuSol, l. 28",om,om,_,fro,,,,,,,,,
166,28,3,28,"CantQuSol, l. 28",ne,ne,+,fro,,,,,,,,,
167,28,4,28,"CantQuSol, l. 28",uit,vit,_,fro,,,,,,,,,
168,28,5,28,"CantQuSol, l. 28",aromatigement,aromatigement,|,fro,,,,,,,,</l>,
169,29,1,29,"CantQuSol, l. 29",chi,chi,_,fro,,,,,,,,,<l n=&quot;29&quot;>
170,29,2,29,"CantQuSol, l. 29",tant,tant,_,fro,,,,,,,,,
171,29,3,29,"CantQuSol, l. 29",biem,biem,_,fro,,,,,,,,,
172,29,4,29,"CantQuSol, l. 29",oillet,oillet,_,fro,,,,,,,,,
173,29,5,29,"CantQuSol, l. 29",con,con,+,fro,,,,,,,,,
174,29,6,29,"CantQuSol, l. 29",funt,funt,|,fro,,,,,,,,,
175,29,7,29,"CantQuSol, l. 29",mi,mi,_,fro,,,,,,,,,
176,29,8,29,"CantQuSol, l. 29",uestement,vestement,_,fro,,,,,,,,</l>,
177,30,1,30,"CantQuSol, l. 30",a,a,+,fro,,,,,,,,,<l n=&quot;30&quot;>
178,30,2,30,"CantQuSol, l. 30",l,l,+,fro,,,,,,,,,
179,30,3,30,"CantQuSol, l. 30",som,som,_,fro,,,,,,,,,
180,30,4,30,"CantQuSol, l. 30",plaisir,plaisir,;|,fro,,,,,,,,</l></lg>,
181,31,1,31,"CantQuSol, l. 31",La,la,_,fro,,,,,,,,,"<cb n=&quot;b&quot;/><lg n=&quot;11&quot; type=&quot;stanza&quot; met=&quot;decasyllable,tetrasyllable&quot; rhyme=&quot;aab&quot;><l n=&quot;31&quot;> "
182,31,2,31,"CantQuSol, l. 31",u,u,_,fro,,,,,,,,,
183,31,3,31,"CantQuSol, l. 31",io,jo,+,fro,,,,,,,,,
184,31,4,31,"CantQuSol, l. 31",fuid,fuid,_,fro,,,,,,,,,
185,31,5,31,"CantQuSol, l. 31",iuersz,iversz,_,fro,,,,,,,,,
186,31,6,31,"CantQuSol, l. 31",n,n,+,fro,,,,,,,,,
187,31,7,31,"CantQuSol, l. 31",i,i,+,fro,,,,,,,,,
188,31,8,31,"CantQuSol, l. 31",puet,puet,_,fro,,,,,,,,,
189,31,9,31,"CantQuSol, l. 31",durer,durer,|,fro,,,,,,,,</l>,
190,32,1,32,"CantQuSol, l. 32",toz,toz,_,fro,,,,,,,,,<l n=&quot;32&quot;>
191,32,2,32,"CantQuSol, l. 32",tens,tens,_,fro,,,,,,,,,
192,32,3,32,"CantQuSol, l. 32",florist,florist,_,fro,,,,,,,,,
193,32,4,32,"CantQuSol, l. 32",li,li,+,fro,,,,,,,,,
194,32,5,32,"CantQuSol, l. 32",leuz,leuz,_,fro,,,,,,,,,
195,32,6,32,"CantQuSol, l. 32",de,de,+,fro,,,,,,,,,
196,32,7,32,"CantQuSol, l. 32",ma,ma,+,fro,,,,,,,,,
197,32,8,32,"CantQuSol, l. 32",bel|tez,beltez,_,fro,,,,,,,,</l>,
198,33,1,33,"CantQuSol, l. 33",por,por,_,fro,,,,,,,,,<l n=&quot;33&quot;>
199,33,2,33,"CantQuSol, l. 33",mon,mon,_,fro,,,,,,,,,
200,33,3,33,"CantQuSol, l. 33",ami,ami,;,fro,,,,,,,,</l></lg>,
201,34,1,34,"CantQuSol, l. 34",li,li,+,fro,,,,,,,,,"<lg n=&quot;12&quot; type=&quot;stanza&quot; met=&quot;decasyllable,tetrasyllable&quot; rhyme=&quot;aab&quot;><l n=&quot;34&quot;>"
202,34,2,34,"CantQuSol, l. 34",tensz,tensz,_,fro,,,,,,,,,
203,34,3,34,"CantQuSol, l. 34",est,est,|,fro,,,,,,,,,
204,34,4,34,"CantQuSol, l. 34",bels,bels,_,fro,,,,,,,,,
205,34,5,34,"CantQuSol, l. 34",les,les,_,fro,,,,,,,,,
206,34,6,34,"CantQuSol, l. 34",uin_nesz,vinnesz,_,fro,,,,,,,,,
207,34,7,34,"CantQuSol, l. 34",sont,sont,_,fro,,,,,,,,,
208,34,8,34,"CantQuSol, l. 34",flories,flories,_,fro,,,,,,,,</l>,
209,35,1,35,"CantQuSol, l. 35",l,l,+,fro,,,,,,,,,<l n=&quot;35&quot;>
210,35,2,35,"CantQuSol, l. 35",odor,odor,|,fro,,,,,,,,,
211,35,3,35,"CantQuSol, l. 35",[est],est,_,fro,,,,,,,,,
212,35,4,35,"CantQuSol, l. 35",bonet,bonet,_,fro,,,,,,,,,
213,35,5,35,"CantQuSol, l. 35",si,si,+,fro,,,,,,,,,
214,35,6,35,"CantQuSol, l. 35",l,l,+,fro,,,,,,,,,
215,35,7,35,"CantQuSol, l. 35",aimat,aimat,_,fro,,,,,,,,,
216,35,8,35,"CantQuSol, l. 35",molt,molt,_,fro,,,,,,,,,
217,35,9,35,"CantQuSol, l. 35",misiret,misiret,|,fro,,,,,,,,</l>,
218,36,1,36,"CantQuSol, l. 36",por,por,_,fro,,,,,,,,,<l n=&quot;36&quot;>
219,36,2,36,"CantQuSol, l. 36",mei,mei,_,fro,,,,,,,,,
220,36,3,36,"CantQuSol, l. 36",amor,amor,;,fro,,,,,,,,</l></lg>,
221,37,1,37,"CantQuSol, l. 37",En,en,_,fro,,,,,,,,,"<lg n=&quot;13&quot; type=&quot;stanza&quot; met=&quot;decasyllable,tetrasyllable&quot; rhyme=&quot;aab&quot;><l n=&quot;37&quot;>"
222,37,2,37,"CantQuSol, l. 37",nostre,nostre,_,fro,,,,,,,,,
223,37,3,37,"CantQuSol, l. 37",terred,terred,|,fro,,,,,,,,,
224,37,4,37,"CantQuSol, l. 37",no,no,+,fro,,,,,,,,,
225,37,5,37,"CantQuSol, l. 37",set,set,_,fro,,,,,,,,,
226,37,6,37,"CantQuSol, l. 37",oilset,oilset,_,fro,,,,,,,,,
227,37,7,37,"CantQuSol, l. 37",ćánter,canter,_,fro,,,,,,,,</l>,
228,38,1,38,"CantQuSol, l. 38",samz,samz,_,fro,,,,,,,,,<l n=&quot;38&quot;>
229,38,2,38,"CantQuSol, l. 38",la,la,+,fro,,,,,,,,,
230,38,3,38,"CantQuSol, l. 38",tor|terelet,torterelet,_,fro,,,,,,,,,
231,38,4,38,"CantQuSol, l. 38",chi,chi,_,fro,,,,,,,,,
232,38,5,38,"CantQuSol, l. 38",amat,amat,_,fro,,,,,,,,,
233,38,6,38,"CantQuSol, l. 38",ćáaste,caaste,_,fro,,,,,,,,,
234,38,7,38,"CantQuSol, l. 38",ed,ed,_,fro,,,,,,,,</l>,
235,39,1,39,"CantQuSol, l. 39",por,por,|,fro,,,,,,,,,<l n=&quot;39&quot;>
236,39,2,39,"CantQuSol, l. 39",mon,mon,_,fro,,,,,,,,,
237,39,3,39,"CantQuSol, l. 39",ami,ami,.,fro,,,,,,,,</l></lg>,
238,40,1,40,"CantQuSol, l. 40",Io,jo,_,fro,,,,,,,,,"<lg n=&quot;14&quot; type=&quot;stanza&quot; met=&quot;decasyllable,tetrasyllable&quot; rhyme=&quot;aab&quot;><l n=&quot;40&quot;>"
239,40,2,40,"CantQuSol, l. 40",l,l,+,fro,,,,,,,,,
240,40,3,40,"CantQuSol, l. 40",ai,ai,_,fro,,,,,,,,,
241,40,4,40,"CantQuSol, l. 40",molt,molt,_,fro,,,,,,,,,
242,40,5,40,"CantQuSol, l. 40",quis,quis,_,fro,,,,,,,,,
243,40,6,40,"CantQuSol, l. 40",en_cor,encor,|,fro,,,,,,,,,
244,40,7,40,"CantQuSol, l. 40",ne,ne,+,fro,,,,,,,,,
245,40,8,40,"CantQuSol, l. 40",l,l,+,fro,,,,,,,,,
246,40,9,40,"CantQuSol, l. 40",pois,pois,_,fro,,,,,,,,,
247,40,10,40,"CantQuSol, l. 40",trouert,trovert,_,fro,,,,,,,,</l>,
248,41,1,41,"CantQuSol, l. 41",n,n,+,fro,,,,,,,,,<l n=&quot;41&quot;>
249,41,2,41,"CantQuSol, l. 41",en,en,_,fro,,,,,,,,,
250,41,3,41,"CantQuSol, l. 41",uult,vult,_,fro,,,,,,,,,
251,41,4,41,"CantQuSol, l. 41",respon|dret,respondret,_,fro,,,,,,,,,
252,41,5,41,"CantQuSol, l. 41",afeiz,afeiz,_,fro,,,,,,,,,
253,41,6,41,"CantQuSol, l. 41",l,l,+,fro,,,,,,,,,
254,41,7,41,"CantQuSol, l. 41",ai,ai,+,fro,,,,,,,,,
255,41,8,41,"CantQuSol, l. 41",apeleitz,apeleitz,_,fro,,,,,,,,,
256,41,9,41,"CantQuSol, l. 41",quer,quer,_,fro,,,,,,,,</l>,
257,42,1,42,"CantQuSol, l. 42",lui,lui,|,fro,,,,,,,,,<l n=&quot;42&quot;>
258,42,2,42,"CantQuSol, l. 42",ne,ne,+,fro,,,,,,,,,
259,42,3,42,"CantQuSol, l. 42",plastz,plastz,;,fro,,,,,,,,</l></lg>,
260,43,1,43,"CantQuSol, l. 43",Les,les,_,fro,,,,,,,,,"<lg n=&quot;15&quot; type=&quot;stanza&quot; met=&quot;decasyllable,tetrasyllable&quot; rhyme=&quot;aab&quot;><l n=&quot;43&quot;>"
261,43,2,43,"CantQuSol, l. 43",es_calgaites,escalgaites,_,fro,,,,,,,,,
262,43,3,43,"CantQuSol, l. 43",chi,chi,+,fro,,,,,,,,,
263,43,4,43,"CantQuSol, l. 43",guardent,guardent,|,fro,,,,,,,,,
264,43,5,43,"CantQuSol, l. 43",la,la,+,fro,,,,,,,,,
265,43,6,43,"CantQuSol, l. 43",citez,citez,_,fro,,,,,,,,</l>,
266,44,1,44,"CantQuSol, l. 44",cil,cil,_,fro,,,,,,,,,<l n=&quot;44&quot;>
267,44,2,44,"CantQuSol, l. 44",me,me,_,fro,,,,,,,,,
268,44,3,44,"CantQuSol, l. 44",toruerent,toruerent,_,fro,,,,,,,,,
269,44,4,44,"CantQuSol, l. 44",si,si,+,fro,,,,,,,,,
270,44,5,44,"CantQuSol, l. 44",m,m,+,fro,,,,,,,,,
271,44,6,44,"CantQuSol, l. 44",ont,ont,|,fro,,,,,,,,,
272,44,7,44,"CantQuSol, l. 44",batuz,batuz,_,fro,,,,,,,,,
273,44,8,44,"CantQuSol, l. 44",aseiz,aseiz,_,fro,,,,,,,,</l>,
274,45,1,45,"CantQuSol, l. 45",por,por,_,fro,,,,,,,,,<l n=&quot;45&quot;>
275,45,2,45,"CantQuSol, l. 45",mon,mon,_,fro,,,,,,,,,
276,45,3,45,"CantQuSol, l. 45",ami,ami,;,fro,,,,,,,,</l></lg>,
277,46,1,46,"CantQuSol, l. 46",Beles,beles,|,fro,,,,,,,,,"<lg n=&quot;16&quot; type=&quot;stanza&quot; met=&quot;decasyllable,tetrasyllable&quot; rhyme=&quot;aab&quot;><l n=&quot;46&quot;>"
278,46,2,46,"CantQuSol, l. 46",pulcelesz,pulcelesz,_,fro,,,,,,,,,
279,46,3,46,"CantQuSol, l. 46",fillesz,fillesz,_,fro,,,,,,,,,
280,46,4,46,"CantQuSol, l. 46",ierusalem,jerusalem,_,fro,,,,,,,,</l>,
281,47,1,47,"CantQuSol, l. 47",por,por,_,fro,,,,,,,,,<l n=&quot;47&quot;>
282,47,2,47,"CantQuSol, l. 47",mei,mei,|,fro,,,,,,,,,
283,47,3,47,"CantQuSol, l. 47",amor,amor,_,fro,,,,,,,,,
284,47,4,47,"CantQuSol, l. 47",noncieiz,noncieiz,_,fro,,,,,,,,,
285,47,5,47,"CantQuSol, l. 47",le,le,_,fro,,,,,,,,,
286,47,6,47,"CantQuSol, l. 47",mon,mon,_,fro,,,,,,,,,
287,47,7,47,"CantQuSol, l. 47",amant,amant,|,fro,,,,,,,,</l>,
288,48,1,48,"CantQuSol, l. 48",d,d,+,fro,,,,,,,,,<l n=&quot;48&quot;>
289,48,2,48,"CantQuSol, l. 48",amor,amor,_,fro,,,,,,,,,
290,48,3,48,"CantQuSol, l. 48",languis,languis,;,fro,,,,,,,,</l></lg>,
291,49,1,49,"CantQuSol, l. 49",Chi,chi,+,fro,,,,,,,,,"<lg n=&quot;17&quot; type=&quot;stanza&quot; met=&quot;decasyllable,tetrasyllable&quot; rhyme=&quot;aab&quot;><l n=&quot;49&quot;>"
292,49,2,49,"CantQuSol, l. 49",ne,ne,_,fro,,,,,,,,,
293,49,3,49,"CantQuSol, l. 49",milie,milie,+,fro,,,,,,,,,
294,49,4,49,"CantQuSol, l. 49",anz,anz,|,fro,,,,,,,,,
295,49,5,49,"CantQuSol, l. 49",atz,atz,+,fro,,,,,,,,,
296,49,6,49,"CantQuSol, l. 49",qu,qu,+,fro,,,,,,,,,
297,49,7,49,"CantQuSol, l. 49",il,il,_,fro,,,,,,,,,
298,49,8,49,"CantQuSol, l. 49",aueid,aveid,_,fro,,,,,,,,,
299,49,9,49,"CantQuSol, l. 49",unamiet,unamiet,_,fro,,,,,,,,</l>,
300,50,1,50,"CantQuSol, l. 50",lei,lei,+,fro,,,,,,,,,<l n=&quot;50&quot;>
301,50,2,50,"CantQuSol, l. 50",ad,ad,|,fro,,,,,,,,,
302,50,3,50,"CantQuSol, l. 50",laisiet,laisiet,_,fro,,,,,,,,,
303,50,4,50,"CantQuSol, l. 50",quar,quar,_,fro,,,,,,,,,
304,50,5,50,"CantQuSol, l. 50",n,n,+,fro,,,,,,,,,
305,50,6,50,"CantQuSol, l. 50",ert,ert,_,fro,,,,,,,,,
306,50,7,50,"CantQuSol, l. 50",de,de,+,fro,,,,,,,,,
307,50,8,50,"CantQuSol, l. 50",bel,bel,_,fro,,,,,,,,,
308,50,9,50,"CantQuSol, l. 50",seruiset,serviset,|,fro,,,,,,,,</l>,
309,51,1,51,"CantQuSol, l. 51",si,si,_,fro,,,,,,,,,<l n=&quot;51&quot;>
310,51,2,51,"CantQuSol, l. 51",amet,amet,_,fro,,,,,,,,,
311,51,3,51,"CantQuSol, l. 51",mei,mei,;,fro,,,,,,,,</l></lg>,
312,52,1,52,"CantQuSol, l. 52",Il,il,+,fro,,,,,,,,,"<lg n=&quot;18&quot; type=&quot;stanza&quot; met=&quot;decasyllable,tetrasyllable&quot; rhyme=&quot;aab&quot;><l n=&quot;52&quot;>"
313,52,2,52,"CantQuSol, l. 52",li,li,+,fro,,,,,,,,,
314,52,3,52,"CantQuSol, l. 52",plantatz,plantatz,|,fro,,,,,,,,,
315,52,4,52,"CantQuSol, l. 52",une,une,_,fro,,,,,,,,,
316,52,5,52,"CantQuSol, l. 52",uine,vine,_,fro,,,,,,,,,
317,52,6,52,"CantQuSol, l. 52",molt,molt,_,fro,,,,,,,,,
318,52,7,52,"CantQuSol, l. 52",dolcelt,dolcelt,_,fro,,,,,,,,</l>,
319,53,1,53,"CantQuSol, l. 53",p[or],por,+,fro,,,,,,,,,<l n=&quot;53&quot;>
320,53,2,53,"CantQuSol, l. 53",ud,ud,|,fro,,,,,,,,,
321,53,3,53,"CantQuSol, l. 53",ne,ne,_,fro,,,,,,,,,
322,53,4,53,"CantQuSol, l. 53",la,la,_,fro,,,,,,,,,
323,53,5,53,"CantQuSol, l. 53",fist,fist,_,fro,,,,,,,,,
324,53,6,53,"CantQuSol, l. 53",si,si,+,fro,,,,,,,,,
325,53,7,53,"CantQuSol, l. 53",n_n,nn,+,fro,,,,,,,,,
326,53,8,53,"CantQuSol, l. 53",est,est,_,fro,,,,,,,,,
327,53,9,53,"CantQuSol, l. 53",ćádeit,cadeit,_,fro,,,,,,,,,
328,53,10,53,"CantQuSol, l. 53",en,en,+,fro,,,,,,,,,
329,53,11,53,"CantQuSol, l. 53",colped,colped,|,fro,,,,,,,,</l>,
330,54,1,54,"CantQuSol, l. 54",or,or,+,fro,,,,,,,,,<l n=&quot;54&quot;>
331,54,2,54,"CantQuSol, l. 54",est,est,_,fro,,,,,,,,,
332,54,3,54,"CantQuSol, l. 54",amered,amered,;,fro,,,,,,,,</l></lg>,
333,55,1,55,"CantQuSol, l. 55",li,li,+,fro,,,,,,,,,"<lg n=&quot;19&quot; type=&quot;stanza&quot; met=&quot;decasyllable,tetrasyllable&quot; rhyme=&quot;aab&quot;><l n=&quot;55&quot;>"
334,55,2,55,"CantQuSol, l. 55",fil,fil,_,fro,,,,,,,,,
335,55,3,55,"CantQuSol, l. 55",sa,sa,+,fro,,,,,,,,,
336,55,4,55,"CantQuSol, l. 55",mered,mered,_,fro,,,,,,,,,
337,55,5,55,"CantQuSol, l. 55",ne,ne,_,fro,,,,,,,,,
338,55,6,55,"CantQuSol, l. 55",la,la,|,fro,,,,,,,,,
339,55,7,55,"CantQuSol, l. 55",uoldrent,voldrent,_,fro,,,,,,,,,
340,55,8,55,"CantQuSol, l. 55",amert,amert,_,fro,,,,,,,,</l>,
341,56,1,56,"CantQuSol, l. 56",co[m]mandent,commandent,_,fro,,,,,,,,,<l n=&quot;56&quot;>
342,56,2,56,"CantQuSol, l. 56",li,li,|,fro,,,,,,,,,
343,56,3,56,"CantQuSol, l. 56",les,les,_,fro,,,,,,,,,
344,56,4,56,"CantQuSol, l. 56",uin_nes,vinnes,_,fro,,,,,,,,,
345,56,5,56,"CantQuSol, l. 56",a,a,+,fro,,,,,,,,,
346,56,6,56,"CantQuSol, l. 56",guarder,guarder,_,fro,,,,,,,,</l>,
347,57,1,57,"CantQuSol, l. 57",fors,fors,_,fro,,,,,,,,,<l n=&quot;57&quot;>
348,57,2,57,"CantQuSol, l. 57",a,a,+,fro,,,,,,,,,
349,57,3,57,"CantQuSol, l. 57",l,l,+,fro,,,,,,,,,
350,57,4,57,"CantQuSol, l. 57",soleiz,soleiz,;|,fro,,,,,,,,</l></lg>,
351,58,1,58,"CantQuSol, l. 58",Ell,ell,+,fro,,,,,,,,,"<lg n=&quot;20&quot; type=&quot;stanza&quot; met=&quot;decasyllable,tetrasyllable&quot; rhyme=&quot;aab&quot;><l n=&quot;58&quot;>"
352,58,2,58,"CantQuSol, l. 58",est,est,_,fro,,,,,,,,,
353,58,3,58,"CantQuSol, l. 58",nercidet,nercidet,_,fro,,,,,,,,,
354,58,4,58,"CantQuSol, l. 58",perdutz,perdutz,_,fro,,,,,,,,,
355,58,5,58,"CantQuSol, l. 58",adz,adz,_,fro,,,,,,,,,
356,58,6,58,"CantQuSol, l. 58",sa,sa,+,fro,,,,,,,,,
357,58,7,58,"CantQuSol, l. 58",beltez,beltez,|,fro,,,,,,,,</l>,
358,59,1,59,"CantQuSol, l. 59",se,se,_,fro,,,,,,,,,<l n=&quot;59&quot;>
359,59,2,59,"CantQuSol, l. 59",par,par,_,fro,,,,,,,,,
360,59,3,59,"CantQuSol, l. 59",mei,mei,_,fro,,,,,,,,,
361,59,4,59,"CantQuSol, l. 59",non,non,_,fro,,,,,,,,,
362,59,5,59,"CantQuSol, l. 59",íá,ja,_,fro,,,,,,,,,
363,59,6,59,"CantQuSol, l. 59",maisz,maisz,_,fro,,,,,,,,,
364,59,7,59,"CantQuSol, l. 59",n,n,+,fro,,,,,,,,,
365,59,8,59,"CantQuSol, l. 59",aurat,aurat,|,fro,,,,,,,,,
366,59,9,59,"CantQuSol, l. 59",clartez,clartez,_,fro,,,,,,,,</l>,
367,60,1,60,"CantQuSol, l. 60",de,de,+,fro,,,,,,,,,<l n=&quot;60&quot;>
368,60,2,60,"CantQuSol, l. 60",mon,mon,_,fro,,,,,,,,,
369,60,3,60,"CantQuSol, l. 60",ami,ami,;,fro,,,,,,,,</l></lg>,
370,61,1,61,"CantQuSol, l. 61",Ainz,ainz,_,fro,,,,,,,,,"<lg n=&quot;21&quot; type=&quot;stanza&quot; met=&quot;decasyllable,tetrasyllable&quot; rhyme=&quot;aab&quot;><l n=&quot;61&quot;>"
371,61,2,61,"CantQuSol, l. 61",q[ue],que,_,fro,,,,,,,,,
372,61,3,61,"CantQuSol, l. 61",nuls,nuls,+,fro,,,,,,,,,
373,61,4,61,"CantQuSol, l. 61",o[m],om,|,fro,,,,,,,,,
374,61,5,61,"CantQuSol, l. 61",soust,soust,_,fro,,,,,,,,,
375,61,6,61,"CantQuSol, l. 61",de,de,+,fro,,,,,,,,,
376,61,7,61,"CantQuSol, l. 61",nostre,nostre,_,fro,,,,,,,,,
377,61,8,61,"CantQuSol, l. 61",amor,amor,_,fro,,,,,,,,</l>,
378,62,1,62,"CantQuSol, l. 62",li,li,+,fro,,,,,,,,,<l n=&quot;62&quot;>
379,62,2,62,"CantQuSol, l. 62",miensz,miensz,_,fro,,,,,,,,,
380,62,3,62,"CantQuSol, l. 62",amis,amis,|,fro,,,,,,,,,
381,62,4,62,"CantQuSol, l. 62",me,me,+,fro,,,,,,,,,
382,62,5,62,"CantQuSol, l. 62",fist,fist,_,fro,,,,,,,,,
383,62,6,62,"CantQuSol, l. 62",molt,molt,_,fro,,,,,,,,,
384,62,7,62,"CantQuSol, l. 62",grant,grant,_,fro,,,,,,,,,
385,62,8,62,"CantQuSol, l. 62",en_nor,ennor,_,fro,,,,,,,,</l>,
386,63,1,63,"CantQuSol, l. 63",a,a,+,fro,,,,,,,,,<l n=&quot;63&quot;>
387,63,2,63,"CantQuSol, l. 63",l,l,+,fro,,,,,,,,,
388,63,3,63,"CantQuSol, l. 63",tems,tems,|,fro,,,,,,,,,
389,63,4,63,"CantQuSol, l. 63",noe,noe,:,fro,,,,,,,,</l></lg>,
390,64,1,64,"CantQuSol, l. 64",Danz,danz,_,fro,,,,,,,,,"<lg n=&quot;22&quot; type=&quot;stanza&quot; met=&quot;decasyllable,tetrasyllable&quot; rhyme=&quot;aab&quot;><l n=&quot;64&quot;>"
391,64,2,64,"CantQuSol, l. 64",abraham,abraham,_,fro,,,,,,,,,
392,64,3,64,"CantQuSol, l. 64",en,en,+,fro,,,,,,,,,
393,64,4,64,"CantQuSol, l. 64",fud,fud,_,fro,,,,,,,,,
394,64,5,64,"CantQuSol, l. 64",pre|mierz,premierz,_,fro,,,,,,,,,
395,64,6,64,"CantQuSol, l. 64",messaget,messaget,_,fro,,,,,,,,</l>,
396,65,1,65,"CantQuSol, l. 65",luidment,luidment,_,fro,,,,,,,,,<l n=&quot;65&quot;>
397,65,2,65,"CantQuSol, l. 65",ueiad,veiad,|,fro,,,,,,,,,
398,65,3,65,"CantQuSol, l. 65",por,por,+,fro,,,,,,,,,
399,65,4,65,"CantQuSol, l. 65",ćó,co,_,fro,,,,,,,,,
400,65,5,65,"CantQuSol, l. 65",qu,qu,+,fro,,,,,,,,,
401,65,6,65,"CantQuSol, l. 65",il,il,_,fro,,,,,,,,,
402,65,7,65,"CantQuSol, l. 65",ert,ert,_,fro,,,,,,,,,
403,65,8,65,"CantQuSol, l. 65",pl[us],plus,_,fro,,,,,,,,,
404,65,9,65,"CantQuSol, l. 65",saiues,saives,_,fro,,,,,,,,</l>,
405,66,1,66,"CantQuSol, l. 66",[et],et,_,fro,,,,,,,,,<l n=&quot;66&quot;>
406,66,2,66,"CantQuSol, l. 66",de,de,+,fro,,,,,,,,,
407,66,3,66,"CantQuSol, l. 66",grant,grant,|,fro,,,,,,,,,
408,66,4,66,"CantQuSol, l. 66",fei,fei,;,fro,,,,,,,,</l></lg>,
409,67,1,67,"CantQuSol, l. 67",Issac,issac,_,fro,,,,,,,,,"<lg n=&quot;23&quot; type=&quot;stanza&quot; met=&quot;decasyllable,tetrasyllable&quot; rhyme=&quot;aab&quot;><l n=&quot;67&quot;>"
410,67,2,67,"CantQuSol, l. 67",i,i,+,fro,,,,,,,,,
411,67,3,67,"CantQuSol, l. 67",uint,vint,_,fro,,,,,,,,,
412,67,4,67,"CantQuSol, l. 67",iacob,jacob,_,fro,,,,,,,,,
413,67,5,67,"CantQuSol, l. 67",[et],et,_,fro,,,,,,,,,
414,67,6,67,"CantQuSol, l. 67",danz,danz,|,fro,,,,,,,,,
415,67,7,67,"CantQuSol, l. 67",iosep,josep,_,fro,,,,,,,,</l>,
416,68,1,68,"CantQuSol, l. 68",pois,pois,_,fro,,,,,,,,,<l n=&quot;68&quot;>
417,68,2,68,"CantQuSol, l. 68",moisen,moisen,_,fro,,,,,,,,,
418,68,3,68,"CantQuSol, l. 68",[et],et,_,fro,,,,,,,,,
419,68,4,68,"CantQuSol, l. 68",danz,danz,_,fro,,,,,,,,,
420,68,5,68,"CantQuSol, l. 68",abinma|lec,abinmalec,_,fro,,,,,,,,</l>,
421,69,1,69,"CantQuSol, l. 69",[et],et,_,fro,,,,,,,,,<l n=&quot;69&quot;>
422,69,2,69,"CantQuSol, l. 69",samuel,samuel,;,fro,,,,,,,,</l></lg>,
423,70,1,70,"CantQuSol, l. 70",De,de,+,fro,,,,,,,,,"<lg n=&quot;24&quot; type=&quot;stanza&quot; met=&quot;decasyllable,tetrasyllable&quot; rhyme=&quot;aab&quot;><l n=&quot;70&quot;>"
424,70,2,70,"CantQuSol, l. 70",l,l,+,fro,,,,,,,,,
425,70,3,70,"CantQuSol, l. 70",quart,quart,_,fro,,,,,,,,,
426,70,4,70,"CantQuSol, l. 70",ede,ede,_,fro,,,,,,,,,
427,70,5,70,"CantQuSol, l. 70",pois,pois,|,fro,,,,,,,,,
428,70,6,70,"CantQuSol, l. 70",i,i,+,fro,,,,,,,,,
429,70,7,70,"CantQuSol, l. 70",uint,vint,_,fro,,,,,,,,,
430,70,8,70,"CantQuSol, l. 70",reiz,reiz,_,fro,,,,,,,,,
431,70,9,70,"CantQuSol, l. 70",dauid,david,_,fro,,,,,,,,</l>,
432,71,1,71,"CantQuSol, l. 71",[et],et,_,fro,,,,,,,,,<l n=&quot;71&quot;>
433,71,2,71,"CantQuSol, l. 71",salamon,salamon,_,fro,,,,,,,,,
434,71,3,71,"CantQuSol, l. 71",[et],et,_,fro,,,,,,,,,
435,71,4,71,"CantQuSol, l. 71",roboam,roboam,|,fro,,,,,,,,,
436,71,5,71,"CantQuSol, l. 71",ses,ses,_,fro,,,,,,,,,
437,71,6,71,"CantQuSol, l. 71",fiz,fiz,_,fro,,,,,,,,</l>,
438,72,1,72,"CantQuSol, l. 72",[et],et,_,fro,,,,,,,,,<l n=&quot;72&quot;>
439,72,2,72,"CantQuSol, l. 72",abia,abia,;,fro,,,,,,,,</l></lg>,
440,73,1,73,"CantQuSol, l. 73",[Et],et,_,fro,,,,,,,,,"<lg n=&quot;25&quot; type=&quot;stanza&quot; met=&quot;decasyllable,tetrasyllable&quot; rhyme=&quot;aab&quot;><l n=&quot;73&quot;>"
441,73,2,73,"CantQuSol, l. 73",ab,ab,_,fro,,,,,,,,,
442,73,3,73,"CantQuSol, l. 73",i,i,_,fro,,,,,,,,,
443,73,4,73,"CantQuSol, l. 73",uint,vint,_,fro,,,,,,,,,
444,73,5,73,"CantQuSol, l. 73",issias,issias,_,fro,,,,,,,,,
445,73,6,73,"CantQuSol, l. 73",amos,amos,|,fro,,,,,,,,</l>,
446,74,1,74,"CantQuSol, l. 74",ieu,jeu,+,fro,,,,,,,,,<l n=&quot;74&quot;>
447,74,2,74,"CantQuSol, l. 74",ioel,joel,_,fro,,,,,,,,,
448,74,3,74,"CantQuSol, l. 74",[et],et,_,fro,,,,,,,,,
449,74,4,74,"CantQuSol, l. 74",dam,dam,_,fro,,,,,,,,,
450,74,5,74,"CantQuSol, l. 74",azarias,azarias,_,fro,,,,,,,,</l>,
451,75,1,75,"CantQuSol, l. 75",[et],et,_,fro,,,,,,,,,<l n=&quot;75&quot;>
452,75,2,75,"CantQuSol, l. 75",io_atam,joatam,;|,fro,,,,,,,,</l></lg>,
453,76,1,76,"CantQuSol, l. 76",Achaz,achaz,_,fro,,,,,,,,,"<lg n=&quot;26&quot; type=&quot;stanza&quot; met=&quot;decasyllable,tetrasyllable&quot; rhyme=&quot;aab&quot;><l n=&quot;76&quot;>"
454,76,2,76,"CantQuSol, l. 76",i,i,_,fro,,,,,,,,,
455,76,3,76,"CantQuSol, l. 76",uint,vint,_,fro,,,,,,,,,
456,76,4,76,"CantQuSol, l. 76",adunc,adunc,_,fro,,,,,,,,,
457,76,5,76,"CantQuSol, l. 76",fud,fud,_,fro,,,,,,,,,
458,76,6,76,"CantQuSol, l. 76",faitet,faitet,|,fro,,,,,,,,,
459,76,7,76,"CantQuSol, l. 76",rome,rome,_,fro,,,,,,,,</l>,
460,77,1,77,"CantQuSol, l. 77",quel,quel,_,fro,,,,,,,,,<l n=&quot;77&quot;>
461,77,2,77,"CantQuSol, l. 77",part,part,_,fro,,,,,,,,,
462,77,3,77,"CantQuSol, l. 77",q[ue],que,_,fro,,,,,,,,,
463,77,4,77,"CantQuSol, l. 77",alget,alget,_,fro,,,,,,,,,
464,77,5,77,"CantQuSol, l. 77",iluoc,iluoc,_,fro,,,,,,,,,
465,77,6,77,"CantQuSol, l. 77",[est],est,|,fro,,,,,,,,,
466,77,7,77,"CantQuSol, l. 77",ma,ma,+,fro,,,,,,,,,
467,77,8,77,"CantQuSol, l. 77",coronet,coronet,_,fro,,,,,,,,</l>,
468,78,1,78,"CantQuSol, l. 78",[et],et,_,fro,,,,,,,,,<l n=&quot;78&quot;>
469,78,2,78,"CantQuSol, l. 78",mes,mes,_,fro,,,,,,,,,
470,78,3,78,"CantQuSol, l. 78",tresors,tresors,;,fro,,,,,,,,</l></lg>,
471,79,1,79,"CantQuSol, l. 79",Ezelcias,ezelcias,|,fro,,,,,,,,,"<lg n=&quot;27&quot; type=&quot;stanza&quot; met=&quot;decasyllable,tetrasyllable&quot; rhyme=&quot;aab&quot;><l n=&quot;79&quot;>"
472,79,2,79,"CantQuSol, l. 79",manases,manases,_,fro,,,,,,,,,
473,79,3,79,"CantQuSol, l. 79",iosias,josias,_,fro,,,,,,,,</l>,
474,80,1,80,"CantQuSol, l. 80",[et],et,_,fro,,,,,,,,,<l n=&quot;80&quot;>
475,80,2,80,"CantQuSol, l. 80",ioa_chim,joachim,_,fro,,,,,,,,,
476,80,3,80,"CantQuSol, l. 80",[et],et,_,fro,,,,,,,,,
477,80,4,80,"CantQuSol, l. 80",dam,dam,|,fro,,,,,,,,,
478,80,5,80,"CantQuSol, l. 80",nazarias,nazarias,_,fro,,,,,,,,</l>,
479,81,1,81,"CantQuSol, l. 81",de,de,+,fro,,,,,,,,,<l n=&quot;81&quot;>
480,81,2,81,"CantQuSol, l. 81",l,l,+,fro,,,,,,,,,
481,81,3,81,"CantQuSol, l. 81",quart,quart,_,fro,,,,,,,,,
482,81,4,81,"CantQuSol, l. 81",ede,ede,;,fro,,,,,,,,</l></lg>,
483,82,1,82,"CantQuSol, l. 82",De,de,+,fro,,,,,,,,,"<lg n=&quot;28&quot; type=&quot;stanza&quot; met=&quot;decasyllable,tetrasyllable&quot; rhyme=&quot;aab&quot;><l n=&quot;82&quot;>"
484,82,2,82,"CantQuSol, l. 82",l,l,+,fro,,,,,,,,,
485,82,3,82,"CantQuSol, l. 82",quint,quint,|,fro,,,,,,,,,
486,82,4,82,"CantQuSol, l. 82",ede,ede,_,fro,,,,,,,,,
487,82,5,82,"CantQuSol, l. 82",i,i,_,fro,,,,,,,,,
488,82,6,82,"CantQuSol, l. 82",uint,vint,_,fro,,,,,,,,,
489,82,7,82,"CantQuSol, l. 82",ananias,ananias,_,fro,,,,,,,,</l>,
490,83,1,83,"CantQuSol, l. 83",ę,e,+,fro,,,,,,,,,<l n=&quot;83&quot;>
491,83,2,83,"CantQuSol, l. 83",misael,misael,|,fro,,,,,,,,,
492,83,3,83,"CantQuSol, l. 83",[et],et,_,fro,,,,,,,,,
493,83,4,83,"CantQuSol, l. 83",dam,dam,_,fro,,,,,,,,,
494,83,5,83,"CantQuSol, l. 83",zacharias,zacharias,_,fro,,,,,,,,</l>,
495,84,1,84,"CantQuSol, l. 84",[et],et,_,fro,,,,,,,,,<l n=&quot;84&quot;>
496,84,2,84,"CantQuSol, l. 84",pl[us]sors,plussors,_,fro,,,,,,,,,
497,84,3,84,"CantQuSol, l. 84",altresz,altresz,;|,fro,,,,,,,,</l></lg>,
498,85,1,85,"CantQuSol, l. 85",Enpres,enpres,_,fro,,,,,,,,,"<lg n=&quot;29&quot; type=&quot;stanza&quot; met=&quot;decasyllable,tetrasyllable&quot; rhyme=&quot;aab&quot;><l n=&quot;85&quot;>"
499,85,2,85,"CantQuSol, l. 85",icelsz,icelsz,_,fro,,,,,,,,,
500,85,3,85,"CantQuSol, l. 85",[et],et,_,fro,,,,,,,,,
501,85,4,85,"CantQuSol, l. 85",molt,molt,_,fro,,,,,,,,,
502,85,5,85,"CantQuSol, l. 85",altres,altres,_,fro,,,,,,,,,
503,85,6,85,"CantQuSol, l. 85",barunsz,barunsz,|,fro,,,,,,,,</l>,
504,86,1,86,"CantQuSol, l. 86",par,par,+,fro,,,,,,,,,<l n=&quot;86&quot;>
505,86,2,86,"CantQuSol, l. 86",cui,cui,_,fro,,,,,,,,,
506,86,3,86,"CantQuSol, l. 86",mi,mi,+,fro,,,,,,,,,
507,86,4,86,"CantQuSol, l. 86",siret,siret,_,fro,,,,,,,,,
508,86,5,86,"CantQuSol, l. 86",mei,mei,+,fro,,,,,,,,,
509,86,6,86,"CantQuSol, l. 86",m,m,+,fro,,,,,,,,,
510,86,7,86,"CantQuSol, l. 86",adatz,adatz,|,fro,,,,,,,,,
511,86,8,86,"CantQuSol, l. 86",sa,sa,+,fro,,,,,,,,,
512,86,9,86,"CantQuSol, l. 86",raisum,raisum,_,fro,,,,,,,,</l>,
513,87,1,87,"CantQuSol, l. 87",mei,mei,_,fro,,,,,,,,,<l n=&quot;87&quot;>
514,87,2,87,"CantQuSol, l. 87",uult,vult,_,fro,,,,,,,,,
515,87,3,87,"CantQuSol, l. 87",aueir,aveir,;,fro,,,,,,,,</l></lg>,
516,88,1,88,"CantQuSol, l. 88",Il,il,|,fro,,,,,,,,,"<lg n=&quot;30&quot; type=&quot;stanza&quot; met=&quot;decasyllable,tetrasyllable&quot; rhyme=&quot;aab&quot;><l n=&quot;88&quot;>"
517,88,2,88,"CantQuSol, l. 88",enueiad,enveiad,_,fro,,,,,,,,,
518,88,3,88,"CantQuSol, l. 88",sun,sun,_,fro,,,,,,,,,
519,88,4,88,"CantQuSol, l. 88",angret,angret,_,fro,,,,,,,,,
520,88,5,88,"CantQuSol, l. 88",a,a,+,fro,,,,,,,,,
521,88,6,88,"CantQuSol, l. 88",la,la,+,fro,,,,,,,,,
522,88,7,88,"CantQuSol, l. 88",pucele,pucele,|,fro,,,,,,,,</l>,
523,89,1,89,"CantQuSol, l. 89",chi,chi,+,fro,,,,,,,,,<l n=&quot;89&quot;>
524,89,2,89,"CantQuSol, l. 89",l,l,+,fro,,,,,,,,,
525,89,3,89,"CantQuSol, l. 89",a,a,+,fro,,,,,,,,,
526,89,4,89,"CantQuSol, l. 89",saluet,saluet,_,fro,,,,,,,,,
527,89,5,89,"CantQuSol, l. 89",d,d,+,fro,,,,,,,,,
528,89,6,89,"CantQuSol, l. 89",une,une,_,fro,,,,,,,,,
529,89,7,89,"CantQuSol, l. 89",saludz,saludz,_,fro,,,,,,,,,
530,89,8,89,"CantQuSol, l. 89",nouelet,novelet,|,fro,,,,,,,,</l>,
531,90,1,90,"CantQuSol, l. 90",en,en,+,fro,,,,,,,,,<l n=&quot;90&quot;>
532,90,2,90,"CantQuSol, l. 90",nazareh,nazareh,;|,fro,,,,,,,,</l></lg></body></text>,
